ts_utc,game_id,game_name,viewers,channels,avg_viewers,median_viewers,top1_viewers,top1_share,viewers_hors_top3,channels_hors_top3,avg_hors_top3,channels_lt10
2026-09-18T00:12:36+00:00,30921,Rocket League,33086,66,501.3,2.0,10333,0.312,9697,63,153.9,53
2026-09-18T00:12:36+00:00,32982,Grand Theft Auto V,28568,291,98.2,5,12496,0.437,12487,288,43.4,186
2026-09-18T00:12:36+00:00,123184772,EA Sports FC 27,13065,503,26.0,1,3923,0.3,6289,500,12.6,462
2026-09-18T00:12:36+00:00,509658,Just Chatting,9248,148,62.5,7.0,2932,0.317,4751,145,32.8,84
2026-09-18T00:12:36+00:00,21779,League of Legends,4090,85,48.1,3,1319,0.322,1735,82,21.2,63
2026-09-18T00:12:36+00:00,516575,VALORANT,3128,199,15.7,2,1196,0.382,1348,196,6.9,169
2026-09-18T00:12:36+00:00,1763263,nanos world,2108,34,62.0,5.0,683,0.324,686,31,22.1,22
2026-09-18T00:12:36+00:00,1503830969,Sniper Dan,1805,1,1805.0,1805,1805,1.0,0,0,0,0
2026-09-18T00:12:36+00:00,1267582829,Aniimo,1484,169,8.8,2,188,0.127,1039,166,6.3,148
2026-09-18T00:12:36+00:00,75101830,Marvel's Wolverine,1442,49,29.4,1,633,0.439,179,46,3.9,41
2026-09-18T00:12:36+00:00,512710,Call of Duty: Warzone,1421,61,23.3,2,715,0.503,425,58,7.3,55
2026-09-18T00:12:36+00:00,18122,World of Warcraft,1263,86,14.7,2.0,540,0.428,540,83,6.5,69
2026-09-18T00:12:36+00:00,490744,Stardew Valley,1018,1,1018.0,1018,1018,1.0,0,0,0,0
2026-09-18T00:12:36+00:00,499973,Always On,939,21,44.7,1,468,0.498,196,18,10.9,15
2026-09-18T00:12:36+00:00,505045,DOFUS Touch,898,9,99.8,5,642,0.715,26,6,4.3,6
2026-09-18T00:12:36+00:00,743893402,WARDOGS,866,73,11.9,3,234,0.27,495,70,7.1,52
2026-09-18T00:12:36+00:00,33214,Fortnite,760,104,7.3,1.0,186,0.245,389,101,3.9,91
2026-09-18T00:12:36+00:00,743,Chess,759,5,151.8,13,712,0.938,8,2,4.0,2
2026-09-18T00:12:36+00:00,498566,Slots,747,9,83.0,39,258,0.345,179,6,29.8,1
2026-09-18T00:12:36+00:00,17828,The Legend of Zelda: Twilight Princess,672,2,336.0,336.0,670,0.997,0,0,0,1
2026-09-18T00:12:36+00:00,263490,Rust,646,16,40.4,3.5,246,0.381,75,13,5.8,10
2026-09-18T00:12:36+00:00,18846,Garry's Mod,619,13,47.6,32,276,0.446,178,10,17.8,6
2026-09-18T00:12:36+00:00,2012789438,Call of Duty: Black Ops 7,585,15,39.0,2,430,0.735,28,12,2.3,12
2026-09-18T00:12:36+00:00,508455,Valheim,579,33,17.5,5,283,0.489,203,30,6.8,22
2026-09-18T00:12:36+00:00,1669431183,DJs,572,6,95.3,14.0,457,0.799,14,3,4.7,2
2026-09-18T00:12:36+00:00,509672,IRL,564,9,62.7,10,196,0.348,86,6,14.3,4
2026-09-18T00:12:36+00:00,509663,Special Events,544,7,77.7,41,349,0.642,65,4,16.2,2
2026-09-18T00:12:36+00:00,138585,Hearthstone,443,7,63.3,1,433,0.977,3,4,0.8,6
2026-09-18T00:12:36+00:00,417892,Z1: Battle Royale,424,17,24.9,16,97,0.229,165,14,11.8,8
2026-09-18T00:12:36+00:00,513143,Teamfight Tactics,381,13,29.3,4,311,0.816,32,10,3.2,10
2026-09-18T00:12:36+00:00,32399,Counter-Strike,360,22,16.4,2.0,231,0.642,76,19,4.0,16
2026-09-18T00:12:36+00:00,490377,Sea of Thieves,336,10,33.6,2.5,286,0.851,13,7,1.9,8
2026-09-18T00:12:36+00:00,417528,Albion Online,331,7,47.3,12,274,0.828,19,4,4.8,3
2026-09-18T00:12:36+00:00,20596,Dofus,325,17,19.1,6,146,0.449,104,14,7.4,10
2026-09-18T00:12:36+00:00,491487,Dead by Daylight,313,48,6.5,3.0,44,0.141,214,45,4.8,40
2026-09-18T00:12:36+00:00,1050003477,The Elder Scrolls V: Skyrim - Special Edition,294,11,26.7,7,138,0.469,42,8,5.2,7
2026-09-18T00:12:36+00:00,1357871551,The Blood of Dawnwalker,271,15,18.1,2,168,0.62,30,12,2.5,12
2026-09-18T00:12:36+00:00,518203,Sports,267,3,89.0,27,223,0.835,0,0,0,0
2026-09-18T00:12:36+00:00,27471,Minecraft,242,47,5.1,2,67,0.277,113,44,2.6,44
2026-09-18T00:12:36+00:00,27284,Retro,235,11,21.4,12,90,0.383,85,8,10.6,5
2026-09-18T00:12:36+00:00,0,Sans catégorie,215,71,3.0,1,43,0.2,117,68,1.7,67
2026-09-18T00:12:36+00:00,491931,Escape from Tarkov,208,9,23.1,2,173,0.832,13,6,2.2,7
2026-09-18T00:12:36+00:00,493959,Red Dead Redemption II,198,16,12.4,4.0,127,0.641,48,13,3.7,13
2026-09-18T00:12:36+00:00,1414860634,The Binding of Isaac: Repentance,180,3,60.0,30,133,0.739,0,0,0,0
2026-09-18T00:12:36+00:00,515025,Overwatch,177,26,6.8,4.0,43,0.243,97,23,4.2,21
2026-09-18T00:12:36+00:00,55,Baldur's Gate,176,1,176.0,176,176,1.0,0,0,0,0
2026-09-18T00:12:36+00:00,8645,Resident Evil 2,163,4,40.8,15.5,131,0.804,1,1,1.0,2
2026-09-18T00:12:36+00:00,209738946,Wuthering Waves,155,5,31.0,8,95,0.613,4,2,2.0,3
2026-09-18T00:12:36+00:00,779192097,Fire Emblem: Fortune's Weave,149,14,10.6,4.0,78,0.523,40,11,3.6,11
2026-09-18T00:12:36+00:00,1848745913,Battlefield REDSEC,138,1,138.0,138,138,1.0,0,0,0,0
2026-09-18T00:12:36+00:00,401587136,Arena Breakout: Infinite,135,4,33.8,15.0,104,0.77,1,1,1.0,2
2026-09-18T00:12:36+00:00,511224,Apex Legends,135,31,4.4,2,28,0.207,81,28,2.9,27
2026-09-18T00:12:36+00:00,71375,Star Citizen,131,4,32.8,5.5,120,0.916,0,1,0.0,3
2026-09-18T00:12:36+00:00,1282866981,Delta Force,126,11,11.5,2,81,0.643,14,8,1.8,9
2026-09-18T00:12:36+00:00,490655,Pokémon GO,123,3,41.0,51,71,0.577,0,0,0,1
2026-09-18T00:12:36+00:00,26936,Music,123,7,17.6,6,50,0.407,10,4,2.5,4
2026-09-18T00:12:36+00:00,498592,I'm Only Sleeping,117,3,39.0,17,88,0.752,0,0,0,0
2026-09-18T00:12:36+00:00,1264310518,Marvel Rivals,113,15,7.5,3,54,0.478,28,12,2.3,13
2026-09-18T00:12:36+00:00,624536948,EA Sports FC 26,113,32,3.5,1.0,42,0.372,43,29,1.5,30
2026-09-18T00:42:34+00:00,30921,Rocket League,27795,64,434.3,2.0,9046,0.325,8347,61,136.8,52
2026-09-18T00:42:34+00:00,32982,Grand Theft Auto V,25139,234,107.4,5.0,11157,0.444,10647,231,46.1,154
2026-09-18T00:42:34+00:00,509658,Just Chatting,9052,137,66.1,8,2413,0.267,4285,134,32.0,73
2026-09-18T00:42:34+00:00,123184772,EA Sports FC 27,8053,416,19.4,1.0,1686,0.209,4832,413,11.7,381
2026-09-18T00:42:34+00:00,21779,League of Legends,3254,68,47.9,2.0,1179,0.362,1219,65,18.8,49
2026-09-18T00:42:34+00:00,516575,VALORANT,2910,172,16.9,2.0,1296,0.445,1010,169,6.0,148
2026-09-18T00:42:34+00:00,1763263,nanos world,1852,29,63.9,5,667,0.36,469,26,18.0,19
2026-09-18T00:42:34+00:00,1267582829,Aniimo,1343,149,9.0,2,175,0.13,906,146,6.2,128
2026-09-18T00:42:34+00:00,75101830,Marvel's Wolverine,1340,32,41.9,1.0,632,0.472,98,29,3.4,27
2026-09-18T00:42:34+00:00,18122,World of Warcraft,1236,74,16.7,2.0,554,0.448,503,71,7.1,60
2026-09-18T00:42:34+00:00,512710,Call of Duty: Warzone,1183,50,23.7,2.0,669,0.566,231,47,4.9,44
2026-09-18T00:42:34+00:00,490744,Stardew Valley,935,1,935.0,935,935,1.0,0,0,0,0
2026-09-18T00:42:34+00:00,505045,DOFUS Touch,865,9,96.1,5,621,0.718,26,6,4.3,5
2026-09-18T00:42:34+00:00,499973,Always On,766,18,42.6,1.0,434,0.567,81,15,5.4,14
2026-09-18T00:42:34+00:00,33214,Fortnite,717,87,8.2,1,212,0.296,348,84,4.1,77
2026-09-18T00:42:34+00:00,743893402,WARDOGS,698,59,11.8,2,200,0.287,328,56,5.9,44
2026-09-18T00:42:34+00:00,498566,Slots,672,7,96.0,51,238,0.354,134,4,33.5,1
2026-09-18T00:42:34+00:00,263490,Rust,656,12,54.7,3.5,294,0.448,51,9,5.7,7
2026-09-18T00:42:34+00:00,743,Chess,648,3,216.0,22,625,0.965,0,0,0,1
2026-09-18T00:42:34+00:00,17828,The Legend of Zelda: Twilight Princess,606,3,202.0,8,596,0.983,0,0,0,2
2026-09-18T00:42:34+00:00,1669431183,DJs,566,7,80.9,22,434,0.767,44,4,11.0,2
2026-09-18T00:42:34+00:00,2012789438,Call of Duty: Black Ops 7,550,15,36.7,3,398,0.724,33,12,2.8,11
2026-09-18T00:42:34+00:00,18846,Garry's Mod,547,13,42.1,13,275,0.503,123,10,12.3,6
2026-09-18T00:42:34+00:00,508455,Valheim,529,30,17.6,5.0,258,0.488,176,27,6.5,19
2026-09-18T00:42:34+00:00,509663,Special Events,516,8,64.5,19.0,329,0.638,47,5,9.4,3
2026-09-18T00:42:34+00:00,32399,Counter-Strike,445,20,22.2,1.5,342,0.769,52,17,3.1,16
2026-09-18T00:42:34+00:00,509672,IRL,425,10,42.5,7.5,199,0.468,33,7,4.7,5
2026-09-18T00:42:34+00:00,491487,Dead by Daylight,409,46,8.9,5.0,35,0.086,313,43,7.3,32
2026-09-18T00:42:34+00:00,138585,Hearthstone,393,5,78.6,3,384,0.977,2,2,1.0,4
2026-09-18T00:42:34+00:00,417892,Z1: Battle Royale,368,19,19.4,4,95,0.258,133,16,8.3,11
2026-09-18T00:42:34+00:00,518203,Sports,328,3,109.3,21,303,0.924,0,0,0,1
2026-09-18T00:42:34+00:00,513143,Teamfight Tactics,319,7,45.6,4,290,0.909,11,4,2.8,5
2026-09-18T00:42:34+00:00,20596,Dofus,310,15,20.7,12,131,0.423,105,12,8.8,7
2026-09-18T00:42:34+00:00,490377,Sea of Thieves,297,8,37.1,3.5,243,0.818,9,5,1.8,5
2026-09-18T00:42:34+00:00,1357871551,The Blood of Dawnwalker,289,14,20.6,3.5,165,0.571,46,11,4.2,10
2026-09-18T00:42:34+00:00,417528,Albion Online,283,5,56.6,14,240,0.848,3,2,1.5,2
2026-09-18T00:42:34+00:00,27284,Retro,208,9,23.1,19,87,0.418,67,6,11.2,3
2026-09-18T00:42:34+00:00,27471,Minecraft,207,44,4.7,2.0,38,0.184,120,41,2.9,39
2026-09-18T00:42:34+00:00,491931,Escape from Tarkov,185,9,20.6,1,158,0.854,11,6,1.8,8
2026-09-18T00:42:34+00:00,1414860634,The Binding of Isaac: Repentance,181,3,60.3,33,130,0.718,0,0,0,0
2026-09-18T00:42:34+00:00,55,Baldur's Gate,179,1,179.0,179,179,1.0,0,0,0,0
2026-09-18T00:42:34+00:00,515025,Overwatch,177,23,7.7,5,38,0.215,105,20,5.2,18
2026-09-18T00:42:34+00:00,209738946,Wuthering Waves,168,5,33.6,6,97,0.577,4,2,2.0,3
2026-09-18T00:42:34+00:00,8645,Resident Evil 2,144,3,48.0,29,114,0.792,0,0,0,1
2026-09-18T00:42:34+00:00,779192097,Fire Emblem: Fortune's Weave,144,15,9.6,4,62,0.431,47,12,3.9,10
2026-09-18T00:42:34+00:00,511224,Apex Legends,131,34,3.9,2.0,29,0.221,73,31,2.4,31
2026-09-18T00:42:34+00:00,1050003477,The Elder Scrolls V: Skyrim - Special Edition,130,8,16.2,2.5,73,0.562,7,5,1.4,5
2026-09-18T00:42:34+00:00,0,Sans catégorie,128,58,2.2,1.0,40,0.312,69,55,1.3,56
2026-09-18T00:42:34+00:00,490655,Pokémon GO,122,3,40.7,52,69,0.566,0,0,0,1
2026-09-18T00:42:34+00:00,401587136,Arena Breakout: Infinite,109,4,27.2,12.5,83,0.761,1,1,1.0,2
2026-09-18T00:42:34+00:00,1282866981,Delta Force,107,7,15.3,2,77,0.72,5,4,1.2,5
2026-09-18T01:12:37+00:00,32982,Grand Theft Auto V,21989,192,114.5,5.0,10666,0.485,9084,189,48.1,125
2026-09-18T01:12:37+00:00,123184772,EA Sports FC 27,7890,354,22.3,1.0,1646,0.209,4809,351,13.7,316
2026-09-18T01:12:37+00:00,509658,Just Chatting,7545,124,60.8,7.0,2321,0.308,3690,121,30.5,77
2026-09-18T01:12:37+00:00,30921,Rocket League,4917,44,111.8,2.0,2612,0.531,322,41,7.9,36
2026-09-18T01:12:37+00:00,21779,League of Legends,2627,53,49.6,2,1162,0.442,805,50,16.1,37
2026-09-18T01:12:37+00:00,1267582829,Aniimo,1468,137,10.7,2,252,0.172,900,134,6.7,117
2026-09-18T01:12:37+00:00,516575,VALORANT,1422,137,10.4,2,381,0.268,631,134,4.7,118
2026-09-18T01:12:37+00:00,18122,World of Warcraft,1323,72,18.4,2.0,510,0.385,577,69,8.4,55
2026-09-18T01:12:37+00:00,75101830,Marvel's Wolverine,1249,24,52.0,1.5,626,0.501,68,21,3.2,20
2026-09-18T01:12:37+00:00,1763263,nanos world,1154,8,144.2,31.0,560,0.485,67,5,13.4,3
2026-09-18T01:12:37+00:00,490744,Stardew Valley,889,1,889.0,889,889,1.0,0,0,0,0
2026-09-18T01:12:37+00:00,499973,Always On,879,20,44.0,1.0,438,0.498,183,17,10.8,15
2026-09-18T01:12:37+00:00,505045,DOFUS Touch,837,9,93.0,5,616,0.736,26,6,4.3,6
2026-09-18T01:12:37+00:00,33214,Fortnite,699,85,8.2,2,164,0.235,322,82,3.9,75
2026-09-18T01:12:37+00:00,498566,Slots,691,7,98.7,41,264,0.382,101,4,25.2,1
2026-09-18T01:12:37+00:00,263490,Rust,634,9,70.4,8,306,0.483,34,6,5.7,5
2026-09-18T01:12:37+00:00,743893402,WARDOGS,608,48,12.7,3.0,163,0.268,272,45,6.0,35
2026-09-18T01:12:37+00:00,17828,The Legend of Zelda: Twilight Princess,606,1,606.0,606,606,1.0,0,0,0,0
2026-09-18T01:12:37+00:00,509663,Special Events,575,8,71.9,40.5,329,0.572,109,5,21.8,2
2026-09-18T01:12:37+00:00,508455,Valheim,571,31,18.4,4,240,0.42,182,28,6.5,22
2026-09-18T01:12:37+00:00,512710,Call of Duty: Warzone,567,52,10.9,2.0,206,0.363,148,49,3.0,47
2026-09-18T01:12:37+00:00,2012789438,Call of Duty: Black Ops 7,499,14,35.6,2.5,359,0.719,24,11,2.2,11
2026-09-18T01:12:37+00:00,491487,Dead by Daylight,381,37,10.3,6,37,0.097,281,34,8.3,25
2026-09-18T01:12:37+00:00,32399,Counter-Strike,375,20,18.8,4.0,243,0.648,85,17,5.0,14
2026-09-18T01:12:37+00:00,138585,Hearthstone,374,4,93.5,3.5,366,0.979,1,1,1.0,3
2026-09-18T01:12:37+00:00,509672,IRL,340,8,42.5,7.0,129,0.379,19,5,3.8,5
2026-09-18T01:12:37+00:00,417892,Z1: Battle Royale,323,14,23.1,10.0,85,0.263,101,11,9.2,7
2026-09-18T01:12:37+00:00,490377,Sea of Thieves,305,10,30.5,2.0,230,0.754,13,7,1.9,7
2026-09-18T01:12:37+00:00,20596,Dofus,252,8,31.5,22.0,113,0.448,50,5,10.0,3
2026-09-18T01:12:37+00:00,27471,Minecraft,192,45,4.3,1,32,0.167,114,42,2.7,41
2026-09-18T01:12:37+00:00,1414860634,The Binding of Isaac: Repentance,187,3,62.3,34,136,0.727,0,0,0,0
2026-09-18T01:12:37+00:00,27284,Retro,185,9,20.6,8,98,0.53,42,6,7.0,5
2026-09-18T01:12:37+00:00,515025,Overwatch,173,23,7.5,3,41,0.237,96,20,4.8,16
2026-09-18T01:12:37+00:00,491931,Escape from Tarkov,160,7,22.9,1,148,0.925,4,4,1.0,6
2026-09-18T01:12:37+00:00,417528,Albion Online,147,5,29.4,20,101,0.687,3,2,1.5,2
2026-09-18T01:12:37+00:00,209738946,Wuthering Waves,147,4,36.8,25.0,95,0.646,2,1,2.0,2
2026-09-18T01:12:37+00:00,1357871551,The Blood of Dawnwalker,132,11,12.0,4,54,0.409,18,8,2.2,8
2026-09-18T01:12:37+00:00,490655,Pokémon GO,122,3,40.7,49,72,0.59,0,0,0,1
2026-09-18T01:12:37+00:00,624536948,EA Sports FC 26,110,15,7.3,1,85,0.773,13,12,1.1,14
2026-09-18T01:12:37+00:00,0,Sans catégorie,110,52,2.1,1.0,38,0.345,55,49,1.1,50
2026-09-18T01:12:37+00:00,511224,Apex Legends,110,30,3.7,2.0,29,0.264,59,27,2.2,27
2026-09-18T01:12:37+00:00,779192097,Fire Emblem: Fortune's Weave,108,9,12.0,4,66,0.611,15,6,2.5,7
2026-09-18T01:12:37+00:00,401587136,Arena Breakout: Infinite,102,5,20.4,3,75,0.735,1,2,0.5,3
2026-09-18T01:42:37+00:00,32982,Grand Theft Auto V,19529,151,129.3,6,9810,0.502,7355,148,49.7,86
2026-09-18T01:42:37+00:00,123184772,EA Sports FC 27,6475,294,22.0,1.0,1520,0.235,3417,291,11.7,261
2026-09-18T01:42:37+00:00,509658,Just Chatting,6270,101,62.1,9,2280,0.364,2974,98,30.3,52
2026-09-18T01:42:37+00:00,30921,Rocket League,4483,32,140.1,1.0,2557,0.57,248,29,8.6,27
2026-09-18T01:42:37+00:00,21779,League of Legends,2849,51,55.9,2,1419,0.498,745,48,15.5,34
2026-09-18T01:42:37+00:00,18122,World of Warcraft,1290,68,19.0,2.5,489,0.379,541,65,8.3,52
2026-09-18T01:42:37+00:00,1267582829,Aniimo,1258,115,10.9,2,210,0.167,744,112,6.6,96
2026-09-18T01:42:37+00:00,516575,VALORANT,1200,109,11.0,2,398,0.332,488,106,4.6,96
2026-09-18T01:42:37+00:00,75101830,Marvel's Wolverine,1156,19,60.8,1,633,0.548,44,16,2.8,15
2026-09-18T01:42:37+00:00,490744,Stardew Valley,882,1,882.0,882,882,1.0,0,0,0,0
2026-09-18T01:42:37+00:00,499973,Always On,810,21,38.6,3,404,0.499,173,18,9.6,16
2026-09-18T01:42:37+00:00,1763263,nanos world,736,6,122.7,51.5,320,0.435,93,3,31.0,1
2026-09-18T01:42:37+00:00,498566,Slots,689,7,98.4,41,255,0.37,110,4,27.5,1
2026-09-18T01:42:37+00:00,263490,Rust,639,7,91.3,14,339,0.531,28,4,7.0,2
2026-09-18T01:42:37+00:00,743893402,WARDOGS,621,44,14.1,4.0,179,0.288,296,41,7.2,31
2026-09-18T01:42:37+00:00,17828,The Legend of Zelda: Twilight Princess,597,1,597.0,597,597,1.0,0,0,0,0
2026-09-18T01:42:37+00:00,509663,Special Events,585,8,73.1,33.5,362,0.619,83,5,16.6,2
2026-09-18T01:42:37+00:00,33214,Fortnite,475,65,7.3,1,163,0.343,204,62,3.3,59
2026-09-18T01:42:37+00:00,508455,Valheim,472,22,21.5,3.5,230,0.487,96,19,5.1,16
2026-09-18T01:42:37+00:00,505045,DOFUS Touch,471,7,67.3,5,393,0.834,14,4,3.5,5
2026-09-18T01:42:37+00:00,512710,Call of Duty: Warzone,397,47,8.4,2,119,0.3,159,44,3.6,40
2026-09-18T01:42:37+00:00,491487,Dead by Daylight,394,30,13.1,5.5,87,0.221,218,27,8.1,20
2026-09-18T01:42:37+00:00,138585,Hearthstone,335,5,67.0,1,328,0.979,2,2,1.0,4
2026-09-18T01:42:37+00:00,509672,IRL,294,10,29.4,4.0,121,0.412,20,7,2.9,7
2026-09-18T01:42:37+00:00,490377,Sea of Thieves,278,8,34.8,2.5,226,0.813,8,5,1.6,6
2026-09-18T01:42:37+00:00,417892,Z1: Battle Royale,270,13,20.8,5,80,0.296,68,10,6.8,8
2026-09-18T01:42:37+00:00,20596,Dofus,259,9,28.8,18,115,0.444,67,6,11.2,3
2026-09-18T01:42:37+00:00,27284,Retro,173,8,21.6,17.5,74,0.428,49,5,9.8,3
2026-09-18T01:42:37+00:00,2012789438,Call of Duty: Black Ops 7,171,10,17.1,1.0,125,0.731,9,7,1.3,8
2026-09-18T01:42:37+00:00,518184,Phasmophobia,164,6,27.3,3.5,141,0.86,7,3,2.3,4
2026-09-18T01:42:37+00:00,27471,Minecraft,152,34,4.5,1.0,33,0.217,77,31,2.5,30
2026-09-18T01:42:37+00:00,491931,Escape from Tarkov,149,6,24.8,1.0,144,0.966,3,3,1.0,5
2026-09-18T01:42:37+00:00,55453844,Street Fighter 6,148,3,49.3,11,136,0.919,0,0,0,1
2026-09-18T01:42:37+00:00,515025,Overwatch,142,18,7.9,7.0,32,0.225,80,15,5.3,13
2026-09-18T01:42:37+00:00,417528,Albion Online,128,4,32.0,15.0,96,0.75,2,1,2.0,2
2026-09-18T01:42:37+00:00,490655,Pokémon GO,128,3,42.7,49,78,0.609,0,0,0,1
2026-09-18T01:42:37+00:00,779192097,Fire Emblem: Fortune's Weave,122,8,15.2,5.0,59,0.484,15,5,3.0,5
2026-09-18T01:42:37+00:00,511224,Apex Legends,104,21,5.0,2,31,0.298,46,18,2.6,18
2026-09-18T02:12:36+00:00,32982,Grand Theft Auto V,7917,131,60.4,4,1157,0.146,4963,128,38.8,83
2026-09-18T02:12:36+00:00,516575,VALORANT,7138,89,80.2,2,6179,0.866,436,86,5.1,78
2026-09-18T02:12:36+00:00,123184772,EA Sports FC 27,6727,239,28.1,2,1408,0.209,3686,236,15.6,210
2026-09-18T02:12:36+00:00,30921,Rocket League,3857,35,110.2,2,2287,0.593,227,32,7.1,31
2026-09-18T02:12:36+00:00,509658,Just Chatting,3274,85,38.5,9,500,0.153,2102,82,25.6,44
2026-09-18T02:12:36+00:00,21779,League of Legends,2416,50,48.3,2.5,1212,0.502,524,47,11.1,37
2026-09-18T02:12:36+00:00,18122,World of Warcraft,1236,67,18.4,2,472,0.382,504,64,7.9,52
2026-09-18T02:12:36+00:00,75101830,Marvel's Wolverine,1039,15,69.3,1,631,0.607,11,12,0.9,12
2026-09-18T02:12:36+00:00,1267582829,Aniimo,960,91,10.5,2,184,0.192,511,88,5.8,76
2026-09-18T02:12:36+00:00,499973,Always On,793,19,41.7,1,394,0.497,153,16,9.6,14
2026-09-18T02:12:36+00:00,490744,Stardew Valley,783,1,783.0,783,783,1.0,0,0,0,0
2026-09-18T02:12:36+00:00,498566,Slots,601,5,120.2,103,255,0.424,8,2,4.0,2
2026-09-18T02:12:36+00:00,263490,Rust,600,9,66.7,11,286,0.477,36,6,6.0,4
2026-09-18T02:12:36+00:00,1763263,nanos world,570,3,190.0,228,279,0.489,0,0,0,0
2026-09-18T02:12:36+00:00,743893402,WARDOGS,537,39,13.8,4,172,0.32,221,36,6.1,28
2026-09-18T02:12:36+00:00,508455,Valheim,484,22,22.0,8.0,218,0.45,130,19,6.8,13
2026-09-18T02:12:36+00:00,509663,Special Events,482,7,68.9,19,324,0.672,35,4,8.8,2
2026-09-18T02:12:36+00:00,1669431183,DJs,450,4,112.5,19.5,409,0.909,2,1,2.0,2
2026-09-18T02:12:36+00:00,512710,Call of Duty: Warzone,442,47,9.4,1,131,0.296,140,44,3.2,41
2026-09-18T02:12:36+00:00,33214,Fortnite,385,44,8.8,2.0,154,0.4,127,41,3.1,39
2026-09-18T02:12:36+00:00,491487,Dead by Daylight,335,23,14.6,5,81,0.242,138,20,6.9,16
2026-09-18T02:12:36+00:00,505045,DOFUS Touch,328,4,82.0,2.5,322,0.982,1,1,1.0,3
2026-09-18T02:12:36+00:00,138585,Hearthstone,312,6,52.0,1.5,303,0.971,3,3,1.0,5
2026-09-18T02:12:36+00:00,417892,Z1: Battle Royale,312,12,26.0,13.0,76,0.244,109,9,12.1,6
2026-09-18T02:12:36+00:00,509672,IRL,283,10,28.3,7.5,100,0.353,73,7,10.4,6
2026-09-18T02:12:36+00:00,518184,Phasmophobia,186,5,37.2,4,165,0.887,4,2,2.0,3
2026-09-18T02:12:36+00:00,490377,Sea of Thieves,186,6,31.0,8.5,135,0.726,8,3,2.7,3
2026-09-18T02:12:36+00:00,20596,Dofus,177,8,22.1,17.0,55,0.311,50,5,10.0,2
2026-09-18T02:12:36+00:00,491931,Escape from Tarkov,170,6,28.3,1.0,165,0.971,3,3,1.0,5
2026-09-18T02:12:36+00:00,327598602,Onimusha: Way of the Sword,163,9,18.1,1,150,0.92,6,6,1.0,8
2026-09-18T02:12:36+00:00,27284,Retro,152,8,19.0,12.5,65,0.428,36,5,7.2,4
2026-09-18T02:12:36+00:00,2012789438,Call of Duty: Black Ops 7,131,10,13.1,1.0,96,0.733,8,7,1.1,8
2026-09-18T02:12:36+00:00,779192097,Fire Emblem: Fortune's Weave,127,8,15.9,13.0,49,0.386,32,5,6.4,4
2026-09-18T02:12:36+00:00,27471,Minecraft,127,32,4.0,1.0,29,0.228,60,29,2.1,29
2026-09-18T02:12:36+00:00,490655,Pokémon GO,125,3,41.7,49,75,0.6,0,0,0,1
2026-09-18T02:12:36+00:00,417528,Albion Online,119,3,39.7,27,90,0.756,0,0,0,1
2026-09-18T02:12:36+00:00,460630,Rainbow Six Siege,119,19,6.3,3,32,0.269,49,16,3.1,15
2026-09-18T02:12:36+00:00,515025,Overwatch,111,9,12.3,11,29,0.261,43,6,7.2,3
2026-09-18T02:12:36+00:00,498592,I'm Only Sleeping,110,5,22.0,14,54,0.491,11,2,5.5,2
2026-09-18T02:12:36+00:00,55453844,Street Fighter 6,105,3,35.0,11,93,0.886,0,0,0,1
2026-09-18T02:12:36+00:00,511224,Apex Legends,102,22,4.6,3.0,26,0.255,54,19,2.8,20
2026-09-18T02:42:42+00:00,516575,VALORANT,6269,80,78.4,2.0,5222,0.833,560,77,7.3,66
2026-09-18T02:42:42+00:00,123184772,EA Sports FC 27,4871,188,25.9,1.0,1296,0.266,2327,185,12.6,163
2026-09-18T02:42:42+00:00,32982,Grand Theft Auto V,4700,99,47.5,4,966,0.206,2312,96,24.1,63
2026-09-18T02:42:42+00:00,30921,Rocket League,3715,28,132.7,2.0,2348,0.632,201,25,8.0,21
2026-09-18T02:42:42+00:00,509658,Just Chatting,2600,67,38.8,9,448,0.172,1758,64,27.5,34
2026-09-18T02:42:42+00:00,21779,League of Legends,1480,38,38.9,2.0,438,0.296,435,35,12.4,27
2026-09-18T02:42:42+00:00,18122,World of Warcraft,1171,51,23.0,3,473,0.404,435,48,9.1,38
2026-09-18T02:42:42+00:00,75101830,Marvel's Wolverine,1004,13,77.2,1,635,0.632,20,10,2.0,9
2026-09-18T02:42:42+00:00,499973,Always On,780,22,35.5,3.5,371,0.476,173,19,9.1,17
2026-09-18T02:42:42+00:00,1267582829,Aniimo,772,79,9.8,2,173,0.224,388,76,5.1,63
2026-09-18T02:42:42+00:00,490744,Stardew Valley,702,1,702.0,702,702,1.0,0,0,0,0
2026-09-18T02:42:42+00:00,498566,Slots,668,5,133.6,87,253,0.379,89,2,44.5,1
2026-09-18T02:42:42+00:00,1669431183,DJs,521,4,130.2,21.5,476,0.914,2,1,2.0,1
2026-09-18T02:42:42+00:00,512710,Call of Duty: Warzone,516,42,12.3,2.0,156,0.302,201,39,5.2,33
2026-09-18T02:42:42+00:00,509663,Special Events,447,7,63.9,17,307,0.687,31,4,7.8,2
2026-09-18T02:42:42+00:00,263490,Rust,430,9,47.8,6,268,0.623,35,6,5.8,5
2026-09-18T02:42:42+00:00,743893402,WARDOGS,428,34,12.6,4.0,157,0.367,174,31,5.6,25
2026-09-18T02:42:42+00:00,508455,Valheim,319,17,18.8,6,175,0.549,71,14,5.1,12
2026-09-18T02:42:42+00:00,138585,Hearthstone,293,5,58.6,2,284,0.969,2,2,1.0,4
2026-09-18T02:42:42+00:00,2012789438,Call of Duty: Black Ops 7,281,11,25.5,5,83,0.295,81,8,10.1,6
2026-09-18T02:42:42+00:00,491487,Dead by Daylight,244,19,12.8,5,81,0.332,77,16,4.8,14
2026-09-18T02:42:42+00:00,509672,IRL,243,7,34.7,37,90,0.37,41,4,10.2,3
2026-09-18T02:42:42+00:00,1763263,nanos world,233,3,77.7,49,177,0.76,0,0,0,1
2026-09-18T02:42:42+00:00,17828,The Legend of Zelda: Twilight Princess,225,1,225.0,225,225,1.0,0,0,0,0
2026-09-18T02:42:42+00:00,417892,Z1: Battle Royale,225,7,32.1,37,72,0.32,65,4,16.2,2
2026-09-18T02:42:42+00:00,509660,Art,208,6,34.7,11.0,160,0.769,14,3,4.7,3
2026-09-18T02:42:42+00:00,490377,Sea of Thieves,197,6,32.8,6.0,152,0.772,2,3,0.7,3
2026-09-18T02:42:42+00:00,27284,Retro,191,10,19.1,11.5,66,0.346,61,7,8.7,5
2026-09-18T02:42:42+00:00,33214,Fortnite,184,38,4.8,1.0,54,0.293,66,35,1.9,34
2026-09-18T02:42:42+00:00,518184,Phasmophobia,179,4,44.8,8.0,160,0.894,3,1,3.0,2
2026-09-18T02:42:42+00:00,327598602,Onimusha: Way of the Sword,178,9,19.8,1,164,0.921,6,6,1.0,8
2026-09-18T02:42:42+00:00,498744,SCP: Secret Laboratory,160,1,160.0,160,160,1.0,0,0,0,0
2026-09-18T02:42:42+00:00,489335,Outer Wilds,158,2,79.0,79.0,155,0.981,0,0,0,1
2026-09-18T02:42:42+00:00,491931,Escape from Tarkov,143,3,47.7,8,134,0.937,0,0,0,2
2026-09-18T02:42:42+00:00,20596,Dofus,143,5,28.6,28,49,0.343,36,2,18.0,0
2026-09-18T02:42:42+00:00,9250,Mario Kart 64,127,1,127.0,127,127,1.0,0,0,0,0
2026-09-18T02:42:42+00:00,27471,Minecraft,121,26,4.7,1.0,28,0.231,56,23,2.4,22
2026-09-18T02:42:42+00:00,55453844,Street Fighter 6,118,2,59.0,59.0,103,0.873,0,0,0,0
2026-09-18T02:42:42+00:00,498592,I'm Only Sleeping,111,6,18.5,8.0,62,0.559,14,3,4.7,4
2026-09-18T02:42:42+00:00,515025,Overwatch,108,9,12.0,7,30,0.278,25,6,4.2,5
2026-09-18T02:42:42+00:00,417528,Albion Online,103,4,25.8,11.5,79,0.767,1,1,1.0,2
2026-09-18T03:12:34+00:00,516575,VALORANT,5395,61,88.4,2,4649,0.862,322,58,5.6,50
2026-09-18T03:12:34+00:00,123184772,EA Sports FC 27,4240,159,26.7,1,1372,0.324,2061,156,13.2,137
2026-09-18T03:12:34+00:00,509658,Just Chatting,3199,69,46.4,10,413,0.129,2207,66,33.4,34
2026-09-18T03:12:34+00:00,32982,Grand Theft Auto V,3045,70,43.5,6.0,943,0.31,1320,67,19.7,41
2026-09-18T03:12:34+00:00,30921,Rocket League,2953,26,113.6,2.0,1626,0.551,202,23,8.8,19
2026-09-18T03:12:34+00:00,21779,League of Legends,1283,34,37.7,2.5,351,0.274,361,31,11.6,25
2026-09-18T03:12:34+00:00,499973,Always On,1269,22,57.7,3.0,324,0.255,364,19,19.2,15
2026-09-18T03:12:34+00:00,18122,World of Warcraft,1147,42,27.3,3.5,426,0.371,425,39,10.9,31
2026-09-18T03:12:34+00:00,1267582829,Aniimo,722,67,10.8,2,178,0.247,367,64,5.7,56
2026-09-18T03:12:34+00:00,75101830,Marvel's Wolverine,663,12,55.2,1.0,623,0.94,10,9,1.1,10
2026-09-18T03:12:34+00:00,498566,Slots,639,4,159.8,186.5,263,0.412,3,1,3.0,1
2026-09-18T03:12:34+00:00,1669431183,DJs,501,3,167.0,30,468,0.934,0,0,0,1
2026-09-18T03:12:34+00:00,512710,Call of Duty: Warzone,432,43,10.0,2,165,0.382,134,40,3.4,36
2026-09-18T03:12:34+00:00,509663,Special Events,414,6,69.0,29.5,268,0.647,29,3,9.7,2
2026-09-18T03:12:34+00:00,743893402,WARDOGS,395,28,14.1,2.5,157,0.397,138,25,5.5,20
2026-09-18T03:12:34+00:00,138585,Hearthstone,283,5,56.6,3,273,0.965,2,2,1.0,4
2026-09-18T03:12:34+00:00,417892,Z1: Battle Royale,211,6,35.2,33.5,73,0.346,50,3,16.7,1
2026-09-18T03:12:34+00:00,509660,Art,197,5,39.4,15,154,0.782,3,2,1.5,2
2026-09-18T03:12:34+00:00,2012789438,Call of Duty: Black Ops 7,197,14,14.1,1.5,71,0.36,43,11,3.9,10
2026-09-18T03:12:34+00:00,33214,Fortnite,192,36,5.3,1.5,47,0.245,73,33,2.2,32
2026-09-18T03:12:34+00:00,327598602,Onimusha: Way of the Sword,189,10,18.9,1.0,175,0.926,6,7,0.9,9
2026-09-18T03:12:34+00:00,490377,Sea of Thieves,186,6,31.0,5.0,146,0.785,5,3,1.7,4
2026-09-18T03:12:34+00:00,17828,The Legend of Zelda: Twilight Princess,184,1,184.0,184,184,1.0,0,0,0,0
2026-09-18T03:12:34+00:00,263490,Rust,178,8,22.2,8.0,102,0.573,22,5,4.4,5
2026-09-18T03:12:34+00:00,20596,Dofus,172,6,28.7,22.5,62,0.36,32,3,10.7,1
2026-09-18T03:12:34+00:00,518184,Phasmophobia,169,4,42.2,3.5,161,0.953,1,1,1.0,3
2026-09-18T03:12:34+00:00,491931,Escape from Tarkov,161,5,32.2,3,148,0.919,3,2,1.5,4
2026-09-18T03:12:34+00:00,1763263,nanos world,159,2,79.5,79.5,103,0.648,0,0,0,0
2026-09-18T03:12:34+00:00,509672,IRL,155,7,22.1,9,72,0.465,14,4,3.5,4
2026-09-18T03:12:34+00:00,27284,Retro,153,9,17.0,9,65,0.425,35,6,5.8,5
2026-09-18T03:12:34+00:00,491487,Dead by Daylight,145,12,12.1,4.0,66,0.455,39,9,4.3,8
2026-09-18T03:12:34+00:00,489335,Outer Wilds,131,1,131.0,131,131,1.0,0,0,0,0
2026-09-18T03:12:34+00:00,490655,Pokémon GO,125,3,41.7,46,78,0.624,0,0,0,1
2026-09-18T03:12:34+00:00,508455,Valheim,113,15,7.5,3,50,0.442,37,12,3.1,12
2026-09-18T03:12:34+00:00,498592,I'm Only Sleeping,102,5,20.4,11,58,0.569,5,2,2.5,2
2026-09-18T03:12:34+00:00,7022,The Forest,101,3,33.7,4,93,0.921,0,0,0,2
2026-09-18T03:42:36+00:00,516575,VALORANT,4791,51,93.9,2,4109,0.858,227,48,4.7,42
2026-09-18T03:42:36+00:00,123184772,EA Sports FC 27,3384,130,26.0,1.0,1309,0.387,1586,127,12.5,109
2026-09-18T03:42:36+00:00,509658,Just Chatting,2685,58,46.3,11.5,406,0.151,1654,55,30.1,27
2026-09-18T03:42:36+00:00,30921,Rocket League,2674,28,95.5,1.5,1506,0.563,176,25,7.0,22
2026-09-18T03:42:36+00:00,32982,Grand Theft Auto V,2665,57,46.8,5,883,0.331,1026,54,19.0,34
2026-09-18T03:42:36+00:00,18122,World of Warcraft,1110,31,35.8,4,462,0.416,381,28,13.6,17
2026-09-18T03:42:36+00:00,21779,League of Legends,1040,22,47.3,3.0,362,0.348,222,19,11.7,16
2026-09-18T03:42:36+00:00,499973,Always On,1002,21,47.7,4,283,0.282,333,18,18.5,14
2026-09-18T03:42:36+00:00,75101830,Marvel's Wolverine,661,13,50.8,1,621,0.939,10,10,1.0,11
2026-09-18T03:42:36+00:00,1267582829,Aniimo,652,65,10.0,2,176,0.27,327,62,5.3,53
2026-09-18T03:42:36+00:00,498566,Slots,592,5,118.4,130,230,0.389,6,2,3.0,2
2026-09-18T03:42:36+00:00,1669431183,DJs,488,3,162.7,29,456,0.934,0,0,0,1
2026-09-18T03:42:36+00:00,512710,Call of Duty: Warzone,405,32,12.7,2.0,177,0.437,108,29,3.7,26
2026-09-18T03:42:36+00:00,509663,Special Events,354,5,70.8,32,239,0.675,2,2,1.0,2
2026-09-18T03:42:36+00:00,138585,Hearthstone,266,3,88.7,3,260,0.977,0,0,0,2
2026-09-18T03:42:36+00:00,489335,Outer Wilds,235,1,235.0,235,235,1.0,0,0,0,0
2026-09-18T03:42:36+00:00,743893402,WARDOGS,224,17,13.2,2,129,0.576,45,14,3.2,13
2026-09-18T03:42:36+00:00,498592,I'm Only Sleeping,214,7,30.6,12,111,0.519,25,4,6.2,3
2026-09-18T03:42:36+00:00,490377,Sea of Thieves,199,5,39.8,7,152,0.764,2,2,1.0,3
2026-09-18T03:42:36+00:00,327598602,Onimusha: Way of the Sword,187,7,26.7,1,173,0.925,4,4,1.0,6
2026-09-18T03:42:36+00:00,263490,Rust,185,6,30.8,11.5,127,0.686,12,3,4.0,3
2026-09-18T03:42:36+00:00,2012789438,Call of Duty: Black Ops 7,177,10,17.7,3.0,56,0.316,36,7,5.1,6
2026-09-18T03:42:36+00:00,33214,Fortnite,177,26,6.8,2.0,49,0.277,60,23,2.6,22
2026-09-18T03:42:36+00:00,509660,Art,171,5,34.2,2,146,0.854,2,2,1.0,3
2026-09-18T03:42:36+00:00,491487,Dead by Daylight,166,11,15.1,5,66,0.398,44,8,5.5,7
2026-09-18T03:42:36+00:00,20596,Dofus,165,5,33.0,30,61,0.37,27,2,13.5,0
2026-09-18T03:42:36+00:00,518184,Phasmophobia,164,5,32.8,5,147,0.896,4,2,2.0,4
2026-09-18T03:42:36+00:00,17828,The Legend of Zelda: Twilight Princess,158,1,158.0,158,158,1.0,0,0,0,0
2026-09-18T03:42:36+00:00,1763263,nanos world,156,2,78.0,78.0,96,0.615,0,0,0,0
2026-09-18T03:42:36+00:00,27284,Retro,152,8,19.0,15.5,54,0.355,47,5,9.4,3
2026-09-18T03:42:36+00:00,491931,Escape from Tarkov,143,4,35.8,4.0,134,0.937,1,1,1.0,3
2026-09-18T03:42:36+00:00,509672,IRL,142,7,20.3,10,69,0.486,14,4,3.5,3
2026-09-18T03:42:36+00:00,417892,Z1: Battle Royale,123,4,30.8,23.0,69,0.561,8,1,8.0,1
2026-09-18T03:42:36+00:00,490655,Pokémon GO,122,3,40.7,47,74,0.607,0,0,0,1
2026-09-18T03:42:36+00:00,417752,Talk Shows & Podcasts,109,4,27.2,12.0,84,0.771,1,1,1.0,2
2026-09-18T03:42:36+00:00,508455,Valheim,106,13,8.2,2,63,0.594,23,10,2.3,11
2026-09-18T03:42:36+00:00,1230742965,TCG Card Shop Simulator,101,2,50.5,50.5,100,0.99,0,0,0,1
2026-09-18T04:12:34+00:00,123184772,EA Sports FC 27,3104,104,29.8,1.0,1313,0.423,1323,101,13.1,86
2026-09-18T04:12:34+00:00,509658,Just Chatting,3083,53,58.2,17,441,0.143,1922,50,38.4,22
2026-09-18T04:12:34+00:00,30921,Rocket League,2590,21,123.3,3,1466,0.566,163,18,9.1,16
2026-09-18T04:12:34+00:00,32982,Grand Theft Auto V,1653,49,33.7,5,574,0.347,762,46,16.6,32
2026-09-18T04:12:34+00:00,18122,World of Warcraft,1049,33,31.8,3,453,0.432,343,30,11.4,20
2026-09-18T04:12:34+00:00,21779,League of Legends,980,22,44.5,5.0,371,0.379,227,19,11.9,15
2026-09-18T04:12:34+00:00,499973,Always On,954,22,43.4,4.0,322,0.338,261,19,13.7,14
2026-09-18T04:12:34+00:00,498566,Slots,607,4,151.8,174.5,244,0.402,14,1,14.0,0
2026-09-18T04:12:34+00:00,1267582829,Aniimo,584,55,10.6,2,193,0.33,256,52,4.9,48
2026-09-18T04:12:34+00:00,516575,VALORANT,489,42,11.6,2.0,239,0.489,119,39,3.1,36
2026-09-18T04:12:34+00:00,512710,Call of Duty: Warzone,416,29,14.3,2,181,0.435,112,26,4.3,24
2026-09-18T04:12:34+00:00,743893402,WARDOGS,280,21,13.3,3,144,0.514,64,18,3.6,17
2026-09-18T04:12:34+00:00,138585,Hearthstone,254,3,84.7,3,248,0.976,0,0,0,2
2026-09-18T04:12:34+00:00,168648543,Battlefield 6,211,2,105.5,105.5,211,1.0,0,0,0,1
2026-09-18T04:12:34+00:00,490377,Sea of Thieves,208,5,41.6,8,158,0.76,3,2,1.5,3
2026-09-18T04:12:34+00:00,327598602,Onimusha: Way of the Sword,191,5,38.2,4,179,0.937,2,2,1.0,4
2026-09-18T04:12:34+00:00,498592,I'm Only Sleeping,191,8,23.9,11.5,72,0.377,36,5,7.2,3
2026-09-18T04:12:34+00:00,489335,Outer Wilds,176,1,176.0,176,176,1.0,0,0,0,0
2026-09-18T04:12:34+00:00,509660,Art,170,5,34.0,1,165,0.971,1,2,0.5,4
2026-09-18T04:12:34+00:00,518184,Phasmophobia,153,4,38.2,7.5,137,0.895,1,1,1.0,3
2026-09-18T04:12:34+00:00,17828,The Legend of Zelda: Twilight Princess,152,1,152.0,152,152,1.0,0,0,0,0
2026-09-18T04:12:34+00:00,20596,Dofus,147,5,29.4,13,61,0.415,13,2,6.5,1
2026-09-18T04:12:34+00:00,75101830,Marvel's Wolverine,145,15,9.7,1,89,0.614,14,12,1.2,12
2026-09-18T04:12:34+00:00,491487,Dead by Daylight,145,9,16.1,5,65,0.448,25,6,4.2,6
2026-09-18T04:12:34+00:00,27284,Retro,143,8,17.9,13.5,57,0.399,38,5,7.6,4
2026-09-18T04:12:34+00:00,417892,Z1: Battle Royale,141,4,35.2,26.0,81,0.574,8,1,8.0,1
2026-09-18T04:12:34+00:00,263490,Rust,138,4,34.5,13.5,110,0.797,1,1,1.0,2
2026-09-18T04:12:34+00:00,2012789438,Call of Duty: Black Ops 7,138,13,10.6,2,46,0.333,18,10,1.8,10
2026-09-18T04:12:34+00:00,490655,Pokémon GO,124,3,41.3,45,78,0.629,0,0,0,1
2026-09-18T04:12:34+00:00,33214,Fortnite,124,23,5.4,1,53,0.427,21,20,1.1,20
2026-09-18T04:12:34+00:00,1763263,nanos world,123,1,123.0,123,123,1.0,0,0,0,0
2026-09-18T04:12:34+00:00,509663,Special Events,117,4,29.2,18.5,79,0.675,1,1,1.0,2
2026-09-18T04:12:34+00:00,509672,IRL,101,6,16.8,6.0,48,0.475,5,3,1.7,4
2026-09-18T04:42:34+00:00,509658,Just Chatting,3274,53,61.8,14,606,0.185,1854,50,37.1,25
2026-09-18T04:42:34+00:00,123184772,EA Sports FC 27,2770,87,31.8,1,1301,0.47,992,84,11.8,71
2026-09-18T04:42:34+00:00,30921,Rocket League,2181,21,103.9,2,1205,0.552,120,18,6.7,17
2026-09-18T04:42:34+00:00,18122,World of Warcraft,1200,35,34.3,3,518,0.432,392,32,12.2,20
2026-09-18T04:42:34+00:00,32982,Grand Theft Auto V,1019,39,26.1,7,171,0.168,584,36,16.2,23
2026-09-18T04:42:34+00:00,499973,Always On,973,22,44.2,6.0,315,0.324,261,19,13.7,15
2026-09-18T04:42:34+00:00,21779,League of Legends,908,21,43.2,4,363,0.4,212,18,11.8,14
2026-09-18T04:42:34+00:00,498566,Slots,612,4,153.0,173.5,254,0.415,11,1,11.0,0
2026-09-18T04:42:34+00:00,1267582829,Aniimo,561,54,10.4,2.5,199,0.355,244,51,4.8,46
2026-09-18T04:42:34+00:00,516575,VALORANT,513,47,10.9,2,231,0.45,163,44,3.7,40
2026-09-18T04:42:34+00:00,512710,Call of Duty: Warzone,379,23,16.5,1,196,0.517,70,20,3.5,19
2026-09-18T04:42:34+00:00,743893402,WARDOGS,276,17,16.2,3,143,0.518,62,14,4.4,12
2026-09-18T04:42:34+00:00,138585,Hearthstone,259,3,86.3,2,256,0.988,0,0,0,2
2026-09-18T04:42:34+00:00,168648543,Battlefield 6,255,3,85.0,4,250,0.98,0,0,0,2
2026-09-18T04:42:34+00:00,490377,Sea of Thieves,203,5,40.6,6,155,0.764,2,2,1.0,3
2026-09-18T04:42:34+00:00,33214,Fortnite,202,25,8.1,1,51,0.252,77,22,3.5,20
2026-09-18T04:42:34+00:00,327598602,Onimusha: Way of the Sword,183,7,26.1,2,169,0.923,4,4,1.0,6
2026-09-18T04:42:34+00:00,509672,IRL,182,6,30.3,18.0,80,0.44,4,3,1.3,3
2026-09-18T04:42:34+00:00,489335,Outer Wilds,175,1,175.0,175,175,1.0,0,0,0,0
2026-09-18T04:42:34+00:00,498592,I'm Only Sleeping,173,8,21.6,11.5,67,0.387,36,5,7.2,4
2026-09-18T04:42:34+00:00,20596,Dofus,161,5,32.2,16,73,0.453,18,2,9.0,1
2026-09-18T04:42:34+00:00,75101830,Marvel's Wolverine,160,13,12.3,1,123,0.769,9,10,0.9,11
2026-09-18T04:42:34+00:00,509660,Art,154,3,51.3,2,151,0.981,0,0,0,2
2026-09-18T04:42:34+00:00,417892,Z1: Battle Royale,144,4,36.0,25.5,82,0.569,11,1,11.0,0
2026-09-18T04:42:34+00:00,263490,Rust,134,4,33.5,14.0,105,0.784,1,1,1.0,2
2026-09-18T04:42:34+00:00,1414860634,The Binding of Isaac: Repentance,130,1,130.0,130,130,1.0,0,0,0,0
2026-09-18T04:42:34+00:00,490655,Pokémon GO,128,3,42.7,49,78,0.609,0,0,0,1
2026-09-18T04:42:34+00:00,17828,The Legend of Zelda: Twilight Princess,127,1,127.0,127,127,1.0,0,0,0,0
2026-09-18T04:42:34+00:00,491487,Dead by Daylight,126,11,11.5,4,53,0.421,22,8,2.8,8
2026-09-18T04:42:34+00:00,27284,Retro,112,8,14.0,8.5,45,0.402,27,5,5.4,5
2026-09-18T04:42:34+00:00,2012789438,Call of Duty: Black Ops 7,108,9,12.0,2,52,0.481,9,6,1.5,7
2026-09-18T04:42:34+00:00,1763263,nanos world,107,1,107.0,107,107,1.0,0,0,0,0
2026-09-18T04:42:34+00:00,1357871551,The Blood of Dawnwalker,105,4,26.2,4.0,97,0.924,0,1,0.0,3
2026-09-18T04:42:34+00:00,1230742965,TCG Card Shop Simulator,101,1,101.0,101,101,1.0,0,0,0,0
2026-09-18T04:42:34+00:00,509663,Special Events,101,4,25.2,15.5,69,0.683,1,1,1.0,2
2026-09-18T05:12:33+00:00,123184772,EA Sports FC 27,2711,79,34.3,1,1359,0.501,928,76,12.2,63
2026-09-18T05:12:33+00:00,509658,Just Chatting,2162,55,39.3,10,505,0.234,1207,52,23.2,27
2026-09-18T05:12:33+00:00,30921,Rocket League,2121,19,111.6,3,1083,0.511,115,16,7.2,14
2026-09-18T05:12:33+00:00,18122,World of Warcraft,1194,34,35.1,5.0,518,0.434,405,31,13.1,18
2026-09-18T05:12:33+00:00,1357871551,The Blood of Dawnwalker,963,3,321.0,8,952,0.989,0,0,0,2
2026-09-18T05:12:33+00:00,21779,League of Legends,915,18,50.8,6.5,416,0.455,208,15,13.9,11
2026-09-18T05:12:33+00:00,499973,Always On,915,22,41.6,4.5,320,0.35,279,19,14.7,15
2026-09-18T05:12:33+00:00,32982,Grand Theft Auto V,885,36,24.6,5.5,181,0.205,480,33,14.5,21
2026-09-18T05:12:33+00:00,1267582829,Aniimo,582,47,12.4,3,199,0.342,247,44,5.6,39
2026-09-18T05:12:33+00:00,516575,VALORANT,550,42,13.1,3.0,268,0.487,172,39,4.4,34
2026-09-18T05:12:33+00:00,498566,Slots,523,3,174.3,238,270,0.516,0,0,0,0
2026-09-18T05:12:33+00:00,512710,Call of Duty: Warzone,354,19,18.6,3,219,0.619,48,16,3.0,16
2026-09-18T05:12:33+00:00,263490,Rust,348,6,58.0,15.5,212,0.609,4,3,1.3,3
2026-09-18T05:12:33+00:00,743893402,WARDOGS,343,19,18.1,3,113,0.329,95,16,5.9,14
2026-09-18T05:12:33+00:00,168648543,Battlefield 6,332,3,110.7,7,324,0.976,0,0,0,2
2026-09-18T05:12:33+00:00,138585,Hearthstone,260,4,65.0,23.0,211,0.812,3,1,3.0,2
2026-09-18T05:12:33+00:00,509672,IRL,258,6,43.0,34.0,114,0.442,3,3,1.0,3
2026-09-18T05:12:33+00:00,327598602,Onimusha: Way of the Sword,205,6,34.2,3.0,190,0.927,3,3,1.0,5
2026-09-18T05:12:33+00:00,75101830,Marvel's Wolverine,198,13,15.2,1,164,0.828,8,10,0.8,11
2026-09-18T05:12:33+00:00,498592,I'm Only Sleeping,187,8,23.4,11.5,69,0.369,40,5,8.0,2
2026-09-18T05:12:33+00:00,489335,Outer Wilds,157,1,157.0,157,157,1.0,0,0,0,0
2026-09-18T05:12:33+00:00,490377,Sea of Thieves,157,4,39.2,3.0,150,0.955,1,1,1.0,3
2026-09-18T05:12:33+00:00,33214,Fortnite,157,24,6.5,1.0,46,0.293,39,21,1.9,20
2026-09-18T05:12:33+00:00,20596,Dofus,148,5,29.6,14,68,0.459,15,2,7.5,1
2026-09-18T05:12:33+00:00,509660,Art,145,1,145.0,145,145,1.0,0,0,0,0
2026-09-18T05:12:33+00:00,513143,Teamfight Tactics,145,4,36.2,14.0,114,0.786,3,1,3.0,1
2026-09-18T05:12:33+00:00,417892,Z1: Battle Royale,140,3,46.7,15,116,0.829,0,0,0,1
2026-09-18T05:12:33+00:00,1414860634,The Binding of Isaac: Repentance,136,1,136.0,136,136,1.0,0,0,0,0
2026-09-18T05:12:33+00:00,490655,Pokémon GO,132,3,44.0,50,81,0.614,0,0,0,1
2026-09-18T05:12:33+00:00,2012789438,Call of Duty: Black Ops 7,126,11,11.5,2,41,0.325,14,8,1.8,8
2026-09-18T05:12:33+00:00,491487,Dead by Daylight,116,11,10.5,4,50,0.431,24,8,3.0,8
2026-09-18T05:12:33+00:00,27284,Retro,115,9,12.8,7,45,0.391,30,6,5.0,6
2026-09-18T05:12:33+00:00,505045,DOFUS Touch,112,3,37.3,37,69,0.616,0,0,0,1
2026-09-18T05:12:33+00:00,1230742965,TCG Card Shop Simulator,104,1,104.0,104,104,1.0,0,0,0,0
2026-09-18T05:42:33+00:00,509658,Just Chatting,3179,51,62.3,18,1071,0.337,1414,48,29.5,25
2026-09-18T05:42:33+00:00,123184772,EA Sports FC 27,2365,67,35.3,1,1501,0.635,507,64,7.9,52
2026-09-18T05:42:33+00:00,30921,Rocket League,1894,15,126.3,2,939,0.496,81,12,6.8,11
2026-09-18T05:42:33+00:00,18122,World of Warcraft,1521,36,42.2,6.0,601,0.395,539,33,16.3,20
2026-09-18T05:42:33+00:00,1357871551,The Blood of Dawnwalker,1151,3,383.7,7,1142,0.992,0,0,0,2
2026-09-18T05:42:33+00:00,499973,Always On,911,21,43.4,4,349,0.383,256,18,14.2,13
2026-09-18T05:42:33+00:00,21779,League of Legends,846,22,38.5,3.0,405,0.479,181,19,9.5,16
2026-09-18T05:42:33+00:00,32982,Grand Theft Auto V,684,28,24.4,7.0,167,0.244,327,25,13.1,17
2026-09-18T05:42:33+00:00,1267582829,Aniimo,594,45,13.2,2,201,0.338,235,42,5.6,37
2026-09-18T05:42:33+00:00,498566,Slots,504,2,252.0,252.0,260,0.516,0,0,0,0
2026-09-18T05:42:33+00:00,168648543,Battlefield 6,503,3,167.7,4,498,0.99,0,0,0,2
2026-09-18T05:42:33+00:00,138585,Hearthstone,431,3,143.7,111,318,0.738,0,0,0,1
2026-09-18T05:42:33+00:00,743893402,WARDOGS,372,17,21.9,6,162,0.435,90,14,6.4,12
2026-09-18T05:42:33+00:00,263490,Rust,344,7,49.1,21,191,0.555,25,4,6.2,3
2026-09-18T05:42:33+00:00,20596,Dofus,343,6,57.2,34.5,188,0.548,33,3,11.0,1
2026-09-18T05:42:33+00:00,509672,IRL,273,5,54.6,57,149,0.546,1,2,0.5,2
2026-09-18T05:42:33+00:00,513143,Teamfight Tactics,266,5,53.2,2,258,0.97,2,2,1.0,4
2026-09-18T05:42:33+00:00,516575,VALORANT,260,40,6.5,1.0,70,0.269,128,37,3.5,33
2026-09-18T05:42:33+00:00,75101830,Marvel's Wolverine,214,15,14.3,1,176,0.822,13,12,1.1,13
2026-09-18T05:42:33+00:00,779192097,Fire Emblem: Fortune's Weave,201,5,40.2,12,143,0.711,17,2,8.5,1
2026-09-18T05:42:33+00:00,498592,I'm Only Sleeping,181,8,22.6,11.5,74,0.409,38,5,7.6,3
2026-09-18T05:42:33+00:00,505045,DOFUS Touch,175,2,87.5,87.5,146,0.834,0,0,0,0
2026-09-18T05:42:33+00:00,33214,Fortnite,169,23,7.3,1,49,0.29,47,20,2.4,19
2026-09-18T05:42:33+00:00,490377,Sea of Thieves,161,3,53.7,1,159,0.988,0,0,0,2
2026-09-18T05:42:33+00:00,490655,Pokémon GO,152,2,76.0,76.0,79,0.52,0,0,0,0
2026-09-18T05:42:33+00:00,509660,Art,149,3,49.7,2,146,0.98,0,0,0,2
2026-09-18T05:42:33+00:00,1414860634,The Binding of Isaac: Repentance,119,1,119.0,119,119,1.0,0,0,0,0
2026-09-18T05:42:33+00:00,31339,Project Zomboid,116,4,29.0,5.0,106,0.914,0,1,0.0,3
2026-09-18T05:42:33+00:00,417892,Z1: Battle Royale,113,3,37.7,18,88,0.779,0,0,0,1
2026-09-18T05:42:33+00:00,515025,Overwatch,111,2,55.5,55.5,93,0.838,0,0,0,0
2026-09-18T05:42:33+00:00,66366,War Thunder,107,3,35.7,46,51,0.477,0,0,0,0
2026-09-18T05:42:33+00:00,509663,Special Events,102,4,25.5,15.5,70,0.686,1,1,1.0,2
2026-09-18T05:42:33+00:00,1230742965,TCG Card Shop Simulator,100,1,100.0,100,100,1.0,0,0,0,0
2026-09-18T06:12:34+00:00,123184772,EA Sports FC 27,2990,71,42.1,1,1373,0.459,721,68,10.6,58
2026-09-18T06:12:34+00:00,509658,Just Chatting,2662,53,50.2,18,482,0.181,1650,50,33.0,24
2026-09-18T06:12:34+00:00,18122,World of Warcraft,1922,38,50.6,9.5,739,0.384,735,35,21.0,19
2026-09-18T06:12:34+00:00,30921,Rocket League,1843,14,131.6,3.0,939,0.509,82,11,7.5,9
2026-09-18T06:12:34+00:00,1357871551,The Blood of Dawnwalker,1389,6,231.5,2.5,1369,0.986,5,3,1.7,4
2026-09-18T06:12:34+00:00,21779,League of Legends,1201,30,40.0,3.5,508,0.423,373,27,13.8,21
2026-09-18T06:12:34+00:00,499973,Always On,934,22,42.5,5.5,446,0.478,174,19,9.2,15
2026-09-18T06:12:34+00:00,1267582829,Aniimo,834,56,14.9,3.5,194,0.233,473,53,8.9,42
2026-09-18T06:12:34+00:00,138585,Hearthstone,648,4,162.0,83.0,479,0.739,3,1,3.0,1
2026-09-18T06:12:34+00:00,32982,Grand Theft Auto V,585,29,20.2,7,174,0.297,259,26,10.0,18
2026-09-18T06:12:34+00:00,513143,Teamfight Tactics,547,5,109.4,5,315,0.576,2,2,1.0,3
2026-09-18T06:12:34+00:00,498566,Slots,490,2,245.0,245.0,245,0.5,0,0,0,0
2026-09-18T06:12:34+00:00,743893402,WARDOGS,476,18,26.4,9.0,184,0.387,180,15,12.0,9
2026-09-18T06:12:34+00:00,168648543,Battlefield 6,467,4,116.8,5.5,455,0.974,1,1,1.0,2
2026-09-18T06:12:34+00:00,20596,Dofus,464,6,77.3,48.5,296,0.638,48,3,16.0,2
2026-09-18T06:12:34+00:00,1913410799,Total War: WARHAMMER III,353,1,353.0,353,353,1.0,0,0,0,0
2026-09-18T06:12:34+00:00,509672,IRL,308,10,30.8,2.0,180,0.584,14,7,2.0,7
2026-09-18T06:12:34+00:00,516575,VALORANT,276,34,8.1,1.0,65,0.236,135,31,4.4,27
2026-09-18T06:12:34+00:00,779192097,Fire Emblem: Fortune's Weave,265,6,44.2,12.0,209,0.789,20,3,6.7,2
2026-09-18T06:12:34+00:00,263490,Rust,259,7,37.0,4,185,0.714,7,4,1.8,4
2026-09-18T06:12:34+00:00,505045,DOFUS Touch,247,2,123.5,123.5,218,0.883,0,0,0,0
2026-09-18T06:12:34+00:00,75101830,Marvel's Wolverine,240,17,14.1,1,198,0.825,17,14,1.2,15
2026-09-18T06:12:34+00:00,509660,Art,205,6,34.2,8.0,157,0.766,4,3,1.3,3
2026-09-18T06:12:34+00:00,498592,I'm Only Sleeping,204,8,25.5,13.5,92,0.451,42,5,8.4,3
2026-09-18T06:12:34+00:00,33214,Fortnite,197,38,5.2,1.0,47,0.239,79,35,2.3,33
2026-09-18T06:12:34+00:00,31339,Project Zomboid,186,4,46.5,4.0,177,0.952,1,1,1.0,3
2026-09-18T06:12:34+00:00,489335,Outer Wilds,181,1,181.0,181,181,1.0,0,0,0,0
2026-09-18T06:12:34+00:00,490377,Sea of Thieves,164,3,54.7,1,162,0.988,0,0,0,2
2026-09-18T06:12:34+00:00,515025,Overwatch,144,5,28.8,13,115,0.799,2,2,1.0,2
2026-09-18T06:12:34+00:00,512710,Call of Duty: Warzone,134,16,8.4,1.0,42,0.313,31,13,2.4,12
2026-09-18T06:12:34+00:00,417892,Z1: Battle Royale,133,3,44.3,24,101,0.759,0,0,0,1
2026-09-18T06:12:34+00:00,2012789438,Call of Duty: Black Ops 7,133,10,13.3,2.5,55,0.414,13,7,1.9,7
2026-09-18T06:12:34+00:00,490655,Pokémon GO,125,2,62.5,62.5,76,0.608,0,0,0,0
2026-09-18T06:12:34+00:00,71375,Star Citizen,116,6,19.3,6.0,63,0.543,8,3,2.7,4
2026-09-18T06:12:34+00:00,508455,Valheim,109,8,13.6,2.5,89,0.817,9,5,1.8,7
2026-09-18T06:12:34+00:00,80607,Elite: Dangerous,102,2,51.0,51.0,96,0.941,0,0,0,1
2026-09-18T06:42:36+00:00,123184772,EA Sports FC 27,3773,69,54.7,2,1316,0.349,1072,66,16.2,58
2026-09-18T06:42:36+00:00,18122,World of Warcraft,2872,51,56.3,6,1179,0.411,759,48,15.8,28
2026-09-18T06:42:36+00:00,509658,Just Chatting,2525,56,45.1,7.5,478,0.189,1410,53,26.6,29
2026-09-18T06:42:36+00:00,21779,League of Legends,2039,44,46.3,3.0,764,0.375,619,41,15.1,33
2026-09-18T06:42:36+00:00,30921,Rocket League,1716,15,114.4,3,858,0.5,89,12,7.4,10
2026-09-18T06:42:36+00:00,1357871551,The Blood of Dawnwalker,1610,4,402.5,7.0,1594,0.99,2,1,2.0,2
2026-09-18T06:42:36+00:00,1267582829,Aniimo,1054,78,13.5,3.0,212,0.201,647,75,8.6,59
2026-09-18T06:42:36+00:00,1913410799,Total War: WARHAMMER III,965,1,965.0,965,965,1.0,0,0,0,0
2026-09-18T06:42:36+00:00,499973,Always On,915,21,43.6,4,474,0.518,142,18,7.9,14
2026-09-18T06:42:36+00:00,513143,Teamfight Tactics,764,8,95.5,3.5,383,0.501,10,5,2.0,6
2026-09-18T06:42:36+00:00,138585,Hearthstone,723,4,180.8,101.5,513,0.71,7,1,7.0,1
2026-09-18T06:42:36+00:00,1742163310,Worming from Home,666,1,666.0,666,666,1.0,0,0,0,0
2026-09-18T06:42:36+00:00,20596,Dofus,604,10,60.4,6.5,389,0.644,71,7,10.1,6
2026-09-18T06:42:36+00:00,168648543,Battlefield 6,602,6,100.3,1.0,599,0.995,1,3,0.3,5
2026-09-18T06:42:36+00:00,743893402,WARDOGS,572,24,23.8,4.0,217,0.379,207,21,9.9,16
2026-09-18T06:42:36+00:00,498566,Slots,509,2,254.5,254.5,264,0.519,0,0,0,0
2026-09-18T06:42:36+00:00,779192097,Fire Emblem: Fortune's Weave,459,7,65.6,11,289,0.63,17,4,4.2,3
2026-09-18T06:42:36+00:00,32982,Grand Theft Auto V,401,27,14.9,4,170,0.424,124,24,5.2,18
2026-09-18T06:42:36+00:00,505045,DOFUS Touch,340,2,170.0,170.0,307,0.903,0,0,0,0
2026-09-18T06:42:36+00:00,516575,VALORANT,301,45,6.7,1,52,0.173,158,42,3.8,39
2026-09-18T06:42:36+00:00,509672,IRL,298,8,37.2,9.5,166,0.557,26,5,5.2,4
2026-09-18T06:42:36+00:00,75101830,Marvel's Wolverine,295,18,16.4,1.0,223,0.756,14,15,0.9,16
2026-09-18T06:42:36+00:00,263490,Rust,276,8,34.5,5.5,168,0.609,14,5,2.8,5
2026-09-18T06:42:36+00:00,512710,Call of Duty: Warzone,275,26,10.6,2.0,98,0.356,88,23,3.8,21
2026-09-18T06:42:36+00:00,491487,Dead by Daylight,243,11,22.1,4,166,0.683,28,8,3.5,8
2026-09-18T06:42:36+00:00,509660,Art,239,9,26.6,6,151,0.632,19,6,3.2,6
2026-09-18T06:42:36+00:00,31339,Project Zomboid,237,5,47.4,3,207,0.873,4,2,2.0,3
2026-09-18T06:42:36+00:00,498592,I'm Only Sleeping,237,8,29.6,15.0,119,0.502,44,5,8.8,3
2026-09-18T06:42:36+00:00,490413,Board Games,205,1,205.0,205,205,1.0,0,0,0,0
2026-09-18T06:42:36+00:00,490377,Sea of Thieves,182,4,45.5,1.0,179,0.984,1,1,1.0,3
2026-09-18T06:42:36+00:00,33214,Fortnite,176,35,5.0,1,48,0.273,57,32,1.8,32
2026-09-18T06:42:36+00:00,489335,Outer Wilds,166,1,166.0,166,166,1.0,0,0,0,0
2026-09-18T06:42:36+00:00,417892,Z1: Battle Royale,146,3,48.7,22,114,0.781,0,0,0,0
2026-09-18T06:42:36+00:00,515025,Overwatch,145,5,29.0,3,118,0.814,3,2,1.5,3
2026-09-18T06:42:36+00:00,490655,Pokémon GO,130,2,65.0,65.0,82,0.631,0,0,0,0
2026-09-18T06:42:36+00:00,71375,Star Citizen,130,5,26.0,8,72,0.554,8,2,4.0,3
2026-09-18T06:42:36+00:00,515024,Diablo IV,114,11,10.4,5,36,0.316,36,8,4.5,7
2026-09-18T06:42:36+00:00,417528,Albion Online,108,3,36.0,25,67,0.62,0,0,0,0
2026-09-18T06:42:36+00:00,508455,Valheim,102,4,25.5,3.5,94,0.922,1,1,1.0,3
2026-09-18T06:42:36+00:00,982348888,ELDEN RING NIGHTREIGN,102,3,34.0,8,86,0.843,0,0,0,2
2026-09-18T07:12:37+00:00,18122,World of Warcraft,4638,65,71.4,6,1276,0.275,1792,62,28.9,34
2026-09-18T07:12:37+00:00,123184772,EA Sports FC 27,4468,81,55.2,1,1633,0.365,1161,78,14.9,66
2026-09-18T07:12:37+00:00,509658,Just Chatting,2818,63,44.7,15,460,0.163,1851,60,30.9,30
2026-09-18T07:12:37+00:00,21779,League of Legends,2746,53,51.8,2,1028,0.374,892,50,17.8,37
2026-09-18T07:12:37+00:00,1742163310,Worming from Home,2274,1,2274.0,2274,2274,1.0,0,0,0,0
2026-09-18T07:12:37+00:00,1357871551,The Blood of Dawnwalker,1753,5,350.6,9,1723,0.983,2,2,1.0,3
2026-09-18T07:12:37+00:00,30921,Rocket League,1710,21,81.4,1,867,0.507,91,18,5.1,16
2026-09-18T07:12:37+00:00,1267582829,Aniimo,1226,94,13.0,3.0,214,0.175,791,91,8.7,68
2026-09-18T07:12:37+00:00,1913410799,Total War: WARHAMMER III,1197,1,1197.0,1197,1197,1.0,0,0,0,0
2026-09-18T07:12:37+00:00,513143,Teamfight Tactics,1016,5,203.2,7,610,0.6,1,2,0.5,3
2026-09-18T07:12:37+00:00,499973,Always On,926,22,42.1,4.5,463,0.5,165,19,8.7,15
2026-09-18T07:12:37+00:00,138585,Hearthstone,849,4,212.2,109.0,630,0.742,1,1,1.0,2
2026-09-18T07:12:37+00:00,168648543,Battlefield 6,834,7,119.1,1,822,0.986,2,4,0.5,6
2026-09-18T07:12:37+00:00,20596,Dofus,766,13,58.9,4,550,0.718,89,10,8.9,9
2026-09-18T07:12:37+00:00,743893402,WARDOGS,669,29,23.1,5,224,0.335,297,26,11.4,17
2026-09-18T07:12:37+00:00,779192097,Fire Emblem: Fortune's Weave,572,10,57.2,5.5,297,0.519,27,7,3.9,6
2026-09-18T07:12:37+00:00,512710,Call of Duty: Warzone,511,28,18.2,2.0,173,0.339,145,25,5.8,21
2026-09-18T07:12:37+00:00,505045,DOFUS Touch,489,7,69.9,7,410,0.838,17,4,4.2,4
2026-09-18T07:12:37+00:00,498566,Slots,482,2,241.0,241.0,246,0.51,0,0,0,0
2026-09-18T07:12:37+00:00,516575,VALORANT,412,51,8.1,2,48,0.117,271,48,5.6,40
2026-09-18T07:12:37+00:00,489405,Dragon Ball Z: Dokkan Battle,394,3,131.3,22,371,0.942,0,0,0,1
2026-09-18T07:12:37+00:00,509660,Art,374,16,23.4,7.0,143,0.382,122,13,9.4,8
2026-09-18T07:12:37+00:00,509672,IRL,368,11,33.5,10,164,0.446,91,8,11.4,5
2026-09-18T07:12:37+00:00,491487,Dead by Daylight,351,12,29.2,5.0,218,0.621,50,9,5.6,7
2026-09-18T07:12:37+00:00,75101830,Marvel's Wolverine,338,22,15.4,2.0,223,0.66,54,19,2.8,18
2026-09-18T07:12:37+00:00,32982,Grand Theft Auto V,332,31,10.7,4,54,0.163,178,28,6.4,20
2026-09-18T07:12:37+00:00,33214,Fortnite,321,50,6.4,1.0,150,0.467,118,47,2.5,45
2026-09-18T07:12:37+00:00,31339,Project Zomboid,293,4,73.2,26.0,240,0.819,1,1,1.0,2
2026-09-18T07:12:37+00:00,263490,Rust,284,9,31.6,12,166,0.585,31,6,5.2,4
2026-09-18T07:12:37+00:00,498592,I'm Only Sleeping,234,7,33.4,16,123,0.526,39,4,9.8,1
2026-09-18T07:12:37+00:00,490413,Board Games,231,2,115.5,115.5,229,0.991,0,0,0,1
2026-09-18T07:12:37+00:00,490377,Sea of Thieves,198,3,66.0,1,196,0.99,0,0,0,2
2026-09-18T07:12:37+00:00,515025,Overwatch,197,8,24.6,5.5,145,0.736,21,5,4.2,5
2026-09-18T07:12:37+00:00,71375,Star Citizen,184,7,26.3,11,76,0.413,20,4,5.0,3
2026-09-18T07:12:37+00:00,417892,Z1: Battle Royale,166,4,41.5,22.0,119,0.717,3,1,3.0,1
2026-09-18T07:12:37+00:00,515024,Diablo IV,164,17,9.6,4,58,0.354,53,14,3.8,13
2026-09-18T07:12:37+00:00,489335,Outer Wilds,162,1,162.0,162,162,1.0,0,0,0,0
2026-09-18T07:12:37+00:00,417528,Albion Online,151,5,30.2,23,80,0.53,16,2,8.0,1
2026-09-18T07:12:37+00:00,2012789438,Call of Duty: Black Ops 7,127,10,12.7,1.5,53,0.417,9,7,1.3,7
2026-09-18T07:12:37+00:00,65632,DayZ,123,5,24.6,3,104,0.846,4,2,2.0,3
2026-09-18T07:12:37+00:00,490655,Pokémon GO,120,2,60.0,60.0,76,0.633,0,0,0,0
2026-09-18T07:12:37+00:00,508455,Valheim,112,7,16.0,3,91,0.812,8,4,2.0,5
2026-09-18T07:12:37+00:00,1694957177,Firefighting Simulator: Ignite,109,1,109.0,109,109,1.0,0,0,0,0
2026-09-18T07:12:37+00:00,492984,Bleach: Brave Souls,103,2,51.5,51.5,102,0.99,0,0,0,1
2026-09-18T07:12:37+00:00,417752,Talk Shows & Podcasts,103,6,17.2,2.5,83,0.806,4,3,1.3,4
2026-09-18T07:12:37+00:00,401587136,Arena Breakout: Infinite,101,3,33.7,27,68,0.673,0,0,0,1
2026-09-18T07:42:49+00:00,18122,World of Warcraft,6306,80,78.8,4.0,1680,0.266,2345,77,30.5,49
2026-09-18T07:42:49+00:00,123184772,EA Sports FC 27,5137,94,54.6,2.0,2100,0.409,1225,91,13.5,81
2026-09-18T07:42:49+00:00,509658,Just Chatting,4944,80,61.8,18.5,709,0.143,3362,77,43.7,33
2026-09-18T07:42:49+00:00,21779,League of Legends,3326,52,64.0,3.0,1310,0.394,964,49,19.7,36
2026-09-18T07:42:49+00:00,1742163310,Worming from Home,3087,1,3087.0,3087,3087,1.0,0,0,0,0
2026-09-18T07:42:49+00:00,30921,Rocket League,1978,28,70.6,2.0,893,0.451,223,25,8.9,23
2026-09-18T07:42:49+00:00,513143,Teamfight Tactics,1754,12,146.2,1.0,732,0.417,16,9,1.8,9
2026-09-18T07:42:49+00:00,1357871551,The Blood of Dawnwalker,1743,6,290.5,1.5,1733,0.994,3,3,1.0,5
2026-09-18T07:42:49+00:00,1913410799,Total War: WARHAMMER III,1425,1,1425.0,1425,1425,1.0,0,0,0,0
2026-09-18T07:42:49+00:00,1267582829,Aniimo,1334,123,10.8,2,225,0.169,884,120,7.4,99
2026-09-18T07:42:49+00:00,499973,Always On,1010,21,48.1,7,526,0.521,169,18,9.4,12
2026-09-18T07:42:49+00:00,743893402,WARDOGS,957,32,29.9,3.5,313,0.327,338,29,11.7,23
2026-09-18T07:42:49+00:00,138585,Hearthstone,897,3,299.0,250,646,0.72,0,0,0,1
2026-09-18T07:42:49+00:00,20596,Dofus,801,15,53.4,8,587,0.733,81,12,6.8,8
2026-09-18T07:42:49+00:00,168648543,Battlefield 6,737,6,122.8,1.5,722,0.98,2,3,0.7,4
2026-09-18T07:42:49+00:00,512710,Call of Duty: Warzone,636,33,19.3,2,223,0.351,202,30,6.7,25
2026-09-18T07:42:49+00:00,505045,DOFUS Touch,598,6,99.7,16.0,508,0.849,29,3,9.7,1
2026-09-18T07:42:49+00:00,516575,VALORANT,586,64,9.2,2.0,157,0.268,315,61,5.2,53
2026-09-18T07:42:49+00:00,779192097,Fire Emblem: Fortune's Weave,577,12,48.1,3.0,293,0.508,26,9,2.9,9
2026-09-18T07:42:49+00:00,489405,Dragon Ball Z: Dokkan Battle,515,3,171.7,26,488,0.948,0,0,0,1
2026-09-18T07:42:49+00:00,498566,Slots,502,2,251.0,251.0,253,0.504,0,0,0,0
2026-09-18T07:42:49+00:00,491487,Dead by Daylight,465,13,35.8,4,291,0.626,49,10,4.9,9
2026-09-18T07:42:49+00:00,32399,Counter-Strike,431,12,35.9,6.0,310,0.719,33,9,3.7,9
2026-09-18T07:42:49+00:00,509672,IRL,421,11,38.3,21,171,0.406,122,8,15.2,4
2026-09-18T07:42:49+00:00,33214,Fortnite,405,60,6.8,1.0,241,0.595,111,57,1.9,55
2026-09-18T07:42:49+00:00,509660,Art,394,18,21.9,7.5,141,0.358,145,15,9.7,10
2026-09-18T07:42:49+00:00,75101830,Marvel's Wolverine,348,25,13.9,2,201,0.578,74,22,3.4,20
2026-09-18T07:42:49+00:00,31339,Project Zomboid,330,7,47.1,7,241,0.73,11,4,2.8,4
2026-09-18T07:42:49+00:00,32982,Grand Theft Auto V,309,33,9.4,4,50,0.162,183,30,6.1,23
2026-09-18T07:42:49+00:00,263490,Rust,289,10,28.9,6.5,160,0.554,34,7,4.9,5
2026-09-18T07:42:49+00:00,509663,Special Events,275,6,45.8,15.5,182,0.662,7,3,2.3,3
2026-09-18T07:42:49+00:00,71375,Star Citizen,264,8,33.0,27.5,81,0.307,65,5,13.0,3
2026-09-18T07:42:49+00:00,417892,Z1: Battle Royale,230,7,32.9,23,114,0.496,35,4,8.8,2
2026-09-18T07:42:49+00:00,490377,Sea of Thieves,225,6,37.5,2.5,214,0.951,4,3,1.3,5
2026-09-18T07:42:49+00:00,515024,Diablo IV,209,21,10.0,3,77,0.368,70,18,3.9,16
2026-09-18T07:42:49+00:00,515025,Overwatch,205,8,25.6,6.0,148,0.722,18,5,3.6,5
2026-09-18T07:42:49+00:00,417528,Albion Online,190,6,31.7,20.0,90,0.474,21,3,7.0,2
2026-09-18T07:42:49+00:00,327598602,Onimusha: Way of the Sword,184,12,15.3,4.0,113,0.614,30,9,3.3,8
2026-09-18T07:42:49+00:00,65632,DayZ,158,2,79.0,79.0,155,0.981,0,0,0,1
2026-09-18T07:42:49+00:00,511224,Apex Legends,153,14,10.9,1.0,71,0.464,23,11,2.1,10
2026-09-18T07:42:49+00:00,2012789438,Call of Duty: Black Ops 7,153,18,8.5,2.0,54,0.353,29,15,1.9,15
2026-09-18T07:42:49+00:00,489335,Outer Wilds,144,1,144.0,144,144,1.0,0,0,0,0
2026-09-18T07:42:49+00:00,15283,Dune,132,1,132.0,132,132,1.0,0,0,0,0
2026-09-18T07:42:49+00:00,1469308723,Software and Game Development,130,8,16.2,11.5,57,0.438,33,5,6.6,3
2026-09-18T07:42:49+00:00,1832841853,Mortal Shell II,126,2,63.0,63.0,126,1.0,0,0,0,1
2026-09-18T07:42:49+00:00,490655,Pokémon GO,124,2,62.0,62.0,77,0.621,0,0,0,0
2026-09-18T07:42:49+00:00,508455,Valheim,123,12,10.2,2.0,91,0.74,16,9,1.8,11
2026-09-18T07:42:49+00:00,1694957177,Firefighting Simulator: Ignite,119,1,119.0,119,119,1.0,0,0,0,0
2026-09-18T07:42:49+00:00,498592,I'm Only Sleeping,116,7,16.6,14,44,0.379,28,4,7.0,2
2026-09-18T07:42:49+00:00,982348888,ELDEN RING NIGHTREIGN,113,4,28.2,10.5,90,0.796,2,1,2.0,1
2026-09-18T07:42:49+00:00,829561046,Invokers: Titan Legacy,106,2,53.0,53.0,101,0.953,0,0,0,1
2026-09-18T07:42:49+00:00,1702520304,Path of Exile 2,106,5,21.2,2,80,0.755,2,2,1.0,3
2026-09-18T07:42:49+00:00,401587136,Arena Breakout: Infinite,101,4,25.2,15.5,66,0.653,4,1,4.0,2
2026-09-18T07:42:49+00:00,27471,Minecraft,100,20,5.0,2.0,30,0.3,33,17,1.9,18
2026-09-18T08:12:37+00:00,509658,Just Chatting,7583,98,77.4,19.5,1382,0.182,5168,95,54.4,42
2026-09-18T08:12:37+00:00,123184772,EA Sports FC 27,5612,115,48.8,2,2258,0.402,1394,112,12.4,100
2026-09-18T08:12:37+00:00,18122,World of Warcraft,5531,102,54.2,4.0,1376,0.249,2534,99,25.6,68
2026-09-18T08:12:37+00:00,21779,League of Legends,3599,62,58.0,2.5,1340,0.372,1082,59,18.3,43
2026-09-18T08:12:37+00:00,1742163310,Worming from Home,3571,1,3571.0,3571,3571,1.0,0,0,0,0
2026-09-18T08:12:37+00:00,513143,Teamfight Tactics,2440,15,162.7,2,1488,0.61,30,12,2.5,12
2026-09-18T08:12:37+00:00,30921,Rocket League,1961,33,59.4,2,786,0.401,248,30,8.3,27
2026-09-18T08:12:37+00:00,1357871551,The Blood of Dawnwalker,1800,14,128.6,4.5,1722,0.957,41,11,3.7,10
2026-09-18T08:12:37+00:00,1267582829,Aniimo,1594,152,10.5,2.0,292,0.183,1044,149,7.0,126
2026-09-18T08:12:37+00:00,1913410799,Total War: WARHAMMER III,1579,1,1579.0,1579,1579,1.0,0,0,0,0
2026-09-18T08:12:37+00:00,743893402,WARDOGS,1065,44,24.2,3.5,395,0.371,394,41,9.6,33
2026-09-18T08:12:37+00:00,516575,VALORANT,1041,91,11.4,2,190,0.183,587,88,6.7,74
2026-09-18T08:12:37+00:00,138585,Hearthstone,969,7,138.4,4,687,0.709,9,4,2.2,4
2026-09-18T08:12:37+00:00,32399,Counter-Strike,967,22,44.0,2.5,531,0.549,97,19,5.1,17
2026-09-18T08:12:37+00:00,499973,Always On,921,20,46.0,6.5,457,0.496,161,17,9.5,13
2026-09-18T08:12:37+00:00,20596,Dofus,883,20,44.1,7.5,610,0.691,124,17,7.3,11
2026-09-18T08:12:37+00:00,168648543,Battlefield 6,840,9,93.3,3,786,0.936,13,6,2.2,6
2026-09-18T08:12:37+00:00,505045,DOFUS Touch,660,7,94.3,17,563,0.853,35,4,8.8,2
2026-09-18T08:12:37+00:00,512710,Call of Duty: Warzone,612,38,16.1,1.0,238,0.389,134,35,3.8,29
2026-09-18T08:12:37+00:00,779192097,Fire Emblem: Fortune's Weave,544,14,38.9,2.5,293,0.539,25,11,2.3,11
2026-09-18T08:12:37+00:00,33214,Fortnite,515,77,6.7,1,239,0.464,207,74,2.8,70
2026-09-18T08:12:37+00:00,498566,Slots,511,2,255.5,255.5,266,0.521,0,0,0,0
2026-09-18T08:12:37+00:00,491487,Dead by Daylight,500,16,31.2,5.5,275,0.55,71,13,5.5,11
2026-09-18T08:12:37+00:00,509672,IRL,433,14,30.9,9.5,179,0.413,131,11,11.9,7
2026-09-18T08:12:37+00:00,509663,Special Events,398,6,66.3,16.0,304,0.764,6,3,2.0,3
2026-09-18T08:12:37+00:00,31339,Project Zomboid,382,7,54.6,6,268,0.702,13,4,3.2,4
2026-09-18T08:12:37+00:00,509660,Art,353,27,13.1,7,67,0.19,177,24,7.4,17
2026-09-18T08:12:37+00:00,75101830,Marvel's Wolverine,348,33,10.5,2,194,0.557,83,30,2.8,28
2026-09-18T08:12:37+00:00,417892,Z1: Battle Royale,329,11,29.9,9,125,0.38,47,8,5.9,6
2026-09-18T08:12:37+00:00,518203,Sports,328,2,164.0,164.0,327,0.997,0,0,0,1
2026-09-18T08:12:37+00:00,32982,Grand Theft Auto V,325,35,9.3,3,47,0.145,191,32,6.0,26
2026-09-18T08:12:37+00:00,263490,Rust,324,10,32.4,7.5,153,0.472,51,7,7.3,5
2026-09-18T08:12:37+00:00,490377,Sea of Thieves,240,6,40.0,4.5,219,0.912,6,3,2.0,4
2026-09-18T08:12:37+00:00,515025,Overwatch,237,17,13.9,4,137,0.578,60,14,4.3,13
2026-09-18T08:12:37+00:00,515024,Diablo IV,235,26,9.0,3.0,90,0.383,82,23,3.6,21
2026-09-18T08:12:37+00:00,71375,Star Citizen,235,9,26.1,11,78,0.332,45,6,7.5,4
2026-09-18T08:12:37+00:00,417528,Albion Online,219,8,27.4,12.5,90,0.411,30,5,6.0,3
2026-09-18T08:12:37+00:00,65632,DayZ,211,6,35.2,2.5,192,0.91,4,3,1.3,4
2026-09-18T08:12:37+00:00,511224,Apex Legends,197,18,10.9,1.0,78,0.396,34,15,2.3,14
2026-09-18T08:12:37+00:00,327598602,Onimusha: Way of the Sword,189,15,12.6,3,121,0.64,31,12,2.6,11
2026-09-18T08:12:37+00:00,508455,Valheim,178,19,9.4,2,105,0.59,47,16,2.9,16
2026-09-18T08:12:37+00:00,1469308723,Software and Game Development,177,13,13.6,8,71,0.401,53,10,5.3,8
2026-09-18T08:12:37+00:00,515214,Politics,174,1,174.0,174,174,1.0,0,0,0,0
2026-09-18T08:12:37+00:00,27471,Minecraft,145,30,4.8,2.0,43,0.297,67,27,2.5,27
2026-09-18T08:12:37+00:00,15283,Dune,141,1,141.0,141,141,1.0,0,0,0,0
2026-09-18T08:12:37+00:00,1694957177,Firefighting Simulator: Ignite,138,1,138.0,138,138,1.0,0,0,0,0
2026-09-18T08:12:37+00:00,1832841853,Mortal Shell II,130,2,65.0,65.0,130,1.0,0,0,0,1
2026-09-18T08:12:37+00:00,494099,Kingdom Hearts HD 1.5 + 2.5 ReMIX,130,5,26.0,7,110,0.846,4,2,2.0,4
2026-09-18T08:12:37+00:00,1702520304,Path of Exile 2,130,6,21.7,10.5,90,0.692,7,3,2.3,3
2026-09-18T08:12:37+00:00,489335,Outer Wilds,129,1,129.0,129,129,1.0,0,0,0,0
2026-09-18T08:12:37+00:00,1599346425,Co-working & Studying,126,11,11.5,9,36,0.286,51,8,6.4,6
2026-09-18T08:12:37+00:00,490655,Pokémon GO,120,2,60.0,60.0,72,0.6,0,0,0,0
2026-09-18T08:12:37+00:00,498592,I'm Only Sleeping,119,6,19.8,17.0,45,0.378,27,3,9.0,2
2026-09-18T08:12:37+00:00,2012789438,Call of Duty: Black Ops 7,113,16,7.1,2.0,49,0.434,28,13,2.2,13
2026-09-18T08:12:37+00:00,1397210469,Miniatures & Models,113,8,14.1,11.5,34,0.301,35,5,7.0,3
2026-09-18T08:12:37+00:00,1282866981,Delta Force,111,12,9.2,3.5,27,0.243,38,9,4.2,8
2026-09-18T08:12:37+00:00,27546,World of Tanks,101,10,10.1,3.5,55,0.545,17,7,2.4,8
2026-09-18T08:42:37+00:00,509658,Just Chatting,8703,101,86.2,17,1688,0.194,5195,98,53.0,46
2026-09-18T08:42:37+00:00,18122,World of Warcraft,6544,110,59.5,3.0,1189,0.182,3597,107,33.6,72
2026-09-18T08:42:37+00:00,123184772,EA Sports FC 27,5994,119,50.4,2,2243,0.374,1635,116,14.1,102
2026-09-18T08:42:37+00:00,1742163310,Worming from Home,3868,1,3868.0,3868,3868,1.0,0,0,0,0
2026-09-18T08:42:37+00:00,513143,Teamfight Tactics,2785,11,253.2,3,1843,0.662,29,8,3.6,7
2026-09-18T08:42:37+00:00,21779,League of Legends,2754,62,44.4,3.0,1013,0.368,999,59,16.9,44
2026-09-18T08:42:37+00:00,417892,Z1: Battle Royale,2329,16,145.6,6.5,1967,0.845,122,13,9.4,9
2026-09-18T08:42:37+00:00,1267582829,Aniimo,2112,159,13.3,2,408,0.193,1303,156,8.4,131
2026-09-18T08:42:37+00:00,30921,Rocket League,2075,33,62.9,2,842,0.406,287,30,9.6,25
2026-09-18T08:42:37+00:00,1357871551,The Blood of Dawnwalker,1735,15,115.7,5,1633,0.941,55,12,4.6,11
2026-09-18T08:42:37+00:00,1913410799,Total War: WARHAMMER III,1637,1,1637.0,1637,1637,1.0,0,0,0,0
2026-09-18T08:42:37+00:00,743893402,WARDOGS,1516,50,30.3,3.0,428,0.282,652,47,13.9,36
2026-09-18T08:42:37+00:00,32399,Counter-Strike,1459,23,63.4,3,803,0.55,116,20,5.8,17
2026-09-18T08:42:37+00:00,516575,VALORANT,1309,97,13.5,2,229,0.175,798,94,8.5,80
2026-09-18T08:42:37+00:00,903469103,Batomon Showdown,1258,1,1258.0,1258,1258,1.0,0,0,0,0
2026-09-18T08:42:37+00:00,138585,Hearthstone,989,7,141.3,8,696,0.704,25,4,6.2,4
2026-09-18T08:42:37+00:00,20596,Dofus,926,19,48.7,8,662,0.715,115,16,7.2,11
2026-09-18T08:42:37+00:00,499973,Always On,904,20,45.2,5.0,447,0.494,150,17,8.8,13
2026-09-18T08:42:37+00:00,168648543,Battlefield 6,863,8,107.9,4.5,807,0.935,10,5,2.0,5
2026-09-18T08:42:37+00:00,505045,DOFUS Touch,740,7,105.7,18,578,0.781,41,4,10.2,2
2026-09-18T08:42:37+00:00,512710,Call of Duty: Warzone,707,43,16.4,2,240,0.339,243,40,6.1,30
2026-09-18T08:42:37+00:00,518203,Sports,605,3,201.7,1,603,0.997,0,0,0,2
2026-09-18T08:42:37+00:00,376500771,Hades II,590,1,590.0,590,590,1.0,0,0,0,0
2026-09-18T08:42:37+00:00,509672,IRL,567,12,47.2,26.0,174,0.307,165,9,18.3,5
2026-09-18T08:42:37+00:00,491487,Dead by Daylight,544,15,36.3,4,290,0.533,89,12,7.4,8
2026-09-18T08:42:37+00:00,33214,Fortnite,529,81,6.5,1,279,0.527,166,78,2.1,75
2026-09-18T08:42:37+00:00,498566,Slots,516,2,258.0,258.0,259,0.502,0,0,0,0
2026-09-18T08:42:37+00:00,779192097,Fire Emblem: Fortune's Weave,481,14,34.4,2.0,302,0.628,23,11,2.1,12
2026-09-18T08:42:37+00:00,31339,Project Zomboid,406,6,67.7,18.5,268,0.66,15,3,5.0,2
2026-09-18T08:42:37+00:00,509663,Special Events,398,6,66.3,17.0,305,0.766,6,3,2.0,3
2026-09-18T08:42:37+00:00,263490,Rust,378,10,37.8,7.5,150,0.397,44,7,6.3,5
2026-09-18T08:42:37+00:00,75101830,Marvel's Wolverine,376,40,9.4,2.0,183,0.487,137,37,3.7,34
2026-09-18T08:42:37+00:00,509660,Art,356,27,13.2,8,61,0.171,179,24,7.5,16
2026-09-18T08:42:37+00:00,32982,Grand Theft Auto V,309,39,7.9,3,46,0.149,196,36,5.4,29
2026-09-18T08:42:37+00:00,515024,Diablo IV,295,27,10.9,3,106,0.359,118,24,4.9,21
2026-09-18T08:42:37+00:00,515025,Overwatch,280,21,13.3,1,151,0.539,64,18,3.6,16
2026-09-18T08:42:37+00:00,1469308723,Software and Game Development,254,12,21.2,10.0,91,0.358,67,9,7.4,6
2026-09-18T08:42:37+00:00,65632,DayZ,252,6,42.0,3.5,233,0.925,5,3,1.7,4
2026-09-18T08:42:37+00:00,417528,Albion Online,245,9,27.2,11,98,0.4,45,6,7.5,4
2026-09-18T08:42:37+00:00,71375,Star Citizen,238,8,29.8,9.5,82,0.345,31,5,6.2,4
2026-09-18T08:42:37+00:00,490377,Sea of Thieves,224,4,56.0,2.5,218,0.973,1,1,1.0,3
2026-09-18T08:42:37+00:00,515214,Politics,220,1,220.0,220,220,1.0,0,0,0,0
2026-09-18T08:42:37+00:00,327598602,Onimusha: Way of the Sword,214,18,11.9,2.0,123,0.575,39,15,2.6,14
2026-09-18T08:42:37+00:00,511224,Apex Legends,210,23,9.1,1,78,0.371,46,20,2.3,19
2026-09-18T08:42:37+00:00,1426287911,Onimusha: Warlords,196,1,196.0,196,196,1.0,0,0,0,0
2026-09-18T08:42:37+00:00,417752,Talk Shows & Podcasts,187,6,31.2,1.0,96,0.513,2,3,0.7,4
2026-09-18T08:42:37+00:00,27471,Minecraft,176,28,6.3,2.0,72,0.409,61,25,2.4,26
2026-09-18T08:42:37+00:00,1599346425,Co-working & Studying,166,12,13.8,11.0,41,0.247,79,9,8.8,5
2026-09-18T08:42:37+00:00,15283,Dune,153,1,153.0,153,153,1.0,0,0,0,0
2026-09-18T08:42:37+00:00,494099,Kingdom Hearts HD 1.5 + 2.5 ReMIX,147,6,24.5,5.5,122,0.83,7,3,2.3,4
2026-09-18T08:42:37+00:00,13389,Age of Empires II,144,5,28.8,12,94,0.653,8,2,4.0,2
2026-09-18T08:42:37+00:00,1515862749,Disney Dreamlight Valley,143,7,20.4,10,80,0.559,17,4,4.2,3
2026-09-18T08:42:37+00:00,498592,I'm Only Sleeping,142,7,20.3,18,49,0.345,30,4,7.5,3
2026-09-18T08:42:37+00:00,1832841853,Mortal Shell II,137,1,137.0,137,137,1.0,0,0,0,0
2026-09-18T08:42:37+00:00,1702520304,Path of Exile 2,133,6,22.2,10.0,86,0.647,11,3,3.7,3
2026-09-18T08:42:37+00:00,1282866981,Delta Force,131,12,10.9,4.0,65,0.496,29,9,3.2,9
2026-09-18T08:42:37+00:00,1694957177,Firefighting Simulator: Ignite,128,1,128.0,128,128,1.0,0,0,0,0
2026-09-18T08:42:37+00:00,1397210469,Miniatures & Models,128,8,16.0,11.5,37,0.289,39,5,7.8,3
2026-09-18T08:42:37+00:00,509673,Makers & Crafting,124,4,31.0,19.0,85,0.685,1,1,1.0,1
2026-09-18T08:42:37+00:00,490655,Pokémon GO,122,2,61.0,61.0,73,0.598,0,0,0,0
2026-09-18T08:42:37+00:00,489335,Outer Wilds,119,1,119.0,119,119,1.0,0,0,0,0
2026-09-18T08:42:37+00:00,2012789438,Call of Duty: Black Ops 7,113,20,5.7,1.0,38,0.336,35,17,2.1,18
2026-09-18T08:42:37+00:00,401587136,Arena Breakout: Infinite,111,5,22.2,9,73,0.658,14,2,7.0,3
2026-09-18T08:42:37+00:00,27546,World of Tanks,109,9,12.1,3,59,0.541,17,6,2.8,7
2026-09-18T08:42:37+00:00,508455,Valheim,109,21,5.2,2,33,0.303,52,18,2.9,18
2026-09-18T08:42:37+00:00,1478650472,Call of Duty: Modern Warfare 4,104,1,104.0,104,104,1.0,0,0,0,0
2026-09-18T08:42:37+00:00,458781,No Man's Sky,103,7,14.7,8,45,0.437,14,4,3.5,4
2026-09-18T08:42:37+00:00,66082,Games + Demos,100,19,5.3,1,31,0.31,30,16,1.9,15
2026-09-18T09:12:37+00:00,509658,Just Chatting,9782,93,105.2,18,1830,0.187,5829,90,64.8,36
2026-09-18T09:12:37+00:00,18122,World of Warcraft,7028,102,68.9,4.0,1317,0.187,3830,99,38.7,63
2026-09-18T09:12:37+00:00,123184772,EA Sports FC 27,6839,138,49.6,1.0,2114,0.309,2531,135,18.7,121
2026-09-18T09:12:37+00:00,21779,League of Legends,5327,70,76.1,3.0,2042,0.383,1322,67,19.7,49
2026-09-18T09:12:37+00:00,1742163310,Worming from Home,4002,1,4002.0,4002,4002,1.0,0,0,0,0
2026-09-18T09:12:37+00:00,513143,Teamfight Tactics,3003,15,200.2,2,1942,0.647,30,12,2.5,11
2026-09-18T09:12:37+00:00,417892,Z1: Battle Royale,2905,13,223.5,6,2728,0.939,72,10,7.2,7
2026-09-18T09:12:37+00:00,1267582829,Aniimo,2345,171,13.7,3,529,0.226,1384,168,8.2,137
2026-09-18T09:12:37+00:00,30921,Rocket League,2109,35,60.3,2,842,0.399,236,32,7.4,26
2026-09-18T09:12:37+00:00,32399,Counter-Strike,2009,28,71.8,3.0,998,0.497,120,25,4.8,22
2026-09-18T09:12:37+00:00,1913410799,Total War: WARHAMMER III,1730,1,1730.0,1730,1730,1.0,0,0,0,0
2026-09-18T09:12:37+00:00,743893402,WARDOGS,1640,49,33.5,2,439,0.268,637,46,13.8,35
2026-09-18T09:12:37+00:00,516575,VALORANT,1279,119,10.7,2,245,0.192,717,116,6.2,101
2026-09-18T09:12:37+00:00,138585,Hearthstone,1023,6,170.5,8.5,734,0.717,13,3,4.3,4
2026-09-18T09:12:37+00:00,499973,Always On,977,19,51.4,4,494,0.506,150,16,9.4,13
2026-09-18T09:12:37+00:00,20596,Dofus,951,21,45.3,5,671,0.706,119,18,6.6,12
2026-09-18T09:12:37+00:00,168648543,Battlefield 6,931,13,71.6,1,897,0.963,13,10,1.3,11
2026-09-18T09:12:37+00:00,903469103,Batomon Showdown,914,1,914.0,914,914,1.0,0,0,0,0
2026-09-18T09:12:37+00:00,505045,DOFUS Touch,735,5,147.0,37,559,0.761,28,2,14.0,1
2026-09-18T09:12:37+00:00,376500771,Hades II,726,1,726.0,726,726,1.0,0,0,0,0
2026-09-18T09:12:37+00:00,512710,Call of Duty: Warzone,721,50,14.4,2.0,238,0.33,299,47,6.4,36
2026-09-18T09:12:37+00:00,509672,IRL,576,8,72.0,43.5,218,0.378,106,5,21.2,2
2026-09-18T09:12:37+00:00,417752,Talk Shows & Podcasts,514,8,64.2,1.0,298,0.58,4,5,0.8,5
2026-09-18T09:12:37+00:00,498566,Slots,493,2,246.5,246.5,251,0.509,0,0,0,0
2026-09-18T09:12:37+00:00,779192097,Fire Emblem: Fortune's Weave,475,14,33.9,3.0,293,0.617,31,11,2.8,11
2026-09-18T09:12:37+00:00,33214,Fortnite,450,78,5.8,1.0,277,0.616,138,75,1.8,74
2026-09-18T09:12:37+00:00,75101830,Marvel's Wolverine,422,40,10.6,2.0,193,0.457,142,37,3.8,33
2026-09-18T09:12:37+00:00,263490,Rust,412,12,34.3,8.0,137,0.333,87,9,9.7,6
2026-09-18T09:12:37+00:00,31339,Project Zomboid,398,6,66.3,15.5,280,0.704,9,3,3.0,3
2026-09-18T09:12:37+00:00,491487,Dead by Daylight,397,18,22.1,3.0,288,0.725,60,15,4.0,14
2026-09-18T09:12:37+00:00,511224,Apex Legends,396,26,15.2,2.0,171,0.432,78,23,3.4,21
2026-09-18T09:12:37+00:00,509663,Special Events,391,6,65.2,14.5,302,0.772,6,3,2.0,3
2026-09-18T09:12:37+00:00,509660,Art,346,28,12.4,5.5,67,0.194,171,25,6.8,19
2026-09-18T09:12:37+00:00,515025,Overwatch,342,28,12.2,3.0,160,0.468,117,25,4.7,20
2026-09-18T09:12:37+00:00,515024,Diablo IV,298,29,10.3,4,100,0.336,121,26,4.7,23
2026-09-18T09:12:37+00:00,32982,Grand Theft Auto V,294,51,5.8,2,44,0.15,201,48,4.2,40
2026-09-18T09:12:37+00:00,417528,Albion Online,262,7,37.4,26,107,0.408,36,4,9.0,3
2026-09-18T09:12:37+00:00,65632,DayZ,257,7,36.7,3,229,0.891,9,4,2.2,5
2026-09-18T09:12:37+00:00,71375,Star Citizen,243,9,27.0,9,89,0.366,26,6,4.3,5
2026-09-18T09:12:37+00:00,327598602,Onimusha: Way of the Sword,240,13,18.5,2,146,0.608,33,10,3.3,9
2026-09-18T09:12:37+00:00,490377,Sea of Thieves,238,7,34.0,5,208,0.874,8,4,2.0,5
2026-09-18T09:12:37+00:00,515214,Politics,228,1,228.0,228,228,1.0,0,0,0,0
2026-09-18T09:12:37+00:00,1426287911,Onimusha: Warlords,225,1,225.0,225,225,1.0,0,0,0,0
2026-09-18T09:12:37+00:00,508455,Valheim,214,23,9.3,2,104,0.486,64,20,3.2,19
2026-09-18T09:12:37+00:00,1931693784,Pokémon Champions,210,3,70.0,1,208,0.99,0,0,0,2
2026-09-18T09:12:37+00:00,1469308723,Software and Game Development,198,9,22.0,6,96,0.485,22,6,3.7,6
2026-09-18T09:12:37+00:00,902998079,Halloween: The Game,188,9,20.9,1,159,0.846,8,6,1.3,7
2026-09-18T09:12:37+00:00,630489509,Sol Cesto,178,1,178.0,178,178,1.0,0,0,0,0
2026-09-18T09:12:37+00:00,13389,Age of Empires II,175,6,29.2,13.0,110,0.629,11,3,3.7,3
2026-09-18T09:12:37+00:00,27471,Minecraft,172,27,6.4,1,83,0.483,47,24,2.0,25
2026-09-18T09:12:37+00:00,1832841853,Mortal Shell II,170,2,85.0,85.0,158,0.929,0,0,0,0
2026-09-18T09:12:37+00:00,494099,Kingdom Hearts HD 1.5 + 2.5 ReMIX,160,5,32.0,4,140,0.875,3,2,1.5,3
2026-09-18T09:12:37+00:00,2012789438,Call of Duty: Black Ops 7,160,21,7.6,1,47,0.294,41,18,2.3,18
2026-09-18T09:12:37+00:00,15283,Dune,157,1,157.0,157,157,1.0,0,0,0,0
2026-09-18T09:12:37+00:00,1599346425,Co-working & Studying,157,12,13.1,11.0,40,0.255,65,9,7.2,5
2026-09-18T09:12:37+00:00,1397210469,Miniatures & Models,149,9,16.6,10,49,0.329,45,6,7.5,4
2026-09-18T09:12:37+00:00,1515862749,Disney Dreamlight Valley,147,9,16.3,3,88,0.599,17,6,2.8,6
2026-09-18T09:12:37+00:00,1478650472,Call of Duty: Modern Warfare 4,134,1,134.0,134,134,1.0,0,0,0,0
2026-09-18T09:12:37+00:00,1122982998,Dark Souls: Remastered,134,3,44.7,7,126,0.94,0,0,0,2
2026-09-18T09:12:37+00:00,401587136,Arena Breakout: Infinite,132,6,22.0,12.5,73,0.553,19,3,6.3,3
2026-09-18T09:12:37+00:00,489335,Outer Wilds,130,2,65.0,65.0,123,0.946,0,0,0,1
2026-09-18T09:12:37+00:00,1282866981,Delta Force,128,9,14.2,3,89,0.695,14,6,2.3,7
2026-09-18T09:12:37+00:00,498592,I'm Only Sleeping,126,6,21.0,13.5,52,0.413,14,3,4.7,3
2026-09-18T09:12:37+00:00,509673,Makers & Crafting,124,5,24.8,19,81,0.653,3,2,1.5,2
2026-09-18T09:12:37+00:00,1694957177,Firefighting Simulator: Ignite,122,2,61.0,61.0,121,0.992,0,0,0,1
2026-09-18T09:12:37+00:00,1702520304,Path of Exile 2,120,6,20.0,8.5,82,0.683,6,3,2.0,3
2026-09-18T09:12:37+00:00,460630,Rainbow Six Siege,118,13,9.1,1,60,0.508,11,10,1.1,10
2026-09-18T09:12:37+00:00,458781,No Man's Sky,115,7,16.4,13,47,0.409,19,4,4.8,3
2026-09-18T09:12:37+00:00,1102949822,FINAL FANTASY VII REBIRTH,114,3,38.0,13,97,0.851,0,0,0,1
2026-09-18T09:12:37+00:00,490655,Pokémon GO,114,2,57.0,57.0,63,0.553,0,0,0,0
2026-09-18T09:12:37+00:00,771448419,Aion 2,111,3,37.0,7,102,0.919,0,0,0,2
2026-09-18T09:12:37+00:00,27546,World of Tanks,111,10,11.1,3.0,60,0.541,17,7,2.4,8
2026-09-18T09:12:37+00:00,1357871551,The Blood of Dawnwalker,109,14,7.8,3.5,28,0.257,34,11,3.1,11
2026-09-18T09:42:37+00:00,509658,Just Chatting,11505,95,121.1,19,1895,0.165,7107,92,77.2,37
2026-09-18T09:42:37+00:00,18122,World of Warcraft,7639,118,64.7,4.0,1159,0.152,4379,115,38.1,77
2026-09-18T09:42:37+00:00,21779,League of Legends,7545,83,90.9,3,2888,0.383,1458,80,18.2,60
2026-09-18T09:42:37+00:00,123184772,EA Sports FC 27,7249,144,50.3,1.0,2254,0.311,2824,141,20.0,124
2026-09-18T09:42:37+00:00,1742163310,Worming from Home,4092,1,4092.0,4092,4092,1.0,0,0,0,0
2026-09-18T09:42:37+00:00,417892,Z1: Battle Royale,3323,10,332.3,18.0,3153,0.949,66,7,9.4,4
2026-09-18T09:42:37+00:00,1267582829,Aniimo,2939,176,16.7,2.5,596,0.203,1596,173,9.2,144
2026-09-18T09:42:37+00:00,513143,Teamfight Tactics,2853,11,259.4,3,1898,0.665,46,8,5.8,7
2026-09-18T09:42:37+00:00,32399,Counter-Strike,2311,25,92.4,5,955,0.413,418,22,19.0,17
2026-09-18T09:42:37+00:00,30921,Rocket League,2276,38,59.9,1.0,853,0.375,455,35,13.0,28
2026-09-18T09:42:37+00:00,743893402,WARDOGS,1856,51,36.4,2,487,0.262,758,48,15.8,39
2026-09-18T09:42:37+00:00,1913410799,Total War: WARHAMMER III,1680,1,1680.0,1680,1680,1.0,0,0,0,0
2026-09-18T09:42:37+00:00,516575,VALORANT,1209,112,10.8,2.0,252,0.208,663,109,6.1,98
2026-09-18T09:42:37+00:00,138585,Hearthstone,1158,8,144.8,10.5,849,0.733,34,5,6.8,4
2026-09-18T09:42:37+00:00,498566,Slots,1080,3,360.0,254,578,0.535,0,0,0,0
2026-09-18T09:42:37+00:00,499973,Always On,1012,20,50.6,4.5,509,0.503,160,17,9.4,14
2026-09-18T09:42:37+00:00,168648543,Battlefield 6,974,11,88.5,2,947,0.972,12,8,1.5,9
2026-09-18T09:42:37+00:00,20596,Dofus,937,19,49.3,3,677,0.723,93,16,5.8,13
2026-09-18T09:42:37+00:00,903469103,Batomon Showdown,783,2,391.5,391.5,782,0.999,0,0,0,1
2026-09-18T09:42:37+00:00,376500771,Hades II,736,2,368.0,368.0,734,0.997,0,0,0,1
2026-09-18T09:42:37+00:00,512710,Call of Duty: Warzone,733,50,14.7,2.0,249,0.34,310,47,6.6,39
2026-09-18T09:42:37+00:00,33214,Fortnite,691,78,8.9,1.0,281,0.407,157,75,2.1,72
2026-09-18T09:42:37+00:00,263490,Rust,666,11,60.5,1,292,0.438,113,8,14.1,6
2026-09-18T09:42:37+00:00,509672,IRL,615,11,55.9,14,257,0.418,113,8,14.1,4
2026-09-18T09:42:37+00:00,417752,Talk Shows & Podcasts,536,6,89.3,1.0,347,0.647,2,3,0.7,4
2026-09-18T09:42:37+00:00,515025,Overwatch,461,20,23.1,7.0,152,0.33,164,17,9.6,12
2026-09-18T09:42:37+00:00,779192097,Fire Emblem: Fortune's Weave,459,14,32.8,1.0,305,0.664,18,11,1.6,11
2026-09-18T09:42:37+00:00,491487,Dead by Daylight,414,16,25.9,4.5,304,0.734,59,13,4.5,12
2026-09-18T09:42:37+00:00,31339,Project Zomboid,412,8,51.5,5.5,283,0.687,16,5,3.2,5
2026-09-18T09:42:37+00:00,509663,Special Events,380,5,76.0,27,299,0.787,2,2,1.0,2
2026-09-18T09:42:37+00:00,509660,Art,379,27,14.0,9,72,0.19,217,24,9.0,14
2026-09-18T09:42:37+00:00,65632,DayZ,351,8,43.9,6.0,218,0.621,19,5,3.8,5
2026-09-18T09:42:37+00:00,511224,Apex Legends,316,27,11.7,1,177,0.56,41,24,1.7,24
2026-09-18T09:42:37+00:00,490377,Sea of Thieves,300,8,37.5,9.5,234,0.78,24,5,4.8,4
2026-09-18T09:42:37+00:00,1931693784,Pokémon Champions,296,3,98.7,3,292,0.986,0,0,0,2
2026-09-18T09:42:37+00:00,602040818,NBA 2K27,286,8,35.8,1.5,268,0.937,5,5,1.0,7
2026-09-18T09:42:37+00:00,1426287911,Onimusha: Warlords,278,1,278.0,278,278,1.0,0,0,0,0
2026-09-18T09:42:37+00:00,515024,Diablo IV,272,23,11.8,5,84,0.309,104,20,5.2,18
2026-09-18T09:42:37+00:00,32982,Grand Theft Auto V,272,46,5.9,2.0,41,0.151,171,43,4.0,38
2026-09-18T09:42:37+00:00,505045,DOFUS Touch,264,3,88.0,50,212,0.803,0,0,0,1
2026-09-18T09:42:37+00:00,71375,Star Citizen,251,9,27.9,7,94,0.375,27,6,4.5,5
2026-09-18T09:42:37+00:00,417528,Albion Online,246,7,35.1,22,99,0.402,26,4,6.5,3
2026-09-18T09:42:37+00:00,327598602,Onimusha: Way of the Sword,226,12,18.8,4.0,132,0.584,32,9,3.6,8
2026-09-18T09:42:37+00:00,75101830,Marvel's Wolverine,224,38,5.9,2.0,68,0.304,99,35,2.8,34
2026-09-18T09:42:37+00:00,508455,Valheim,221,22,10.0,2.5,98,0.443,63,19,3.3,18
2026-09-18T09:42:37+00:00,515214,Politics,214,1,214.0,214,214,1.0,0,0,0,0
2026-09-18T09:42:37+00:00,902998079,Halloween: The Game,210,9,23.3,4,170,0.81,15,6,2.5,7
2026-09-18T09:42:37+00:00,27471,Minecraft,198,34,5.8,2.0,95,0.48,62,31,2.0,32
2026-09-18T09:42:37+00:00,1832841853,Mortal Shell II,190,2,95.0,95.0,178,0.937,0,0,0,0
2026-09-18T09:42:37+00:00,13389,Age of Empires II,180,5,36.0,24,122,0.678,6,2,3.0,2
2026-09-18T09:42:37+00:00,1282866981,Delta Force,170,8,21.2,5.5,114,0.671,21,5,4.2,5
2026-09-18T09:42:37+00:00,494099,Kingdom Hearts HD 1.5 + 2.5 ReMIX,165,7,23.6,6,138,0.836,10,4,2.5,5
2026-09-18T09:42:37+00:00,630489509,Sol Cesto,163,2,81.5,81.5,163,1.0,0,0,0,1
2026-09-18T09:42:37+00:00,1397210469,Miniatures & Models,157,8,19.6,12.5,52,0.331,49,5,9.8,3
2026-09-18T09:42:37+00:00,2012789438,Call of Duty: Black Ops 7,156,24,6.5,1.5,52,0.333,38,21,1.8,21
2026-09-18T09:42:37+00:00,1515862749,Disney Dreamlight Valley,155,7,22.1,8,90,0.581,14,4,3.5,4
2026-09-18T09:42:37+00:00,1599346425,Co-working & Studying,152,10,15.2,14.5,35,0.23,73,7,10.4,3
2026-09-18T09:42:37+00:00,15283,Dune,146,1,146.0,146,146,1.0,0,0,0,0
2026-09-18T09:42:37+00:00,1357871551,The Blood of Dawnwalker,143,16,8.9,4.0,50,0.35,46,13,3.5,12
2026-09-18T09:42:37+00:00,491931,Escape from Tarkov,142,5,28.4,10,94,0.662,12,2,6.0,2
2026-09-18T09:42:37+00:00,460630,Rainbow Six Siege,138,10,13.8,4.0,59,0.428,19,7,2.7,7
2026-09-18T09:42:37+00:00,771448419,Aion 2,136,4,34.0,20.5,91,0.669,4,1,4.0,1
2026-09-18T09:42:37+00:00,1694957177,Firefighting Simulator: Ignite,127,2,63.5,63.5,125,0.984,0,0,0,1
2026-09-18T09:42:37+00:00,490655,Pokémon GO,127,2,63.5,63.5,67,0.528,0,0,0,0
2026-09-18T09:42:37+00:00,489335,Outer Wilds,126,2,63.0,63.0,121,0.96,0,0,0,1
2026-09-18T09:42:37+00:00,401587136,Arena Breakout: Infinite,125,4,31.2,23.0,75,0.6,4,1,4.0,1
2026-09-18T09:42:37+00:00,509673,Makers & Crafting,119,5,23.8,17,80,0.672,3,2,1.5,2
2026-09-18T09:42:37+00:00,1122982998,Dark Souls: Remastered,118,2,59.0,59.0,117,0.992,0,0,0,1
2026-09-18T09:42:37+00:00,1102949822,FINAL FANTASY VII REBIRTH,115,3,38.3,11,100,0.87,0,0,0,1
2026-09-18T09:42:37+00:00,1702520304,Path of Exile 2,110,4,27.5,18.5,71,0.645,2,1,2.0,1
2026-09-18T09:42:37+00:00,1478650472,Call of Duty: Modern Warfare 4,108,1,108.0,108,108,1.0,0,0,0,0
2026-09-18T09:42:37+00:00,27546,World of Tanks,108,9,12.0,4,59,0.546,15,6,2.5,7
2026-09-18T09:42:37+00:00,509511,Marbles on Stream,108,3,36.0,48,57,0.528,0,0,0,1
2026-09-18T09:42:37+00:00,1329153872,Pokémon Pokopia,106,5,21.2,9,60,0.566,6,2,3.0,3
2026-09-18T09:42:37+00:00,21136,WAKFU,103,5,20.6,21,53,0.515,7,2,3.5,2
2026-09-18T09:42:37+00:00,498592,I'm Only Sleeping,102,6,17.0,13.0,51,0.5,8,3,2.7,3
2026-09-18T09:42:37+00:00,23857,Pokémon HeartGold/SoulSilver,101,3,33.7,4,96,0.95,0,0,0,2
2026-09-18T09:42:37+00:00,76929895,The Seven Deadly Sins: Origin,101,4,25.2,8.0,84,0.832,1,1,1.0,2
2026-09-18T10:12:34+00:00,509658,Just Chatting,10158,94,108.1,18.0,2054,0.202,5691,91,62.5,39
2026-09-18T10:12:34+00:00,18122,World of Warcraft,8874,107,82.9,4,2422,0.273,4230,104,40.7,71
2026-09-18T10:12:34+00:00,21779,League of Legends,8003,78,102.6,2.0,3214,0.402,1459,75,19.5,56
2026-09-18T10:12:34+00:00,123184772,EA Sports FC 27,7339,139,52.8,1,2128,0.29,2897,136,21.3,118
2026-09-18T10:12:34+00:00,32399,Counter-Strike,4067,27,150.6,5,1428,0.351,557,24,23.2,18
2026-09-18T10:12:34+00:00,1742163310,Worming from Home,3815,1,3815.0,3815,3815,1.0,0,0,0,0
2026-09-18T10:12:34+00:00,1267582829,Aniimo,3584,168,21.3,3.0,607,0.169,2170,165,13.2,133
2026-09-18T10:12:34+00:00,417892,Z1: Battle Royale,3527,13,271.3,2,3355,0.951,64,10,6.4,7
2026-09-18T10:12:34+00:00,513143,Teamfight Tactics,3250,14,232.1,9.5,2170,0.668,115,11,10.5,7
2026-09-18T10:12:34+00:00,30921,Rocket League,2527,42,60.2,2.0,1011,0.4,501,39,12.8,32
2026-09-18T10:12:34+00:00,743893402,WARDOGS,2185,57,38.3,3,536,0.245,873,54,16.2,43
2026-09-18T10:12:34+00:00,498566,Slots,1409,3,469.7,257,903,0.641,0,0,0,0
2026-09-18T10:12:34+00:00,138585,Hearthstone,1229,6,204.8,10.0,936,0.762,11,3,3.7,3
2026-09-18T10:12:34+00:00,516575,VALORANT,1206,115,10.5,2,249,0.206,667,112,6.0,98
2026-09-18T10:12:34+00:00,168648543,Battlefield 6,1065,11,96.8,4,1021,0.959,22,8,2.8,8
2026-09-18T10:12:34+00:00,20596,Dofus,1039,22,47.2,8.0,652,0.628,230,19,12.1,12
2026-09-18T10:12:34+00:00,499973,Always On,1038,18,57.7,3.0,512,0.493,146,15,9.7,12
2026-09-18T10:12:34+00:00,33214,Fortnite,828,87,9.5,1,293,0.354,240,84,2.9,78
2026-09-18T10:12:34+00:00,1429246898,A Weird Game About Sausage,786,1,786.0,786,786,1.0,0,0,0,0
2026-09-18T10:12:34+00:00,263490,Rust,774,9,86.0,12,443,0.572,71,6,11.8,4
2026-09-18T10:12:34+00:00,376500771,Hades II,749,3,249.7,3,745,0.995,0,0,0,2
2026-09-18T10:12:34+00:00,903469103,Batomon Showdown,723,2,361.5,361.5,721,0.997,0,0,0,1
2026-09-18T10:12:34+00:00,512710,Call of Duty: Warzone,686,47,14.6,2,252,0.367,243,44,5.5,36
2026-09-18T10:12:34+00:00,508455,Valheim,643,26,24.7,3.0,292,0.454,131,23,5.7,20
2026-09-18T10:12:34+00:00,602040818,NBA 2K27,574,8,71.8,1.5,557,0.97,6,5,1.2,7
2026-09-18T10:12:34+00:00,509672,IRL,511,13,39.3,14,271,0.53,107,10,10.7,5
2026-09-18T10:12:34+00:00,1114331153,Solasta II,442,2,221.0,221.0,396,0.896,0,0,0,0
2026-09-18T10:12:34+00:00,490377,Sea of Thieves,439,11,39.9,14,258,0.588,90,8,11.2,4
2026-09-18T10:12:34+00:00,509663,Special Events,421,6,70.2,16.5,327,0.777,10,3,3.3,3
2026-09-18T10:12:34+00:00,1357871551,The Blood of Dawnwalker,420,20,21.0,3.0,255,0.607,100,17,5.9,13
2026-09-18T10:12:34+00:00,65632,DayZ,418,6,69.7,9.0,214,0.512,7,3,2.3,3
2026-09-18T10:12:34+00:00,491487,Dead by Daylight,414,14,29.6,4.5,325,0.785,44,11,4.0,10
2026-09-18T10:12:34+00:00,512953,ELDEN RING,398,4,99.5,2.0,393,0.987,1,1,1.0,3
2026-09-18T10:12:34+00:00,511224,Apex Legends,379,23,16.5,1,204,0.538,40,20,2.0,19
2026-09-18T10:12:34+00:00,417752,Talk Shows & Podcasts,377,4,94.2,1.0,375,0.995,0,1,0.0,3
2026-09-18T10:12:34+00:00,505045,DOFUS Touch,377,3,125.7,62,263,0.698,0,0,0,0
2026-09-18T10:12:34+00:00,743,Chess,360,3,120.0,48,310,0.861,0,0,0,1
2026-09-18T10:12:34+00:00,1931693784,Pokémon Champions,348,3,116.0,4,343,0.986,0,0,0,2
2026-09-18T10:12:34+00:00,509660,Art,348,22,15.8,11.0,54,0.155,207,19,10.9,10
2026-09-18T10:12:34+00:00,18168,Onimusha 2: Samurai's Destiny,312,1,312.0,312,312,1.0,0,0,0,0
2026-09-18T10:12:34+00:00,515025,Overwatch,306,14,21.9,9.0,122,0.399,114,11,10.4,7
2026-09-18T10:12:34+00:00,27471,Minecraft,288,36,8.0,1.0,107,0.372,67,33,2.0,33
2026-09-18T10:12:34+00:00,32982,Grand Theft Auto V,271,41,6.6,2,41,0.151,165,38,4.3,33
2026-09-18T10:12:34+00:00,75101830,Marvel's Wolverine,269,43,6.3,2,82,0.305,124,40,3.1,38
2026-09-18T10:12:34+00:00,515024,Diablo IV,268,25,10.7,3,92,0.343,99,22,4.5,19
2026-09-18T10:12:34+00:00,779192097,Fire Emblem: Fortune's Weave,261,10,26.1,2.0,237,0.908,11,7,1.6,9
2026-09-18T10:12:34+00:00,902998079,Halloween: The Game,237,8,29.6,2.5,195,0.823,8,5,1.6,6
2026-09-18T10:12:34+00:00,71375,Star Citizen,203,5,40.6,1,110,0.542,1,2,0.5,3
2026-09-18T10:12:34+00:00,1515862749,Disney Dreamlight Valley,177,7,25.3,10,104,0.588,23,4,5.8,3
2026-09-18T10:12:34+00:00,494099,Kingdom Hearts HD 1.5 + 2.5 ReMIX,171,6,28.5,5.5,151,0.883,7,3,2.3,5
2026-09-18T10:12:34+00:00,1282866981,Delta Force,170,7,24.3,6,135,0.794,12,4,3.0,5
2026-09-18T10:12:34+00:00,1832841853,Mortal Shell II,166,2,83.0,83.0,154,0.928,0,0,0,0
2026-09-18T10:12:34+00:00,13389,Age of Empires II,166,3,55.3,31,134,0.807,0,0,0,1
2026-09-18T10:12:34+00:00,327598602,Onimusha: Way of the Sword,160,10,16.0,2.0,109,0.681,13,7,1.9,8
2026-09-18T10:12:34+00:00,630489509,Sol Cesto,154,2,77.0,77.0,152,0.987,0,0,0,1
2026-09-18T10:12:34+00:00,0,Sans catégorie,154,36,4.3,1.0,117,0.76,30,33,0.9,35
2026-09-18T10:12:34+00:00,491931,Escape from Tarkov,148,7,21.1,10,100,0.676,22,4,5.5,3
2026-09-18T10:12:34+00:00,401587136,Arena Breakout: Infinite,148,6,24.7,11.5,82,0.554,16,3,5.3,3
2026-09-18T10:12:34+00:00,15283,Dune,144,1,144.0,144,144,1.0,0,0,0,0
2026-09-18T10:12:34+00:00,1122982998,Dark Souls: Remastered,142,2,71.0,71.0,117,0.824,0,0,0,0
2026-09-18T10:12:34+00:00,1751366933,Riftbound,137,4,34.2,34.0,53,0.387,16,1,16.0,0
2026-09-18T10:12:34+00:00,417528,Albion Online,135,5,27.0,3,93,0.689,3,2,1.5,3
2026-09-18T10:12:34+00:00,771448419,Aion 2,134,3,44.7,20,108,0.806,0,0,0,1
2026-09-18T10:12:34+00:00,1599346425,Co-working & Studying,129,6,21.5,16.5,53,0.411,34,3,11.3,1
2026-09-18T10:12:34+00:00,1694957177,Firefighting Simulator: Ignite,127,2,63.5,63.5,123,0.969,0,0,0,1
2026-09-18T10:12:34+00:00,518203,Sports,124,4,31.0,1.0,122,0.984,0,1,0.0,3
2026-09-18T10:12:34+00:00,1478650472,Call of Duty: Modern Warfare 4,122,1,122.0,122,122,1.0,0,0,0,0
2026-09-18T10:12:34+00:00,76929895,The Seven Deadly Sins: Origin,118,6,19.7,5.5,92,0.78,11,3,3.7,5
2026-09-18T10:12:34+00:00,490655,Pokémon GO,117,2,58.5,58.5,62,0.53,0,0,0,0
2026-09-18T10:12:34+00:00,1702520304,Path of Exile 2,116,7,16.6,7,65,0.56,17,4,4.2,4
2026-09-18T10:12:34+00:00,1264310518,Marvel Rivals,116,11,10.5,2,73,0.629,15,8,1.9,8
2026-09-18T10:12:34+00:00,458781,No Man's Sky,116,7,16.6,8,49,0.422,14,4,3.5,4
2026-09-18T10:12:34+00:00,772157971,Writing & Reading,109,4,27.2,27.5,48,0.44,6,1,6.0,1
2026-09-18T10:12:34+00:00,1749963163,Dying Light: The Beast,106,2,53.0,53.0,62,0.585,0,0,0,0
2026-09-18T10:12:34+00:00,460630,Rainbow Six Siege,106,15,7.1,1,46,0.434,16,12,1.3,13
2026-09-18T10:12:34+00:00,31339,Project Zomboid,102,7,14.6,3,86,0.843,7,4,1.8,6
2026-09-18T10:42:35+00:00,509658,Just Chatting,10946,96,114.0,20.0,2317,0.212,5728,93,61.6,37
2026-09-18T10:42:35+00:00,18122,World of Warcraft,9906,121,81.9,5,2815,0.284,4823,118,40.9,77
2026-09-18T10:42:35+00:00,21779,League of Legends,8816,75,117.5,4,3558,0.404,1540,72,21.4,57
2026-09-18T10:42:35+00:00,123184772,EA Sports FC 27,8744,158,55.3,1.0,2109,0.241,4273,155,27.6,136
2026-09-18T10:42:35+00:00,32399,Counter-Strike,5351,27,198.2,5,2298,0.429,1213,24,50.5,17
2026-09-18T10:42:35+00:00,417892,Z1: Battle Royale,4048,12,337.3,1.5,3873,0.957,43,9,4.8,8
2026-09-18T10:42:35+00:00,1267582829,Aniimo,3988,170,23.5,3.0,638,0.16,2527,167,15.1,134
2026-09-18T10:42:35+00:00,1503830969,Sniper Dan,3813,1,3813.0,3813,3813,1.0,0,0,0,0
2026-09-18T10:42:35+00:00,30921,Rocket League,2923,41,71.3,3,1037,0.355,734,38,19.3,28
2026-09-18T10:42:35+00:00,743893402,WARDOGS,2169,60,36.1,3.0,591,0.272,889,57,15.6,43
2026-09-18T10:42:35+00:00,513143,Teamfight Tactics,1650,13,126.9,5,786,0.476,125,10,12.5,7
2026-09-18T10:42:35+00:00,516575,VALORANT,1634,121,13.5,2,279,0.171,911,118,7.7,99
2026-09-18T10:42:35+00:00,138585,Hearthstone,1292,5,258.4,18,993,0.769,12,2,6.0,1
2026-09-18T10:42:35+00:00,498566,Slots,1253,3,417.7,262,776,0.619,0,0,0,0
2026-09-18T10:42:35+00:00,168648543,Battlefield 6,1218,12,101.5,5.0,1058,0.869,36,9,4.0,8
2026-09-18T10:42:35+00:00,499973,Always On,1107,18,61.5,1.5,594,0.537,142,15,9.5,12
2026-09-18T10:42:35+00:00,1114331153,Solasta II,1040,2,520.0,520.0,924,0.888,0,0,0,0
2026-09-18T10:42:35+00:00,505045,DOFUS Touch,971,5,194.2,266,311,0.32,111,2,55.5,0
2026-09-18T10:42:35+00:00,1429246898,A Weird Game About Sausage,951,1,951.0,951,951,1.0,0,0,0,0
2026-09-18T10:42:35+00:00,33214,Fortnite,938,93,10.1,1,298,0.318,217,90,2.4,87
2026-09-18T10:42:35+00:00,20596,Dofus,924,15,61.6,10,679,0.735,140,12,11.7,7
2026-09-18T10:42:35+00:00,263490,Rust,895,11,81.4,1,586,0.655,59,8,7.4,7
2026-09-18T10:42:35+00:00,903469103,Batomon Showdown,803,1,803.0,803,803,1.0,0,0,0,0
2026-09-18T10:42:35+00:00,376500771,Hades II,756,2,378.0,378.0,755,0.999,0,0,0,1
2026-09-18T10:42:35+00:00,602040818,NBA 2K27,743,10,74.3,2.5,713,0.96,14,7,2.0,8
2026-09-18T10:42:35+00:00,512710,Call of Duty: Warzone,738,52,14.2,2.0,254,0.344,284,49,5.8,39
2026-09-18T10:42:35+00:00,508455,Valheim,685,22,31.1,2.0,252,0.368,175,19,9.2,15
2026-09-18T10:42:35+00:00,490377,Sea of Thieves,623,13,47.9,17,313,0.502,170,10,17.0,5
2026-09-18T10:42:35+00:00,743,Chess,575,3,191.7,4,569,0.99,0,0,0,2
2026-09-18T10:42:35+00:00,512953,ELDEN RING,542,7,77.4,2,530,0.978,6,4,1.5,6
2026-09-18T10:42:35+00:00,509672,IRL,511,12,42.6,16.0,274,0.536,105,9,11.7,6
2026-09-18T10:42:35+00:00,19745,Pokémon Platinum Version,480,2,240.0,240.0,479,0.998,0,0,0,1
2026-09-18T10:42:35+00:00,1931693784,Pokémon Champions,475,3,158.3,133,341,0.718,0,0,0,1
2026-09-18T10:42:35+00:00,65632,DayZ,453,5,90.6,4,237,0.523,3,2,1.5,3
2026-09-18T10:42:35+00:00,511224,Apex Legends,438,25,17.5,2,238,0.543,69,22,3.1,20
2026-09-18T10:42:35+00:00,1357871551,The Blood of Dawnwalker,419,21,20.0,3,231,0.551,125,18,6.9,13
2026-09-18T10:42:35+00:00,509663,Special Events,407,7,58.1,20,285,0.7,37,4,9.2,2
2026-09-18T10:42:35+00:00,491487,Dead by Daylight,397,16,24.8,3.0,305,0.768,48,13,3.7,12
2026-09-18T10:42:35+00:00,509660,Art,364,20,18.2,17.5,57,0.157,228,17,13.4,7
2026-09-18T10:42:35+00:00,515024,Diablo IV,354,34,10.4,3.0,102,0.288,148,31,4.8,27
2026-09-18T10:42:35+00:00,75101830,Marvel's Wolverine,352,43,8.2,2,80,0.227,180,40,4.5,36
2026-09-18T10:42:35+00:00,515025,Overwatch,345,16,21.6,3.5,165,0.478,109,13,8.4,9
2026-09-18T10:42:35+00:00,779192097,Fire Emblem: Fortune's Weave,336,10,33.6,1.5,306,0.911,12,7,1.7,8
2026-09-18T10:42:35+00:00,7830,Age of Empires III,326,1,326.0,326,326,1.0,0,0,0,0
2026-09-18T10:42:35+00:00,27471,Minecraft,326,33,9.9,1,114,0.35,63,30,2.1,30
2026-09-18T10:42:35+00:00,32982,Grand Theft Auto V,321,52,6.2,2.0,59,0.184,202,49,4.1,42
2026-09-18T10:42:35+00:00,18168,Onimusha 2: Samurai's Destiny,311,1,311.0,311,311,1.0,0,0,0,0
2026-09-18T10:42:35+00:00,902998079,Halloween: The Game,239,9,26.6,3,191,0.799,13,6,2.2,6
2026-09-18T10:42:35+00:00,464339927,ARC Raiders,237,11,21.5,2,206,0.869,16,8,2.0,10
2026-09-18T10:42:35+00:00,71375,Star Citizen,234,6,39.0,14.0,110,0.47,2,3,0.7,3
2026-09-18T10:42:35+00:00,0,Sans catégorie,217,39,5.6,1,176,0.811,34,36,0.9,38
2026-09-18T10:42:35+00:00,2012789438,Call of Duty: Black Ops 7,202,22,9.2,1.0,117,0.579,31,19,1.6,19
2026-09-18T10:42:35+00:00,417528,Albion Online,200,5,40.0,26,116,0.58,6,2,3.0,2
2026-09-18T10:42:35+00:00,1515862749,Disney Dreamlight Valley,188,6,31.3,24.5,92,0.489,15,3,5.0,2
2026-09-18T10:42:35+00:00,327598602,Onimusha: Way of the Sword,182,8,22.8,3.0,137,0.753,9,5,1.8,6
2026-09-18T10:42:35+00:00,1282866981,Delta Force,180,7,25.7,4,140,0.778,10,4,2.5,5
2026-09-18T10:42:35+00:00,494099,Kingdom Hearts HD 1.5 + 2.5 ReMIX,168,5,33.6,3,152,0.905,3,2,1.5,3
2026-09-18T10:42:35+00:00,1832841853,Mortal Shell II,166,2,83.0,83.0,155,0.934,0,0,0,0
2026-09-18T10:42:35+00:00,401587136,Arena Breakout: Infinite,162,7,23.1,5,94,0.58,14,4,3.5,4
2026-09-18T10:42:35+00:00,15283,Dune,161,1,161.0,161,161,1.0,0,0,0,0
2026-09-18T10:42:35+00:00,491931,Escape from Tarkov,159,5,31.8,10,114,0.717,15,2,7.5,2
2026-09-18T10:42:35+00:00,31339,Project Zomboid,152,10,15.2,3.5,113,0.743,21,7,3.0,8
2026-09-18T10:42:35+00:00,771448419,Aion 2,152,4,38.0,34.0,79,0.52,5,1,5.0,1
2026-09-18T10:42:35+00:00,1122982998,Dark Souls: Remastered,141,2,70.5,70.5,118,0.837,0,0,0,0
2026-09-18T10:42:35+00:00,767948499,Separated,131,2,65.5,65.5,72,0.55,0,0,0,0
2026-09-18T10:42:35+00:00,1749963163,Dying Light: The Beast,128,2,64.0,64.0,88,0.688,0,0,0,0
2026-09-18T10:42:35+00:00,490655,Pokémon GO,126,2,63.0,63.0,67,0.532,0,0,0,0
2026-09-18T10:42:35+00:00,1694957177,Firefighting Simulator: Ignite,123,1,123.0,123,123,1.0,0,0,0,0
2026-09-18T10:42:35+00:00,458781,No Man's Sky,121,8,15.1,7.0,44,0.364,19,5,3.8,5
2026-09-18T10:42:35+00:00,13389,Age of Empires II,119,2,59.5,59.5,110,0.924,0,0,0,1
2026-09-18T10:42:35+00:00,1751366933,Riftbound,119,3,39.7,31,74,0.622,0,0,0,0
2026-09-18T10:42:35+00:00,1702520304,Path of Exile 2,114,6,19.0,12.5,62,0.544,17,3,5.7,3
2026-09-18T10:42:35+00:00,24241,FINAL FANTASY XIV ONLINE,113,7,16.1,13,38,0.336,37,4,9.2,1
2026-09-18T10:42:35+00:00,1478650472,Call of Duty: Modern Warfare 4,111,1,111.0,111,111,1.0,0,0,0,0
2026-09-18T10:42:35+00:00,1599346425,Co-working & Studying,111,6,18.5,16.5,46,0.414,28,3,9.3,2
2026-09-18T10:42:35+00:00,513181,Genshin Impact,109,10,10.9,3.0,60,0.55,14,7,2.0,7
2026-09-18T10:42:35+00:00,772157971,Writing & Reading,107,4,26.8,25.5,44,0.411,12,1,12.0,0
2026-09-18T10:42:35+00:00,777856688,Desktop Explorer,103,1,103.0,103,103,1.0,0,0,0,0
2026-09-18T10:42:35+00:00,1469308723,Software and Game Development,102,10,10.2,5.0,50,0.49,23,7,3.3,7
2026-09-18T10:42:35+00:00,21136,WAKFU,102,5,20.4,22,39,0.382,6,2,3.0,2
2026-09-18T11:12:41+00:00,21779,League of Legends,10102,68,148.6,4.0,4321,0.428,1397,65,21.5,51
2026-09-18T11:12:41+00:00,509658,Just Chatting,9045,101,89.6,7,2297,0.254,5102,98,52.1,54
2026-09-18T11:12:41+00:00,123184772,EA Sports FC 27,8969,168,53.4,1.0,2073,0.231,4361,165,26.4,148
2026-09-18T11:12:41+00:00,18122,World of Warcraft,8784,117,75.1,5,2973,0.338,3728,114,32.7,76
2026-09-18T11:12:41+00:00,32399,Counter-Strike,5822,26,223.9,5.0,2102,0.361,1743,23,75.8,15
2026-09-18T11:12:41+00:00,1267582829,Aniimo,4110,198,20.8,3.0,658,0.16,2611,195,13.4,160
2026-09-18T11:12:41+00:00,1503830969,Sniper Dan,4063,1,4063.0,4063,4063,1.0,0,0,0,0
2026-09-18T11:12:41+00:00,417892,Z1: Battle Royale,3727,11,338.8,5,3553,0.953,41,8,5.1,7
2026-09-18T11:12:41+00:00,30921,Rocket League,2536,53,47.8,2,894,0.353,942,50,18.8,40
2026-09-18T11:12:41+00:00,743893402,WARDOGS,2293,67,34.2,3,597,0.26,952,64,14.9,52
2026-09-18T11:12:41+00:00,516575,VALORANT,2159,128,16.9,2.0,462,0.214,1264,125,10.1,106
2026-09-18T11:12:41+00:00,513143,Teamfight Tactics,1555,10,155.5,7.0,754,0.485,36,7,5.1,5
2026-09-18T11:12:41+00:00,499973,Always On,1472,19,77.5,3,580,0.394,262,16,16.4,12
2026-09-18T11:12:41+00:00,168648543,Battlefield 6,1351,14,96.5,4.5,1132,0.838,38,11,3.5,11
2026-09-18T11:12:41+00:00,498566,Slots,1345,3,448.3,245,863,0.642,0,0,0,0
2026-09-18T11:12:41+00:00,138585,Hearthstone,1170,9,130.0,11,1019,0.871,32,6,5.3,4
2026-09-18T11:12:41+00:00,7830,Age of Empires III,1124,2,562.0,562.0,800,0.712,0,0,0,0
2026-09-18T11:12:41+00:00,1114331153,Solasta II,1120,2,560.0,560.0,986,0.88,0,0,0,0
2026-09-18T11:12:41+00:00,505045,DOFUS Touch,1085,5,217.0,51,762,0.702,44,2,22.0,1
2026-09-18T11:12:41+00:00,1429246898,A Weird Game About Sausage,1032,1,1032.0,1032,1032,1.0,0,0,0,0
2026-09-18T11:12:41+00:00,263490,Rust,1010,12,84.2,2.0,686,0.679,23,9,2.6,8
2026-09-18T11:12:41+00:00,33214,Fortnite,968,105,9.2,1,290,0.3,287,102,2.8,95
2026-09-18T11:12:41+00:00,20596,Dofus,842,20,42.1,4.0,596,0.708,141,17,8.3,12
2026-09-18T11:12:41+00:00,512710,Call of Duty: Warzone,819,60,13.7,2.0,211,0.258,440,57,7.7,43
2026-09-18T11:12:41+00:00,508455,Valheim,816,21,38.9,6,221,0.271,302,18,16.8,12
2026-09-18T11:12:41+00:00,376500771,Hades II,724,3,241.3,2,721,0.996,0,0,0,2
2026-09-18T11:12:41+00:00,512953,ELDEN RING,707,10,70.7,2.5,594,0.84,12,7,1.7,8
2026-09-18T11:12:41+00:00,903469103,Batomon Showdown,703,1,703.0,703,703,1.0,0,0,0,0
2026-09-18T11:12:41+00:00,602040818,NBA 2K27,689,9,76.6,2,653,0.948,11,6,1.8,6
2026-09-18T11:12:41+00:00,743,Chess,686,2,343.0,343.0,682,0.994,0,0,0,1
2026-09-18T11:12:41+00:00,1931693784,Pokémon Champions,661,3,220.3,218,440,0.666,0,0,0,1
2026-09-18T11:12:41+00:00,490377,Sea of Thieves,646,12,53.8,13.0,356,0.551,130,9,14.4,6
2026-09-18T11:12:41+00:00,19745,Pokémon Platinum Version,608,2,304.0,304.0,607,0.998,0,0,0,1
2026-09-18T11:12:41+00:00,509672,IRL,525,12,43.8,17.5,271,0.516,114,9,12.7,6
2026-09-18T11:12:41+00:00,509663,Special Events,502,8,62.8,16.0,367,0.731,48,5,9.6,3
2026-09-18T11:12:41+00:00,75101830,Marvel's Wolverine,492,46,10.7,2.0,139,0.283,219,43,5.1,38
2026-09-18T11:12:41+00:00,65632,DayZ,485,8,60.6,3.5,258,0.532,13,5,2.6,5
2026-09-18T11:12:41+00:00,1357871551,The Blood of Dawnwalker,436,22,19.8,2.5,240,0.55,130,19,6.8,14
2026-09-18T11:12:41+00:00,32982,Grand Theft Auto V,435,55,7.9,2,108,0.248,229,52,4.4,46
2026-09-18T11:12:41+00:00,509660,Art,420,23,18.3,15,68,0.162,268,20,13.4,7
2026-09-18T11:12:41+00:00,491487,Dead by Daylight,417,21,19.9,3,304,0.729,68,18,3.8,16
2026-09-18T11:12:41+00:00,515025,Overwatch,401,18,22.3,2.0,226,0.564,82,15,5.5,12
2026-09-18T11:12:41+00:00,779192097,Fire Emblem: Fortune's Weave,362,12,30.2,5.5,254,0.702,45,9,5.0,7
2026-09-18T11:12:41+00:00,18168,Onimusha 2: Samurai's Destiny,340,1,340.0,340,340,1.0,0,0,0,0
2026-09-18T11:12:41+00:00,2012789438,Call of Duty: Black Ops 7,329,20,16.4,2.5,130,0.395,72,17,4.2,16
2026-09-18T11:12:41+00:00,27471,Minecraft,325,43,7.6,1,140,0.431,84,40,2.1,39
2026-09-18T11:12:41+00:00,515024,Diablo IV,323,31,10.4,3,104,0.322,119,28,4.2,24
2026-09-18T11:12:41+00:00,0,Sans catégorie,292,51,5.7,1,219,0.75,55,48,1.1,50
2026-09-18T11:12:41+00:00,327598602,Onimusha: Way of the Sword,284,13,21.8,3,212,0.746,32,10,3.2,9
2026-09-18T11:12:41+00:00,71375,Star Citizen,259,7,37.0,13,111,0.429,20,4,5.0,3
2026-09-18T11:12:41+00:00,511224,Apex Legends,253,28,9.0,2.0,99,0.391,98,25,3.9,21
2026-09-18T11:12:41+00:00,464339927,ARC Raiders,251,9,27.9,2,224,0.892,10,6,1.7,7
2026-09-18T11:12:41+00:00,1515862749,Disney Dreamlight Valley,211,7,30.1,21,82,0.389,38,4,9.5,2
2026-09-18T11:12:41+00:00,1282866981,Delta Force,192,5,38.4,3,161,0.839,5,2,2.5,3
2026-09-18T11:12:41+00:00,518203,Sports,183,5,36.6,1,181,0.989,0,2,0.0,4
2026-09-18T11:12:41+00:00,401587136,Arena Breakout: Infinite,181,6,30.2,14.5,93,0.514,13,3,4.3,2
2026-09-18T11:12:41+00:00,771448419,Aion 2,179,3,59.7,62,102,0.57,0,0,0,0
2026-09-18T11:12:41+00:00,417528,Albion Online,173,5,34.6,6,106,0.613,5,2,2.5,3
2026-09-18T11:12:41+00:00,1749963163,Dying Light: The Beast,163,3,54.3,48,83,0.509,0,0,0,0
2026-09-18T11:12:41+00:00,491931,Escape from Tarkov,162,7,23.1,8,117,0.722,18,4,4.5,4
2026-09-18T11:12:41+00:00,31339,Project Zomboid,158,12,13.2,4.0,109,0.69,25,9,2.8,9
2026-09-18T11:12:41+00:00,1122982998,Dark Souls: Remastered,147,1,147.0,147,147,1.0,0,0,0,0
2026-09-18T11:12:41+00:00,1832841853,Mortal Shell II,147,3,49.0,11,130,0.884,0,0,0,1
2026-09-18T11:12:41+00:00,15283,Dune,144,1,144.0,144,144,1.0,0,0,0,0
2026-09-18T11:12:41+00:00,513181,Genshin Impact,133,11,12.1,1,81,0.609,11,8,1.4,8
2026-09-18T11:12:41+00:00,24241,FINAL FANTASY XIV ONLINE,132,10,13.2,9.5,43,0.326,48,7,6.9,5
2026-09-18T11:12:41+00:00,1599346425,Co-working & Studying,127,7,18.1,17,48,0.378,40,4,10.0,2
2026-09-18T11:12:41+00:00,1702520304,Path of Exile 2,125,5,25.0,9,78,0.624,15,2,7.5,3
2026-09-18T11:12:41+00:00,13389,Age of Empires II,120,3,40.0,1,118,0.983,0,0,0,2
2026-09-18T11:12:41+00:00,490655,Pokémon GO,120,2,60.0,60.0,63,0.525,0,0,0,0
2026-09-18T11:12:41+00:00,772157971,Writing & Reading,120,4,30.0,30.5,44,0.367,15,1,15.0,0
2026-09-18T11:12:41+00:00,497497,Brawl Stars,119,2,59.5,59.5,114,0.958,0,0,0,1
2026-09-18T11:12:41+00:00,2060730947,Le Mans Ultimate,115,13,8.8,6,48,0.417,39,10,3.9,10
2026-09-18T11:12:41+00:00,459327,Hearts of Iron IV,112,1,112.0,112,112,1.0,0,0,0,0
2026-09-18T11:12:41+00:00,518184,Phasmophobia,111,8,13.9,7.0,57,0.514,18,5,3.6,4
2026-09-18T11:12:41+00:00,1469308723,Software and Game Development,103,9,11.4,4,53,0.515,20,6,3.3,5
2026-09-18T11:12:41+00:00,504463,Tom Clancy's The Division 2,101,5,20.2,1,97,0.96,2,2,1.0,4
2026-09-18T11:42:37+00:00,509658,Just Chatting,10400,101,103.0,11,2202,0.212,5598,98,57.1,48
2026-09-18T11:42:37+00:00,18122,World of Warcraft,9582,120,79.8,5.0,2948,0.308,4584,117,39.2,77
2026-09-18T11:42:37+00:00,21779,League of Legends,9417,82,114.8,3.0,4463,0.474,1046,79,13.2,64
2026-09-18T11:42:37+00:00,123184772,EA Sports FC 27,8447,174,48.5,1.0,2217,0.262,3560,171,20.8,154
2026-09-18T11:42:37+00:00,32399,Counter-Strike,6253,32,195.4,2.5,2776,0.444,1944,29,67.0,21
2026-09-18T11:42:37+00:00,1267582829,Aniimo,4393,215,20.4,3,673,0.153,2810,212,13.3,177
2026-09-18T11:42:37+00:00,1503830969,Sniper Dan,3765,1,3765.0,3765,3765,1.0,0,0,0,0
2026-09-18T11:42:37+00:00,417892,Z1: Battle Royale,3642,18,202.3,3.0,3500,0.961,70,15,4.7,13
2026-09-18T11:42:37+00:00,30921,Rocket League,2827,62,45.6,1.0,1118,0.395,1094,59,18.5,49
2026-09-18T11:42:37+00:00,595240160,Sovereign Tower,2659,1,2659.0,2659,2659,1.0,0,0,0,0
2026-09-18T11:42:37+00:00,743893402,WARDOGS,2589,78,33.2,3.0,625,0.241,1273,75,17.0,56
2026-09-18T11:42:37+00:00,516575,VALORANT,1984,178,11.1,2.0,553,0.279,997,175,5.7,158
2026-09-18T11:42:37+00:00,512710,Call of Duty: Warzone,1590,71,22.4,2,559,0.352,604,68,8.9,55
2026-09-18T11:42:37+00:00,505045,DOFUS Touch,1585,9,176.1,44,824,0.52,225,6,37.5,2
2026-09-18T11:42:37+00:00,168648543,Battlefield 6,1541,14,110.1,4.5,1325,0.86,34,11,3.1,11
2026-09-18T11:42:37+00:00,499973,Always On,1424,21,67.8,4,548,0.385,262,18,14.6,14
2026-09-18T11:42:37+00:00,7830,Age of Empires III,1235,2,617.5,617.5,931,0.754,0,0,0,0
2026-09-18T11:42:37+00:00,513143,Teamfight Tactics,1186,16,74.1,2.5,984,0.83,32,13,2.5,13
2026-09-18T11:42:37+00:00,1114331153,Solasta II,1181,2,590.5,590.5,1040,0.881,0,0,0,0
2026-09-18T11:42:37+00:00,138585,Hearthstone,1123,9,124.8,6,935,0.833,30,6,5.0,5
2026-09-18T11:42:37+00:00,602040818,NBA 2K27,1104,8,138.0,1.0,1089,0.986,4,5,0.8,7
2026-09-18T11:42:37+00:00,1429246898,A Weird Game About Sausage,1022,1,1022.0,1022,1022,1.0,0,0,0,0
2026-09-18T11:42:37+00:00,263490,Rust,940,12,78.3,2.0,659,0.701,27,9,3.0,8
2026-09-18T11:42:37+00:00,20596,Dofus,908,21,43.2,7,559,0.616,187,18,10.4,11
2026-09-18T11:42:37+00:00,508455,Valheim,879,29,30.3,3,315,0.358,249,26,9.6,20
2026-09-18T11:42:37+00:00,33214,Fortnite,872,112,7.8,1.0,303,0.347,265,109,2.4,102
2026-09-18T11:42:37+00:00,376500771,Hades II,833,3,277.7,102,730,0.876,0,0,0,1
2026-09-18T11:42:37+00:00,498566,Slots,821,1,821.0,821,821,1.0,0,0,0,0
2026-09-18T11:42:37+00:00,490377,Sea of Thieves,798,9,88.7,68,400,0.501,201,6,33.5,2
2026-09-18T11:42:37+00:00,512953,ELDEN RING,766,18,42.6,2.0,593,0.774,40,15,2.7,15
2026-09-18T11:42:37+00:00,743,Chess,748,4,187.0,4.5,737,0.985,2,1,2.0,3
2026-09-18T11:42:37+00:00,903469103,Batomon Showdown,679,2,339.5,339.5,677,0.997,0,0,0,1
2026-09-18T11:42:37+00:00,1931693784,Pokémon Champions,656,5,131.2,5,394,0.601,4,2,2.0,3
2026-09-18T11:42:37+00:00,19745,Pokémon Platinum Version,625,2,312.5,312.5,624,0.998,0,0,0,1
2026-09-18T11:42:37+00:00,75101830,Marvel's Wolverine,583,57,10.2,1,161,0.276,279,54,5.2,49
2026-09-18T11:42:37+00:00,509672,IRL,562,15,37.5,1,276,0.491,139,12,11.6,8
2026-09-18T11:42:37+00:00,509663,Special Events,522,8,65.2,27.0,364,0.697,67,5,13.4,3
2026-09-18T11:42:37+00:00,65632,DayZ,474,9,52.7,3,263,0.555,16,6,2.7,6
2026-09-18T11:42:37+00:00,509660,Art,466,33,14.1,7,75,0.161,287,30,9.6,18
2026-09-18T11:42:37+00:00,491487,Dead by Daylight,434,20,21.7,2.0,337,0.776,59,17,3.5,15
2026-09-18T11:42:37+00:00,32982,Grand Theft Auto V,428,52,8.2,2.0,98,0.229,238,49,4.9,40
2026-09-18T11:42:37+00:00,27471,Minecraft,417,47,8.9,1,153,0.367,90,44,2.0,44
2026-09-18T11:42:37+00:00,369418,GeoGuessr,405,3,135.0,90,312,0.77,0,0,0,1
2026-09-18T11:42:37+00:00,18168,Onimusha 2: Samurai's Destiny,394,1,394.0,394,394,1.0,0,0,0,0
2026-09-18T11:42:37+00:00,0,Sans catégorie,390,61,6.4,1,264,0.677,106,58,1.8,59
2026-09-18T11:42:37+00:00,1357871551,The Blood of Dawnwalker,371,19,19.5,3,228,0.615,93,16,5.8,13
2026-09-18T11:42:37+00:00,2012789438,Call of Duty: Black Ops 7,359,22,16.3,3.0,138,0.384,84,19,4.4,18
2026-09-18T11:42:37+00:00,417752,Talk Shows & Podcasts,353,6,58.8,1.0,349,0.989,2,3,0.7,5
2026-09-18T11:42:37+00:00,515024,Diablo IV,347,33,10.5,3,99,0.285,133,30,4.4,25
2026-09-18T11:42:37+00:00,779192097,Fire Emblem: Fortune's Weave,341,16,21.3,3.0,229,0.672,34,13,2.6,12
2026-09-18T11:42:37+00:00,327598602,Onimusha: Way of the Sword,309,15,20.6,1,250,0.809,28,12,2.3,11
2026-09-18T11:42:37+00:00,1122982998,Dark Souls: Remastered,300,2,150.0,150.0,190,0.633,0,0,0,0
2026-09-18T11:42:37+00:00,464339927,ARC Raiders,295,9,32.8,3,260,0.881,13,6,2.2,7
2026-09-18T11:42:37+00:00,511224,Apex Legends,254,34,7.5,1.0,105,0.413,97,31,3.1,28
2026-09-18T11:42:37+00:00,417528,Albion Online,252,9,28.0,6,153,0.607,21,6,3.5,6
2026-09-18T11:42:37+00:00,1282866981,Delta Force,229,5,45.8,10,188,0.821,6,2,3.0,2
2026-09-18T11:42:37+00:00,1515862749,Disney Dreamlight Valley,225,5,45.0,46,70,0.311,47,2,23.5,0
2026-09-18T11:42:37+00:00,71375,Star Citizen,224,10,22.4,8.0,98,0.438,35,7,5.0,6
2026-09-18T11:42:37+00:00,518184,Phasmophobia,220,11,20.0,8,84,0.382,53,8,6.6,6
2026-09-18T11:42:37+00:00,515025,Overwatch,212,25,8.5,2,57,0.269,75,22,3.4,20
2026-09-18T11:42:37+00:00,401587136,Arena Breakout: Infinite,199,7,28.4,11,108,0.543,21,4,5.2,3
2026-09-18T11:42:37+00:00,493057,PUBG: BATTLEGROUNDS,194,6,32.3,4.0,159,0.82,9,3,3.0,4
2026-09-18T11:42:37+00:00,18241,Disney's Aladdin,192,1,192.0,192,192,1.0,0,0,0,0
2026-09-18T11:42:37+00:00,1749963163,Dying Light: The Beast,190,4,47.5,54.5,80,0.421,1,1,1.0,1
2026-09-18T11:42:37+00:00,31339,Project Zomboid,165,13,12.7,4,115,0.697,28,10,2.8,11
2026-09-18T11:42:37+00:00,491931,Escape from Tarkov,162,3,54.0,14,137,0.846,0,0,0,0
2026-09-18T11:42:37+00:00,489111,Summoners War: Sky Arena,161,1,161.0,161,161,1.0,0,0,0,0
2026-09-18T11:42:37+00:00,458781,No Man's Sky,153,9,17.0,2,106,0.693,12,6,2.0,6
2026-09-18T11:42:37+00:00,24241,FINAL FANTASY XIV ONLINE,151,13,11.6,6,51,0.338,55,10,5.5,9
2026-09-18T11:42:37+00:00,1832841853,Mortal Shell II,145,2,72.5,72.5,133,0.917,0,0,0,0
2026-09-18T11:42:37+00:00,369252,The Sims 4,143,7,20.4,9,63,0.441,17,4,4.2,4
2026-09-18T11:42:37+00:00,2060730947,Le Mans Ultimate,141,14,10.1,4.5,67,0.475,42,11,3.8,11
2026-09-18T11:42:37+00:00,15283,Dune,134,1,134.0,134,134,1.0,0,0,0,0
2026-09-18T11:42:37+00:00,497497,Brawl Stars,133,2,66.5,66.5,126,0.947,0,0,0,1
2026-09-18T11:42:37+00:00,500188,Hunt: Showdown 1896,133,9,14.8,5,48,0.361,29,6,4.8,5
2026-09-18T11:42:37+00:00,1751366933,Riftbound,126,2,63.0,63.0,95,0.754,0,0,0,0
2026-09-18T11:42:37+00:00,772157971,Writing & Reading,126,5,25.2,15,46,0.365,23,2,11.5,1
2026-09-18T11:42:37+00:00,1599346425,Co-working & Studying,122,7,17.4,17,48,0.393,32,4,8.0,2
2026-09-18T11:42:37+00:00,506415, SEKIRO: SHADOWS DIE TWICE,120,2,60.0,60.0,117,0.975,0,0,0,1
2026-09-18T11:42:37+00:00,27284,Retro,118,9,13.1,5,64,0.542,16,6,2.7,6
2026-09-18T11:42:37+00:00,490655,Pokémon GO,118,2,59.0,59.0,63,0.534,0,0,0,0
2026-09-18T11:42:37+00:00,771448419,Aion 2,115,3,38.3,11,98,0.852,0,0,0,1
2026-09-18T11:42:37+00:00,459327,Hearts of Iron IV,114,1,114.0,114,114,1.0,0,0,0,0
2026-09-18T11:42:37+00:00,493959,Red Dead Redemption II,114,11,10.4,2,39,0.342,24,8,3.0,8
2026-09-18T11:42:37+00:00,498592,I'm Only Sleeping,107,5,21.4,15,53,0.495,3,2,1.5,2
2026-09-18T11:42:37+00:00,1286077738,Monster Hunter Wilds,106,5,21.2,4,83,0.783,4,2,2.0,3
2026-09-18T11:42:37+00:00,504463,Tom Clancy's The Division 2,102,6,17.0,1.0,93,0.912,3,3,1.0,5
2026-09-18T11:42:37+00:00,347755241,Mu: Dark Epoch,101,1,101.0,101,101,1.0,0,0,0,0
2026-09-18T11:42:37+00:00,492553,Sid Meier's Civilization VI,101,2,50.5,50.5,100,0.99,0,0,0,1
2026-09-18T12:12:34+00:00,509658,Just Chatting,14156,122,116.0,6.0,3576,0.253,6309,119,53.0,70
2026-09-18T12:12:34+00:00,21779,League of Legends,10932,107,102.2,2,5125,0.469,1156,104,11.1,86
2026-09-18T12:12:34+00:00,18122,World of Warcraft,10382,145,71.6,4,2922,0.281,5134,142,36.2,99
2026-09-18T12:12:34+00:00,123184772,EA Sports FC 27,7763,203,38.2,1,1938,0.25,3080,200,15.4,185
2026-09-18T12:12:34+00:00,417892,Z1: Battle Royale,5301,23,230.5,3,3962,0.747,104,20,5.2,17
2026-09-18T12:12:34+00:00,1267582829,Aniimo,4683,252,18.6,3.0,613,0.131,3009,249,12.1,210
2026-09-18T12:12:34+00:00,32399,Counter-Strike,4127,30,137.6,2.0,2530,0.613,791,27,29.3,22
2026-09-18T12:12:34+00:00,595240160,Sovereign Tower,3983,1,3983.0,3983,3983,1.0,0,0,0,0
2026-09-18T12:12:34+00:00,743893402,WARDOGS,3045,81,37.6,4,668,0.219,1442,78,18.5,58
2026-09-18T12:12:34+00:00,30921,Rocket League,2991,72,41.5,2.0,1211,0.405,1127,69,16.3,58
2026-09-18T12:12:34+00:00,516575,VALORANT,2678,225,11.9,1,621,0.232,1600,222,7.2,197
2026-09-18T12:12:34+00:00,512710,Call of Duty: Warzone,2052,81,25.3,2,749,0.365,707,78,9.1,63
2026-09-18T12:12:34+00:00,505045,DOFUS Touch,1789,8,223.6,85.0,887,0.496,211,5,42.2,2
2026-09-18T12:12:34+00:00,513143,Teamfight Tactics,1482,19,78.0,3,1250,0.843,62,16,3.9,14
2026-09-18T12:12:34+00:00,7830,Age of Empires III,1344,2,672.0,672.0,1055,0.785,0,0,0,0
2026-09-18T12:12:34+00:00,498566,Slots,1339,5,267.8,234,838,0.626,22,2,11.0,1
2026-09-18T12:12:34+00:00,499973,Always On,1272,22,57.8,3.5,454,0.357,227,19,11.9,15
2026-09-18T12:12:34+00:00,1114331153,Solasta II,1230,2,615.0,615.0,1086,0.883,0,0,0,0
2026-09-18T12:12:34+00:00,1429246898,A Weird Game About Sausage,1153,1,1153.0,1153,1153,1.0,0,0,0,0
2026-09-18T12:12:34+00:00,138585,Hearthstone,1140,8,142.5,7.0,938,0.823,18,5,3.6,4
2026-09-18T12:12:34+00:00,602040818,NBA 2K27,1132,8,141.5,1.0,1108,0.979,4,5,0.8,6
2026-09-18T12:12:34+00:00,263490,Rust,1128,16,70.5,2.5,696,0.617,97,13,7.5,11
2026-09-18T12:12:34+00:00,20596,Dofus,1057,30,35.2,6.0,576,0.545,245,27,9.1,19
2026-09-18T12:12:34+00:00,508455,Valheim,1007,32,31.5,4.0,362,0.359,331,29,11.4,22
2026-09-18T12:12:34+00:00,490377,Sea of Thieves,913,14,65.2,18.0,473,0.518,235,11,21.4,6
2026-09-18T12:12:34+00:00,376500771,Hades II,904,4,226.0,87.5,728,0.805,1,1,1.0,2
2026-09-18T12:12:34+00:00,168648543,Battlefield 6,850,17,50.0,4,621,0.731,43,14,3.1,13
2026-09-18T12:12:34+00:00,743,Chess,846,4,211.5,6.5,832,0.983,1,1,1.0,2
2026-09-18T12:12:34+00:00,512953,ELDEN RING,843,20,42.1,2.5,642,0.762,58,17,3.4,16
2026-09-18T12:12:34+00:00,19745,Pokémon Platinum Version,699,2,349.5,349.5,698,0.999,0,0,0,1
2026-09-18T12:12:34+00:00,903469103,Batomon Showdown,695,2,347.5,347.5,693,0.997,0,0,0,1
2026-09-18T12:12:34+00:00,33214,Fortnite,673,129,5.2,1,333,0.495,278,126,2.2,121
2026-09-18T12:12:34+00:00,509663,Special Events,654,9,72.7,34,389,0.595,92,6,15.3,4
2026-09-18T12:12:34+00:00,27471,Minecraft,635,71,8.9,1,167,0.263,276,68,4.1,65
2026-09-18T12:12:34+00:00,509660,Art,577,41,14.1,6,107,0.185,374,38,9.8,22
2026-09-18T12:12:34+00:00,509672,IRL,542,14,38.7,6.5,263,0.485,113,11,10.3,8
2026-09-18T12:12:34+00:00,75101830,Marvel's Wolverine,510,67,7.6,1,155,0.304,215,64,3.4,60
2026-09-18T12:12:34+00:00,65632,DayZ,504,10,50.4,5.0,271,0.538,28,7,4.0,6
2026-09-18T12:12:34+00:00,369418,GeoGuessr,503,4,125.8,57.0,388,0.771,1,1,1.0,1
2026-09-18T12:12:34+00:00,515025,Overwatch,482,23,21.0,2,230,0.477,138,20,6.9,16
2026-09-18T12:12:34+00:00,32982,Grand Theft Auto V,442,57,7.8,4,102,0.231,270,54,5.0,46
2026-09-18T12:12:34+00:00,0,Sans catégorie,437,63,6.9,1,317,0.725,101,60,1.7,61
2026-09-18T12:12:34+00:00,779192097,Fire Emblem: Fortune's Weave,387,23,16.8,2,233,0.602,57,20,2.9,19
2026-09-18T12:12:34+00:00,1357871551,The Blood of Dawnwalker,377,25,15.1,3,225,0.597,104,22,4.7,20
2026-09-18T12:12:34+00:00,2012789438,Call of Duty: Black Ops 7,371,26,14.3,2.0,152,0.41,73,23,3.2,22
2026-09-18T12:12:34+00:00,417752,Talk Shows & Podcasts,360,4,90.0,5.0,349,0.969,1,1,1.0,3
2026-09-18T12:12:34+00:00,18168,Onimusha 2: Samurai's Destiny,357,1,357.0,357,357,1.0,0,0,0,0
2026-09-18T12:12:34+00:00,515024,Diablo IV,353,34,10.4,3.0,116,0.329,150,31,4.8,23
2026-09-18T12:12:34+00:00,464339927,ARC Raiders,323,12,26.9,4.0,278,0.861,27,9,3.0,10
2026-09-18T12:12:34+00:00,1931693784,Pokémon Champions,304,2,152.0,152.0,303,0.997,0,0,0,1
2026-09-18T12:12:34+00:00,417528,Albion Online,275,10,27.5,10.0,138,0.502,45,7,6.4,5
2026-09-18T12:12:34+00:00,518184,Phasmophobia,267,12,22.2,5.5,108,0.404,41,9,4.6,8
2026-09-18T12:12:34+00:00,511224,Apex Legends,262,43,6.1,1,96,0.366,118,40,3.0,36
2026-09-18T12:12:34+00:00,504921,Dragon Ball Legends,251,1,251.0,251,251,1.0,0,0,0,0
2026-09-18T12:12:34+00:00,71375,Star Citizen,250,11,22.7,3,95,0.38,51,8,6.4,6
2026-09-18T12:12:34+00:00,1122982998,Dark Souls: Remastered,236,3,78.7,10,221,0.936,0,0,0,1
2026-09-18T12:12:34+00:00,18241,Disney's Aladdin,230,1,230.0,230,230,1.0,0,0,0,0
2026-09-18T12:12:34+00:00,31339,Project Zomboid,217,17,12.8,5,122,0.562,66,14,4.7,13
2026-09-18T12:12:34+00:00,401587136,Arena Breakout: Infinite,203,10,20.3,5.0,117,0.576,25,7,3.6,7
2026-09-18T12:12:34+00:00,1749963163,Dying Light: The Beast,201,3,67.0,72,78,0.388,0,0,0,0
2026-09-18T12:12:34+00:00,1515862749,Disney Dreamlight Valley,197,4,49.2,60.5,75,0.381,1,1,1.0,1
2026-09-18T12:12:34+00:00,491487,Dead by Daylight,191,34,5.6,4.0,24,0.126,129,31,4.2,27
2026-09-18T12:12:34+00:00,1282866981,Delta Force,190,8,23.8,3.5,163,0.858,11,5,2.2,6
2026-09-18T12:12:34+00:00,492553,Sid Meier's Civilization VI,181,3,60.3,57,123,0.68,0,0,0,1
2026-09-18T12:12:34+00:00,19357,Guild Wars 2,180,4,45.0,39.5,92,0.511,9,1,9.0,1
2026-09-18T12:12:34+00:00,489111,Summoners War: Sky Arena,176,1,176.0,176,176,1.0,0,0,0,0
2026-09-18T12:12:34+00:00,27284,Retro,175,11,15.9,6,58,0.331,52,8,6.5,7
2026-09-18T12:12:34+00:00,491931,Escape from Tarkov,174,10,17.4,3.5,133,0.764,15,7,2.1,7
2026-09-18T12:12:34+00:00,1832841853,Mortal Shell II,166,3,55.3,10,151,0.91,0,0,0,1
2026-09-18T12:12:34+00:00,458781,No Man's Sky,164,11,14.9,6,110,0.671,31,8,3.9,8
2026-09-18T12:12:34+00:00,497497,Brawl Stars,161,4,40.2,5.0,149,0.925,2,1,2.0,3
2026-09-18T12:12:34+00:00,500188,Hunt: Showdown 1896,159,14,11.4,4.0,56,0.352,49,11,4.5,10
2026-09-18T12:12:34+00:00,369252,The Sims 4,148,9,16.4,3,67,0.453,16,6,2.7,7
2026-09-18T12:12:34+00:00,24241,FINAL FANTASY XIV ONLINE,146,11,13.3,10,47,0.322,54,8,6.8,5
2026-09-18T12:12:34+00:00,506415, SEKIRO: SHADOWS DIE TWICE,140,3,46.7,6,132,0.943,0,0,0,2
2026-09-18T12:12:34+00:00,518203,Sports,139,4,34.8,30.0,78,0.561,1,1,1.0,2
2026-09-18T12:12:34+00:00,76929895,The Seven Deadly Sins: Origin,137,5,27.4,8,104,0.759,12,2,6.0,3
2026-09-18T12:12:34+00:00,1286077738,Monster Hunter Wilds,137,8,17.1,5.0,100,0.73,13,5,2.6,6
2026-09-18T12:12:34+00:00,2060730947,Le Mans Ultimate,133,19,7.0,2,69,0.519,44,16,2.8,16
2026-09-18T12:12:34+00:00,772157971,Writing & Reading,133,7,19.0,14,48,0.361,26,4,6.5,3
2026-09-18T12:12:34+00:00,1751366933,Riftbound,131,2,65.5,65.5,96,0.733,0,0,0,0
2026-09-18T12:12:34+00:00,490655,Pokémon GO,125,2,62.5,62.5,67,0.536,0,0,0,0
2026-09-18T12:12:34+00:00,829561046,Invokers: Titan Legacy,120,3,40.0,44,74,0.617,0,0,0,1
2026-09-18T12:12:34+00:00,499634,Crypto,118,7,16.9,3,67,0.568,8,4,2.0,4
2026-09-18T12:12:34+00:00,770229477,60 Seconds! Reatomized,111,1,111.0,111,111,1.0,0,0,0,0
2026-09-18T12:12:34+00:00,493959,Red Dead Redemption II,108,13,8.3,2,27,0.25,39,10,3.9,9
2026-09-18T12:12:34+00:00,491962037,Big Ambitions,107,2,53.5,53.5,102,0.953,0,0,0,1
2026-09-18T12:12:34+00:00,504463,Tom Clancy's The Division 2,105,6,17.5,1.5,93,0.886,2,3,0.7,5
2026-09-18T12:12:34+00:00,505884,PUBG MOBILE,100,2,50.0,50.0,57,0.57,0,0,0,0
2026-09-18T12:12:34+00:00,1441208453,Once Human,100,22,4.5,1.5,24,0.24,47,19,2.5,17
2026-09-18T12:42:38+00:00,509658,Just Chatting,13667,132,103.5,6.0,6138,0.449,5677,129,44.0,78
2026-09-18T12:42:38+00:00,18122,World of Warcraft,11446,143,80.0,4,2921,0.255,5678,140,40.6,95
2026-09-18T12:42:38+00:00,123184772,EA Sports FC 27,11045,240,46.0,1.0,3082,0.279,4471,237,18.9,216
2026-09-18T12:42:38+00:00,21779,League of Legends,5911,132,44.8,2.0,3936,0.666,1059,129,8.2,109
2026-09-18T12:42:38+00:00,1267582829,Aniimo,5019,274,18.3,3.0,644,0.128,3232,271,11.9,228
2026-09-18T12:42:38+00:00,595240160,Sovereign Tower,4535,2,2267.5,2267.5,4529,0.999,0,0,0,1
2026-09-18T12:42:38+00:00,32399,Counter-Strike,4227,27,156.6,3,3627,0.858,185,24,7.7,22
2026-09-18T12:42:38+00:00,743893402,WARDOGS,3867,93,41.6,4,705,0.182,1967,90,21.9,66
2026-09-18T12:42:38+00:00,30921,Rocket League,3535,74,47.8,2.0,2195,0.621,581,71,8.2,64
2026-09-18T12:42:38+00:00,516575,VALORANT,2895,263,11.0,1,648,0.224,1703,260,6.5,232
2026-09-18T12:42:38+00:00,512710,Call of Duty: Warzone,2746,87,31.6,1,924,0.336,705,84,8.4,73
2026-09-18T12:42:38+00:00,513143,Teamfight Tactics,2014,24,83.9,3.0,1288,0.64,200,21,9.5,19
2026-09-18T12:42:38+00:00,505045,DOFUS Touch,1995,10,199.5,50.0,992,0.497,210,7,30.0,4
2026-09-18T12:42:38+00:00,417892,Z1: Battle Royale,1480,25,59.2,3,994,0.672,153,22,7.0,16
2026-09-18T12:42:38+00:00,7830,Age of Empires III,1422,2,711.0,711.0,1117,0.786,0,0,0,0
2026-09-18T12:42:38+00:00,499973,Always On,1337,21,63.7,3,506,0.378,224,18,12.4,14
2026-09-18T12:42:38+00:00,20596,Dofus,1294,31,41.7,9,563,0.435,433,28,15.5,18
2026-09-18T12:42:38+00:00,1114331153,Solasta II,1248,2,624.0,624.0,1120,0.897,0,0,0,0
2026-09-18T12:42:38+00:00,138585,Hearthstone,1213,9,134.8,11,1002,0.826,39,6,6.5,4
2026-09-18T12:42:38+00:00,263490,Rust,1191,12,99.2,2.5,747,0.627,86,9,9.6,7
2026-09-18T12:42:38+00:00,508455,Valheim,1037,38,27.3,3.5,412,0.397,319,35,9.1,28
2026-09-18T12:42:38+00:00,602040818,NBA 2K27,1013,6,168.8,1.5,998,0.985,3,3,1.0,4
2026-09-18T12:42:38+00:00,490377,Sea of Thieves,972,16,60.8,3.0,513,0.528,243,13,18.7,9
2026-09-18T12:42:38+00:00,376500771,Hades II,942,5,188.4,2,737,0.782,2,2,1.0,3
2026-09-18T12:42:38+00:00,743,Chess,915,5,183.0,2,902,0.986,4,2,2.0,4
2026-09-18T12:42:38+00:00,512953,ELDEN RING,894,23,38.9,3,670,0.749,73,20,3.6,18
2026-09-18T12:42:38+00:00,19745,Pokémon Platinum Version,739,1,739.0,739,739,1.0,0,0,0,0
2026-09-18T12:42:38+00:00,33214,Fortnite,708,139,5.1,1,320,0.452,288,136,2.1,131
2026-09-18T12:42:38+00:00,509663,Special Events,691,9,76.8,38,367,0.531,110,6,18.3,3
2026-09-18T12:42:38+00:00,27471,Minecraft,670,80,8.4,1.5,175,0.261,285,77,3.7,71
2026-09-18T12:42:38+00:00,903469103,Batomon Showdown,667,2,333.5,333.5,665,0.997,0,0,0,1
2026-09-18T12:42:38+00:00,509660,Art,666,55,12.1,8,96,0.144,477,52,9.2,30
2026-09-18T12:42:38+00:00,32982,Grand Theft Auto V,625,74,8.4,3.0,109,0.174,432,71,6.1,56
2026-09-18T12:42:38+00:00,515025,Overwatch,611,32,19.1,3.0,211,0.345,235,29,8.1,23
2026-09-18T12:42:38+00:00,779192097,Fire Emblem: Fortune's Weave,586,25,23.4,3,261,0.445,82,22,3.7,20
2026-09-18T12:42:38+00:00,75101830,Marvel's Wolverine,572,80,7.2,1.0,183,0.32,226,77,2.9,73
2026-09-18T12:42:38+00:00,65632,DayZ,562,11,51.1,8,297,0.528,45,8,5.6,7
2026-09-18T12:42:38+00:00,369418,GeoGuessr,556,4,139.0,64.5,425,0.764,2,1,2.0,1
2026-09-18T12:42:38+00:00,168648543,Battlefield 6,532,14,38.0,3.5,479,0.9,27,11,2.5,12
2026-09-18T12:42:38+00:00,498566,Slots,517,4,129.2,136.0,245,0.474,0,1,0.0,1
2026-09-18T12:42:38+00:00,18168,Onimusha 2: Samurai's Destiny,453,1,453.0,453,453,1.0,0,0,0,0
2026-09-18T12:42:38+00:00,0,Sans catégorie,436,62,7.0,1.0,319,0.732,93,59,1.6,59
2026-09-18T12:42:38+00:00,2012789438,Call of Duty: Black Ops 7,371,33,11.2,1,129,0.348,103,30,3.4,28
2026-09-18T12:42:38+00:00,515024,Diablo IV,367,34,10.8,2.5,115,0.313,124,31,4.0,28
2026-09-18T12:42:38+00:00,504921,Dragon Ball Legends,347,1,347.0,347,347,1.0,0,0,0,0
2026-09-18T12:42:38+00:00,509672,IRL,343,11,31.2,3,258,0.752,23,8,2.9,7
2026-09-18T12:42:38+00:00,518184,Phasmophobia,331,13,25.5,6,107,0.323,75,10,7.5,8
2026-09-18T12:42:38+00:00,518203,Sports,322,4,80.5,35.5,250,0.776,1,1,1.0,2
2026-09-18T12:42:38+00:00,464339927,ARC Raiders,315,15,21.0,3,261,0.829,28,12,2.3,12
2026-09-18T12:42:38+00:00,492553,Sid Meier's Civilization VI,300,3,100.0,99,200,0.667,0,0,0,1
2026-09-18T12:42:38+00:00,71375,Star Citizen,286,10,28.6,16.5,99,0.346,66,7,9.4,4
2026-09-18T12:42:38+00:00,1515862749,Disney Dreamlight Valley,284,6,47.3,33.5,147,0.518,15,3,5.0,3
2026-09-18T12:42:38+00:00,511224,Apex Legends,274,49,5.6,1,102,0.372,111,46,2.4,43
2026-09-18T12:42:38+00:00,491487,Dead by Daylight,266,36,7.4,4.0,40,0.15,173,33,5.2,29
2026-09-18T12:42:38+00:00,18241,Disney's Aladdin,237,1,237.0,237,237,1.0,0,0,0,0
2026-09-18T12:42:38+00:00,1122982998,Dark Souls: Remastered,235,4,58.8,9.0,214,0.911,3,1,3.0,2
2026-09-18T12:42:38+00:00,19357,Guild Wars 2,223,4,55.8,49.5,110,0.493,14,1,14.0,0
2026-09-18T12:42:38+00:00,417528,Albion Online,218,6,36.3,25.0,88,0.404,31,3,10.3,1
2026-09-18T12:42:38+00:00,1282866981,Delta Force,215,9,23.9,5,165,0.767,19,6,3.2,6
2026-09-18T12:42:38+00:00,458781,No Man's Sky,212,9,23.6,6,113,0.533,19,6,3.2,6
2026-09-18T12:42:38+00:00,1749963163,Dying Light: The Beast,209,3,69.7,82,82,0.392,0,0,0,0
2026-09-18T12:42:38+00:00,500188,Hunt: Showdown 1896,207,15,13.8,6,74,0.357,69,12,5.8,9
2026-09-18T12:42:38+00:00,489111,Summoners War: Sky Arena,203,1,203.0,203,203,1.0,0,0,0,0
2026-09-18T12:42:38+00:00,401587136,Arena Breakout: Infinite,199,12,16.6,3.5,119,0.598,28,9,3.1,9
2026-09-18T12:42:38+00:00,1357871551,The Blood of Dawnwalker,197,28,7.0,3.0,29,0.147,122,25,4.9,22
2026-09-18T12:42:38+00:00,2060730947,Le Mans Ultimate,184,17,10.8,3,72,0.391,47,14,3.4,13
2026-09-18T12:42:38+00:00,1832841853,Mortal Shell II,182,3,60.7,33,131,0.72,0,0,0,0
2026-09-18T12:42:38+00:00,1599346425,Co-working & Studying,180,18,10.0,6.5,49,0.272,90,15,6.0,12
2026-09-18T12:42:38+00:00,770229477,60 Seconds! Reatomized,176,1,176.0,176,176,1.0,0,0,0,0
2026-09-18T12:42:38+00:00,369252,The Sims 4,175,10,17.5,6.5,69,0.394,31,7,4.4,6
2026-09-18T12:42:38+00:00,24241,FINAL FANTASY XIV ONLINE,170,13,13.1,8,42,0.247,72,10,7.2,7
2026-09-18T12:42:38+00:00,508798,Warhammer,162,1,162.0,162,162,1.0,0,0,0,0
2026-09-18T12:42:38+00:00,490744,Stardew Valley,161,8,20.1,4.0,135,0.839,12,5,2.4,7
2026-09-18T12:42:38+00:00,497497,Brawl Stars,158,4,39.5,2.5,153,0.968,0,1,0.0,3
2026-09-18T12:42:38+00:00,506415, SEKIRO: SHADOWS DIE TWICE,158,3,52.7,7,148,0.937,0,0,0,2
2026-09-18T12:42:38+00:00,902998079,Halloween: The Game,155,12,12.9,6.0,59,0.381,40,9,4.4,9
2026-09-18T12:42:38+00:00,1751366933,Riftbound,147,3,49.0,32,113,0.769,0,0,0,1
2026-09-18T12:42:38+00:00,1286077738,Monster Hunter Wilds,137,9,15.2,5,102,0.745,18,6,3.0,7
2026-09-18T12:42:38+00:00,66082,Games + Demos,132,30,4.4,1.0,55,0.417,29,27,1.1,27
2026-09-18T12:42:38+00:00,490655,Pokémon GO,130,2,65.0,65.0,70,0.538,0,0,0,0
2026-09-18T12:42:38+00:00,31339,Project Zomboid,126,18,7.0,3.5,20,0.159,71,15,4.7,12
2026-09-18T12:42:38+00:00,499634,Crypto,124,7,17.7,6,57,0.46,12,4,3.0,5
2026-09-18T12:42:38+00:00,76929895,The Seven Deadly Sins: Origin,122,4,30.5,9.0,98,0.803,6,1,6.0,3
2026-09-18T12:42:38+00:00,829561046,Invokers: Titan Legacy,121,3,40.3,41,64,0.529,0,0,0,0
2026-09-18T12:42:38+00:00,491962037,Big Ambitions,115,2,57.5,57.5,109,0.948,0,0,0,1
2026-09-18T12:42:38+00:00,504463,Tom Clancy's The Division 2,115,8,14.4,1.0,95,0.826,4,5,0.8,6
2026-09-18T12:42:38+00:00,262437666,Farming Simulator 25,115,14,8.2,4.5,41,0.357,37,11,3.4,11
2026-09-18T12:42:38+00:00,32502,World of Warships,114,1,114.0,114,114,1.0,0,0,0,0
2026-09-18T12:42:38+00:00,735904419,ARK: Survival Ascended,114,9,12.7,1,99,0.868,6,6,1.0,8
2026-09-18T12:42:38+00:00,21136,WAKFU,110,3,36.7,24,78,0.709,0,0,0,1
2026-09-18T12:42:38+00:00,941530474,Mario Kart 8 Deluxe,110,3,36.7,36,63,0.573,0,0,0,0
2026-09-18T12:42:38+00:00,772157971,Writing & Reading,108,6,18.0,12.5,41,0.38,13,3,4.3,3
2026-09-18T12:42:38+00:00,505884,PUBG MOBILE,102,2,51.0,51.0,59,0.578,0,0,0,0
2026-09-18T12:42:38+00:00,27284,Retro,102,12,8.5,4.0,44,0.431,26,9,2.9,10
2026-09-18T12:42:38+00:00,1494,Call of Duty,102,91,1.1,1,4,0.039,90,88,1.0,91
2026-09-18T13:12:38+00:00,509658,Just Chatting,14660,148,99.1,5.0,7561,0.516,5275,145,36.4,94
2026-09-18T13:12:38+00:00,123184772,EA Sports FC 27,12094,250,48.4,1.0,3662,0.303,4677,247,18.9,226
2026-09-18T13:12:38+00:00,18122,World of Warcraft,11168,155,72.1,3,2995,0.268,4536,152,29.8,107
2026-09-18T13:12:38+00:00,21779,League of Legends,6673,144,46.3,2.0,3695,0.554,1454,141,10.3,118
2026-09-18T13:12:38+00:00,1267582829,Aniimo,5399,289,18.7,3,752,0.139,3497,286,12.2,234
2026-09-18T13:12:38+00:00,595240160,Sovereign Tower,4807,2,2403.5,2403.5,4799,0.998,0,0,0,1
2026-09-18T13:12:38+00:00,32399,Counter-Strike,4719,43,109.7,3,2785,0.59,671,40,16.8,33
2026-09-18T13:12:38+00:00,516575,VALORANT,4036,285,14.2,1,702,0.174,2388,282,8.5,254
2026-09-18T13:12:38+00:00,743893402,WARDOGS,3728,96,38.8,3.5,710,0.19,2074,93,22.3,66
2026-09-18T13:12:38+00:00,30921,Rocket League,3682,94,39.2,1.0,2653,0.721,341,91,3.7,85
2026-09-18T13:12:38+00:00,512710,Call of Duty: Warzone,3087,85,36.3,1,1361,0.441,629,82,7.7,71
2026-09-18T13:12:38+00:00,505045,DOFUS Touch,2132,9,236.9,90,1071,0.502,228,6,38.0,3
2026-09-18T13:12:38+00:00,513143,Teamfight Tactics,1967,20,98.3,2.5,1213,0.617,127,17,7.5,15
2026-09-18T13:12:38+00:00,7830,Age of Empires III,1921,3,640.3,333,1586,0.826,0,0,0,1
2026-09-18T13:12:38+00:00,138585,Hearthstone,1489,10,148.9,8.0,1057,0.71,39,7,5.6,5
2026-09-18T13:12:38+00:00,499973,Always On,1378,20,68.9,3.0,557,0.404,182,17,10.7,14
2026-09-18T13:12:38+00:00,263490,Rust,1304,15,86.9,2,764,0.586,126,12,10.5,9
2026-09-18T13:12:38+00:00,508455,Valheim,1151,39,29.5,5,453,0.394,382,36,10.6,27
2026-09-18T13:12:38+00:00,490377,Sea of Thieves,1053,19,55.4,2,536,0.509,271,16,16.9,12
2026-09-18T13:12:38+00:00,376500771,Hades II,1024,6,170.7,3.0,790,0.771,3,3,1.0,4
2026-09-18T13:12:38+00:00,20596,Dofus,1012,32,31.6,9.5,301,0.297,469,29,16.2,16
2026-09-18T13:12:38+00:00,743,Chess,987,2,493.5,493.5,961,0.974,0,0,0,0
2026-09-18T13:12:38+00:00,512953,ELDEN RING,945,30,31.5,3.0,701,0.742,94,27,3.5,25
2026-09-18T13:12:38+00:00,602040818,NBA 2K27,944,11,85.8,1,896,0.949,10,8,1.2,8
2026-09-18T13:12:38+00:00,32982,Grand Theft Auto V,873,81,10.8,3,234,0.268,516,78,6.6,59
2026-09-18T13:12:38+00:00,33214,Fortnite,805,169,4.8,1,336,0.417,363,166,2.2,160
2026-09-18T13:12:38+00:00,509663,Special Events,772,9,85.8,38,438,0.567,111,6,18.5,3
2026-09-18T13:12:38+00:00,490744,Stardew Valley,756,12,63.0,5.5,411,0.544,38,9,4.2,8
2026-09-18T13:12:38+00:00,779192097,Fire Emblem: Fortune's Weave,742,32,23.2,3.5,292,0.394,112,29,3.9,27
2026-09-18T13:12:38+00:00,19745,Pokémon Platinum Version,737,1,737.0,737,737,1.0,0,0,0,0
2026-09-18T13:12:38+00:00,515025,Overwatch,725,37,19.6,3,187,0.258,318,34,9.4,28
2026-09-18T13:12:38+00:00,417892,Z1: Battle Royale,723,24,30.1,1.5,280,0.387,121,21,5.8,17
2026-09-18T13:12:38+00:00,27471,Minecraft,716,87,8.2,1,183,0.256,312,84,3.7,80
2026-09-18T13:12:38+00:00,903469103,Batomon Showdown,594,3,198.0,2,592,0.997,0,0,0,2
2026-09-18T13:12:38+00:00,509660,Art,594,47,12.6,8,101,0.17,388,44,8.8,27
2026-09-18T13:12:38+00:00,498566,Slots,558,3,186.0,256,258,0.462,0,0,0,0
2026-09-18T13:12:38+00:00,369418,GeoGuessr,553,3,184.3,102,429,0.776,0,0,0,0
2026-09-18T13:12:38+00:00,65632,DayZ,542,13,41.7,5,286,0.528,42,10,4.2,9
2026-09-18T13:12:38+00:00,75101830,Marvel's Wolverine,517,83,6.2,1,194,0.375,188,80,2.4,77
2026-09-18T13:12:38+00:00,1122982998,Dark Souls: Remastered,491,5,98.2,13,257,0.523,8,2,4.0,2
2026-09-18T13:12:38+00:00,1183694848,"KOTÁMON: My Sis Found A Super-Rare Card In Her Cereal Box, So I Became A Garbage Man To Find The Entire Collection And Earn $1,000,000",479,1,479.0,479,479,1.0,0,0,0,0
2026-09-18T13:12:38+00:00,168648543,Battlefield 6,461,19,24.3,3,393,0.852,42,16,2.6,17
2026-09-18T13:12:38+00:00,509672,IRL,432,15,28.8,1,262,0.606,37,12,3.1,10
2026-09-18T13:12:38+00:00,2012789438,Call of Duty: Black Ops 7,428,40,10.7,1.0,131,0.306,140,37,3.8,34
2026-09-18T13:12:38+00:00,515024,Diablo IV,424,39,10.9,3,107,0.252,185,36,5.1,29
2026-09-18T13:12:38+00:00,0,Sans catégorie,420,67,6.3,1,302,0.719,97,64,1.5,65
2026-09-18T13:12:38+00:00,491487,Dead by Daylight,369,46,8.0,4.0,34,0.092,267,43,6.2,35
2026-09-18T13:12:38+00:00,518184,Phasmophobia,343,18,19.1,4.5,120,0.35,75,15,5.0,14
2026-09-18T13:12:38+00:00,518203,Sports,342,4,85.5,32.5,276,0.807,1,1,1.0,2
2026-09-18T13:12:38+00:00,464339927,ARC Raiders,329,15,21.9,2,292,0.888,23,12,1.9,13
2026-09-18T13:12:38+00:00,492553,Sid Meier's Civilization VI,308,3,102.7,110,197,0.64,0,0,0,1
2026-09-18T13:12:38+00:00,1515862749,Disney Dreamlight Valley,292,4,73.0,56.5,172,0.589,7,1,7.0,1
2026-09-18T13:12:38+00:00,71375,Star Citizen,292,13,22.5,9,98,0.336,68,10,6.8,7
2026-09-18T13:12:38+00:00,417528,Albion Online,260,7,37.1,16,113,0.435,26,4,6.5,3
2026-09-18T13:12:38+00:00,458781,No Man's Sky,254,16,15.9,4.0,107,0.421,59,13,4.5,12
2026-09-18T13:12:38+00:00,19357,Guild Wars 2,239,4,59.8,56.0,118,0.494,9,1,9.0,1
2026-09-18T13:12:38+00:00,1282866981,Delta Force,237,10,23.7,4.5,187,0.789,21,7,3.0,7
2026-09-18T13:12:38+00:00,1749963163,Dying Light: The Beast,222,3,74.0,85,87,0.392,0,0,0,0
2026-09-18T13:12:38+00:00,489111,Summoners War: Sky Arena,221,1,221.0,221,221,1.0,0,0,0,0
2026-09-18T13:12:38+00:00,500188,Hunt: Showdown 1896,212,15,14.1,5,81,0.382,69,12,5.8,9
2026-09-18T13:12:38+00:00,401587136,Arena Breakout: Infinite,204,13,15.7,3,118,0.578,30,10,3.0,10
2026-09-18T13:12:38+00:00,511224,Apex Legends,195,56,3.5,1.0,48,0.246,103,53,1.9,52
2026-09-18T13:12:38+00:00,508798,Warhammer,191,1,191.0,191,191,1.0,0,0,0,0
2026-09-18T13:12:38+00:00,27284,Retro,188,14,13.4,4.0,54,0.287,56,11,5.1,10
2026-09-18T13:12:38+00:00,1599346425,Co-working & Studying,187,18,10.4,7.0,43,0.23,103,15,6.9,12
2026-09-18T13:12:38+00:00,2060730947,Le Mans Ultimate,183,12,15.2,3.5,75,0.41,27,9,3.0,9
2026-09-18T13:12:38+00:00,497497,Brawl Stars,167,7,23.9,2,147,0.88,4,4,1.0,5
2026-09-18T13:12:38+00:00,1357871551,The Blood of Dawnwalker,164,25,6.6,3,31,0.189,85,22,3.9,19
2026-09-18T13:12:38+00:00,902998079,Halloween: The Game,163,12,13.6,4.5,73,0.448,37,9,4.1,8
2026-09-18T13:12:38+00:00,24241,FINAL FANTASY XIV ONLINE,161,16,10.1,4.0,45,0.28,68,13,5.2,10
2026-09-18T13:12:38+00:00,369252,The Sims 4,156,10,15.6,6.5,75,0.481,29,7,4.1,7
2026-09-18T13:12:38+00:00,506415, SEKIRO: SHADOWS DIE TWICE,155,1,155.0,155,155,1.0,0,0,0,0
2026-09-18T13:12:38+00:00,21136,WAKFU,155,3,51.7,30,114,0.735,0,0,0,0
2026-09-18T13:12:38+00:00,66082,Games + Demos,150,23,6.5,1,62,0.413,16,20,0.8,20
2026-09-18T13:12:38+00:00,770229477,60 Seconds! Reatomized,146,1,146.0,146,146,1.0,0,0,0,0
2026-09-18T13:12:38+00:00,1286077738,Monster Hunter Wilds,146,7,20.9,3,122,0.836,6,4,1.5,5
2026-09-18T13:12:38+00:00,490655,Pokémon GO,136,2,68.0,68.0,73,0.537,0,0,0,0
2026-09-18T13:12:38+00:00,460630,Rainbow Six Siege,134,30,4.5,1.5,30,0.224,51,27,1.9,27
2026-09-18T13:12:38+00:00,1751366933,Riftbound,131,2,65.5,65.5,121,0.924,0,0,0,0
2026-09-18T13:12:38+00:00,499634,Crypto,129,6,21.5,6.5,59,0.457,8,3,2.7,4
2026-09-18T13:12:38+00:00,1494,Call of Duty,127,102,1.2,1.0,6,0.047,111,99,1.1,102
2026-09-18T13:12:38+00:00,32502,World of Warships,126,3,42.0,3,123,0.976,0,0,0,2
2026-09-18T13:12:38+00:00,829561046,Invokers: Titan Legacy,125,4,31.2,27.0,58,0.464,13,1,13.0,0
2026-09-18T13:12:38+00:00,76929895,The Seven Deadly Sins: Origin,117,4,29.2,8.0,100,0.855,1,1,1.0,2
2026-09-18T13:12:38+00:00,1050003477,The Elder Scrolls V: Skyrim - Special Edition,116,7,16.6,7,64,0.552,18,4,4.5,4
2026-09-18T13:12:38+00:00,504463,Tom Clancy's The Division 2,115,9,12.8,1,93,0.809,6,6,1.0,7
2026-09-18T13:12:38+00:00,262437666,Farming Simulator 25,114,16,7.1,3.0,41,0.36,37,13,2.8,14
2026-09-18T13:12:38+00:00,1469308723,Software and Game Development,114,19,6.0,5,19,0.167,65,16,4.1,14
2026-09-18T13:12:38+00:00,505884,PUBG MOBILE,112,2,56.0,56.0,56,0.5,0,0,0,0
2026-09-18T13:12:38+00:00,941530474,Mario Kart 8 Deluxe,111,4,27.8,23.0,63,0.568,2,1,2.0,1
2026-09-18T13:12:38+00:00,491962037,Big Ambitions,107,2,53.5,53.5,102,0.953,0,0,0,1
2026-09-18T13:12:38+00:00,493959,Red Dead Redemption II,106,12,8.8,2.5,33,0.311,28,9,3.1,8
2026-09-18T13:12:38+00:00,1441208453,Once Human,106,20,5.3,2.0,31,0.292,33,17,1.9,17
2026-09-18T13:12:38+00:00,31339,Project Zomboid,106,16,6.6,4.5,18,0.17,56,13,4.3,11
2026-09-18T13:12:38+00:00,459327,Hearts of Iron IV,105,1,105.0,105,105,1.0,0,0,0,0
2026-09-18T13:12:38+00:00,772157971,Writing & Reading,104,6,17.3,9.0,42,0.404,12,3,4.0,3
2026-09-18T13:42:36+00:00,509658,Just Chatting,18252,138,132.3,7.0,8324,0.456,7271,135,53.9,79
2026-09-18T13:42:36+00:00,123184772,EA Sports FC 27,12693,261,48.6,1,3904,0.308,4408,258,17.1,238
2026-09-18T13:42:36+00:00,18122,World of Warcraft,10597,158,67.1,3.0,2955,0.279,4740,155,30.6,109
2026-09-18T13:42:36+00:00,516575,VALORANT,7986,318,25.1,1.0,3755,0.47,2617,315,8.3,281
2026-09-18T13:42:36+00:00,32399,Counter-Strike,5454,45,121.2,3,2823,0.518,707,42,16.8,34
2026-09-18T13:42:36+00:00,1267582829,Aniimo,5274,305,17.3,3,805,0.153,3322,302,11.0,244
2026-09-18T13:42:36+00:00,595240160,Sovereign Tower,4855,3,1618.3,9,4844,0.998,0,0,0,2
2026-09-18T13:42:36+00:00,30921,Rocket League,4090,97,42.2,2,2918,0.713,379,94,4.0,86
2026-09-18T13:42:36+00:00,743893402,WARDOGS,3601,98,36.7,3.0,682,0.189,1976,95,20.8,69
2026-09-18T13:42:36+00:00,21779,League of Legends,3390,142,23.9,2.0,1009,0.298,1315,139,9.5,114
2026-09-18T13:42:36+00:00,512710,Call of Duty: Warzone,3354,105,31.9,1,1392,0.415,722,102,7.1,89
2026-09-18T13:42:36+00:00,513143,Teamfight Tactics,2428,25,97.1,3,1170,0.482,516,22,23.5,18
2026-09-18T13:42:36+00:00,505045,DOFUS Touch,2174,11,197.6,21,1084,0.499,245,8,30.6,5
2026-09-18T13:42:36+00:00,7830,Age of Empires III,1754,2,877.0,877.0,1418,0.808,0,0,0,0
2026-09-18T13:42:36+00:00,138585,Hearthstone,1385,8,173.1,12.0,933,0.674,27,5,5.4,3
2026-09-18T13:42:36+00:00,263490,Rust,1368,16,85.5,3.5,753,0.55,140,13,10.8,10
2026-09-18T13:42:36+00:00,376500771,Hades II,1199,6,199.8,87.0,802,0.669,8,3,2.7,3
2026-09-18T13:42:36+00:00,490377,Sea of Thieves,1159,19,61.0,3,638,0.55,284,16,17.8,12
2026-09-18T13:42:36+00:00,499973,Always On,1144,19,60.2,2,678,0.593,81,16,5.1,14
2026-09-18T13:42:36+00:00,508455,Valheim,1091,42,26.0,3.5,449,0.412,338,39,8.7,32
2026-09-18T13:42:36+00:00,512953,ELDEN RING,1090,29,37.6,5,754,0.692,155,26,6.0,20
2026-09-18T13:42:36+00:00,743,Chess,1079,4,269.8,30.5,1015,0.941,3,1,3.0,2
2026-09-18T13:42:36+00:00,33214,Fortnite,1050,182,5.8,1.0,344,0.328,539,179,3.0,167
2026-09-18T13:42:36+00:00,20596,Dofus,1013,33,30.7,5,304,0.3,443,30,14.8,20
2026-09-18T13:42:36+00:00,602040818,NBA 2K27,936,11,85.1,1,907,0.969,6,8,0.8,9
2026-09-18T13:42:36+00:00,417892,Z1: Battle Royale,871,26,33.5,3.0,327,0.375,162,23,7.0,18
2026-09-18T13:42:36+00:00,490744,Stardew Valley,850,13,65.4,5,394,0.464,43,10,4.3,10
2026-09-18T13:42:36+00:00,509660,Art,850,77,11.0,5,102,0.12,630,74,8.5,54
2026-09-18T13:42:36+00:00,509663,Special Events,779,11,70.8,21,398,0.511,128,8,16.0,5
2026-09-18T13:42:36+00:00,515025,Overwatch,759,43,17.7,3,203,0.267,315,40,7.9,34
2026-09-18T13:42:36+00:00,27471,Minecraft,746,84,8.9,1.5,194,0.26,321,81,4.0,74
2026-09-18T13:42:36+00:00,19745,Pokémon Platinum Version,725,1,725.0,725,725,1.0,0,0,0,0
2026-09-18T13:42:36+00:00,32982,Grand Theft Auto V,581,74,7.9,2.0,94,0.162,369,71,5.2,61
2026-09-18T13:42:36+00:00,75101830,Marvel's Wolverine,568,73,7.8,1,185,0.326,172,70,2.5,68
2026-09-18T13:42:36+00:00,779192097,Fire Emblem: Fortune's Weave,566,30,18.9,2.5,387,0.684,87,27,3.2,26
2026-09-18T13:42:36+00:00,369418,GeoGuessr,551,2,275.5,275.5,450,0.817,0,0,0,0
2026-09-18T13:42:36+00:00,1183694848,"KOTÁMON: My Sis Found A Super-Rare Card In Her Cereal Box, So I Became A Garbage Man To Find The Entire Collection And Earn $1,000,000",519,1,519.0,519,519,1.0,0,0,0,0
2026-09-18T13:42:36+00:00,498566,Slots,515,3,171.7,237,238,0.462,0,0,0,0
2026-09-18T13:42:36+00:00,65632,DayZ,510,13,39.2,3,310,0.608,31,10,3.1,11
2026-09-18T13:42:36+00:00,509672,IRL,501,12,41.8,1.5,255,0.509,98,9,10.9,7
2026-09-18T13:42:36+00:00,1122982998,Dark Souls: Remastered,490,4,122.5,107.5,268,0.547,7,1,7.0,1
2026-09-18T13:42:36+00:00,2012789438,Call of Duty: Black Ops 7,485,44,11.0,2.0,124,0.256,192,41,4.7,37
2026-09-18T13:42:36+00:00,0,Sans catégorie,483,73,6.6,1,284,0.588,128,70,1.8,68
2026-09-18T13:42:36+00:00,515024,Diablo IV,421,39,10.8,3,109,0.259,165,36,4.6,32
2026-09-18T13:42:36+00:00,491487,Dead by Daylight,416,45,9.2,4,77,0.185,270,42,6.4,32
2026-09-18T13:42:36+00:00,168648543,Battlefield 6,365,15,24.3,3,318,0.871,30,12,2.5,14
2026-09-18T13:42:36+00:00,518184,Phasmophobia,327,18,18.2,3.5,114,0.349,74,15,4.9,14
2026-09-18T13:42:36+00:00,464339927,ARC Raiders,320,16,20.0,1.5,272,0.85,25,13,1.9,14
2026-09-18T13:42:36+00:00,518203,Sports,291,4,72.8,14.5,261,0.897,1,1,1.0,2
2026-09-18T13:42:36+00:00,71375,Star Citizen,284,15,18.9,8,68,0.239,89,12,7.4,8
2026-09-18T13:42:36+00:00,417528,Albion Online,277,8,34.6,11.0,124,0.448,30,5,6.0,4
2026-09-18T13:42:36+00:00,1515862749,Disney Dreamlight Valley,270,8,33.8,6.0,184,0.681,19,5,3.8,6
2026-09-18T13:42:36+00:00,31339,Project Zomboid,268,17,15.8,8,108,0.403,111,14,7.9,9
2026-09-18T13:42:36+00:00,500188,Hunt: Showdown 1896,259,16,16.2,5.5,88,0.34,75,13,5.8,10
2026-09-18T13:42:36+00:00,511224,Apex Legends,245,60,4.1,1.0,40,0.163,144,57,2.5,54
2026-09-18T13:42:36+00:00,458781,No Man's Sky,239,16,14.9,3.0,106,0.444,38,13,2.9,13
2026-09-18T13:42:36+00:00,1749963163,Dying Light: The Beast,232,3,77.3,90,92,0.397,0,0,0,0
2026-09-18T13:42:36+00:00,492553,Sid Meier's Civilization VI,231,1,231.0,231,231,1.0,0,0,0,0
2026-09-18T13:42:36+00:00,489111,Summoners War: Sky Arena,227,1,227.0,227,227,1.0,0,0,0,0
2026-09-18T13:42:36+00:00,19357,Guild Wars 2,220,4,55.0,50.5,115,0.523,4,1,4.0,1
2026-09-18T13:42:36+00:00,2060730947,Le Mans Ultimate,218,16,13.6,4.0,86,0.394,45,13,3.5,13
2026-09-18T13:42:36+00:00,401587136,Arena Breakout: Infinite,207,12,17.2,3.0,126,0.609,28,9,3.1,9
2026-09-18T13:42:36+00:00,27546,World of Tanks,207,6,34.5,23.5,96,0.464,18,3,6.0,2
2026-09-18T13:42:36+00:00,27284,Retro,203,15,13.5,5,59,0.291,67,12,5.6,11
2026-09-18T13:42:36+00:00,902998079,Halloween: The Game,194,15,12.9,5,81,0.418,50,12,4.2,11
2026-09-18T13:42:36+00:00,497497,Brawl Stars,189,8,23.6,4.0,154,0.815,13,5,2.6,6
2026-09-18T13:42:36+00:00,508798,Warhammer,181,1,181.0,181,181,1.0,0,0,0,0
2026-09-18T13:42:36+00:00,1751366933,Riftbound,178,3,59.3,52,117,0.657,0,0,0,1
2026-09-18T13:42:36+00:00,369252,The Sims 4,177,8,22.1,15.0,84,0.475,38,5,7.6,3
2026-09-18T13:42:36+00:00,499634,Crypto,177,6,29.5,12.5,81,0.458,15,3,5.0,3
2026-09-18T13:42:36+00:00,1357871551,The Blood of Dawnwalker,174,27,6.4,3,35,0.201,94,24,3.9,22
2026-09-18T13:42:36+00:00,506415, SEKIRO: SHADOWS DIE TWICE,173,2,86.5,86.5,165,0.954,0,0,0,1
2026-09-18T13:42:36+00:00,1286077738,Monster Hunter Wilds,172,10,17.2,6.5,112,0.651,32,7,4.6,6
2026-09-18T13:42:36+00:00,21136,WAKFU,163,4,40.8,23.0,115,0.706,2,1,2.0,2
2026-09-18T13:42:36+00:00,76929895,The Seven Deadly Sins: Origin,156,8,19.5,6.5,99,0.635,16,5,3.2,5
2026-09-18T13:42:36+00:00,1599346425,Co-working & Studying,153,15,10.2,6,38,0.248,75,12,6.2,9
2026-09-18T13:42:36+00:00,1494,Call of Duty,148,114,1.3,1.0,7,0.047,130,111,1.2,114
2026-09-18T13:42:36+00:00,327598602,Onimusha: Way of the Sword,145,19,7.6,1,71,0.49,30,16,1.9,16
2026-09-18T13:42:36+00:00,417752,Talk Shows & Podcasts,145,7,20.7,23,47,0.324,25,4,6.2,3
2026-09-18T13:42:36+00:00,670138298,Madden NFL 27,143,1,143.0,143,143,1.0,0,0,0,0
2026-09-18T13:42:36+00:00,262437666,Farming Simulator 25,143,19,7.5,2,50,0.35,44,16,2.8,16
2026-09-18T13:42:36+00:00,1282866981,Delta Force,142,10,14.2,3.0,95,0.669,18,7,2.6,7
2026-09-18T13:42:36+00:00,770229477,60 Seconds! Reatomized,137,1,137.0,137,137,1.0,0,0,0,0
2026-09-18T13:42:36+00:00,509511,Marbles on Stream,132,3,44.0,31,85,0.644,0,0,0,0
2026-09-18T13:42:36+00:00,1050003477,The Elder Scrolls V: Skyrim - Special Edition,130,8,16.2,4.0,80,0.615,15,5,3.0,6
2026-09-18T13:42:36+00:00,1469308723,Software and Game Development,130,20,6.5,3.0,41,0.315,62,17,3.6,16
2026-09-18T13:42:36+00:00,829561046,Invokers: Titan Legacy,129,5,25.8,17,56,0.434,12,2,6.0,1
2026-09-18T13:42:36+00:00,493959,Red Dead Redemption II,124,14,8.9,3.0,33,0.266,43,11,3.9,10
2026-09-18T13:42:36+00:00,32502,World of Warships,119,2,59.5,59.5,117,0.983,0,0,0,1
2026-09-18T13:42:36+00:00,772157971,Writing & Reading,119,6,19.8,11.5,51,0.429,16,3,5.3,3
2026-09-18T13:42:36+00:00,24241,FINAL FANTASY XIV ONLINE,116,14,8.3,3.0,35,0.302,47,11,4.3,9
2026-09-18T13:42:36+00:00,459327,Hearts of Iron IV,112,1,112.0,112,112,1.0,0,0,0,0
2026-09-18T13:42:36+00:00,941530474,Mario Kart 8 Deluxe,112,4,28.0,24.0,57,0.509,7,1,7.0,1
2026-09-18T13:42:36+00:00,1441208453,Once Human,112,22,5.1,1.5,40,0.357,30,19,1.6,19
2026-09-18T13:42:36+00:00,505884,PUBG MOBILE,110,2,55.0,55.0,58,0.527,0,0,0,0
2026-09-18T13:42:36+00:00,491962037,Big Ambitions,108,2,54.0,54.0,103,0.954,0,0,0,1
2026-09-18T13:42:36+00:00,295042126,Woodo,101,3,33.7,3,97,0.96,0,0,0,2
2026-09-18T14:12:39+00:00,509658,Just Chatting,21390,170,125.8,6.0,8507,0.398,8672,167,51.9,101
2026-09-18T14:12:39+00:00,123184772,EA Sports FC 27,11203,263,42.6,1,3823,0.341,4724,260,18.2,232
2026-09-18T14:12:39+00:00,18122,World of Warcraft,10993,160,68.7,4.0,2913,0.265,5165,157,32.9,107
2026-09-18T14:12:39+00:00,516575,VALORANT,8418,353,23.8,1,3812,0.453,2680,350,7.7,319
2026-09-18T14:12:39+00:00,1267582829,Aniimo,5330,319,16.7,3,858,0.161,3315,316,10.5,262
2026-09-18T14:12:39+00:00,295042126,Woodo,4965,4,1241.2,62.5,4839,0.975,1,1,1.0,2
2026-09-18T14:12:39+00:00,32399,Counter-Strike,4677,48,97.4,2.5,2434,0.52,518,45,11.5,38
2026-09-18T14:12:39+00:00,30921,Rocket League,4394,112,39.2,1.0,3132,0.713,436,109,4.0,100
2026-09-18T14:12:39+00:00,21779,League of Legends,3982,148,26.9,2.0,979,0.246,1985,145,13.7,118
2026-09-18T14:12:39+00:00,512710,Call of Duty: Warzone,3305,101,32.7,1,1568,0.474,589,98,6.0,85
2026-09-18T14:12:39+00:00,743893402,WARDOGS,2898,95,30.5,4,590,0.204,1658,92,18.0,68
2026-09-18T14:12:39+00:00,513143,Teamfight Tactics,2641,26,101.6,5.0,759,0.287,904,23,39.3,15
2026-09-18T14:12:39+00:00,505045,DOFUS Touch,2105,8,263.1,107.0,1097,0.521,219,5,43.8,3
2026-09-18T14:12:39+00:00,7830,Age of Empires III,1730,2,865.0,865.0,1382,0.799,0,0,0,0
2026-09-18T14:12:39+00:00,921298138,BOMBANANA!,1664,3,554.7,368,1294,0.778,0,0,0,1
2026-09-18T14:12:39+00:00,490377,Sea of Thieves,1378,21,65.6,3,676,0.491,436,18,24.2,12
2026-09-18T14:12:39+00:00,263490,Rust,1343,13,103.3,4,721,0.537,121,10,12.1,8
2026-09-18T14:12:39+00:00,33214,Fortnite,1333,200,6.7,1.0,330,0.248,664,197,3.4,186
2026-09-18T14:12:39+00:00,138585,Hearthstone,1217,7,173.9,6,743,0.611,14,4,3.5,4
2026-09-18T14:12:39+00:00,508455,Valheim,1126,48,23.5,3.5,453,0.402,371,45,8.2,37
2026-09-18T14:12:39+00:00,20596,Dofus,1032,36,28.7,5.5,288,0.279,465,33,14.1,22
2026-09-18T14:12:39+00:00,417892,Z1: Battle Royale,966,28,34.5,3.0,402,0.416,199,25,8.0,20
2026-09-18T14:12:39+00:00,515025,Overwatch,925,62,14.9,3.0,199,0.215,458,59,7.8,50
2026-09-18T14:12:39+00:00,499973,Always On,921,18,51.2,2.0,487,0.529,68,15,4.5,14
2026-09-18T14:12:39+00:00,490744,Stardew Valley,919,12,76.6,6.5,475,0.517,41,9,4.6,8
2026-09-18T14:12:39+00:00,602040818,NBA 2K27,918,15,61.2,1,880,0.959,8,12,0.7,13
2026-09-18T14:12:39+00:00,743,Chess,868,7,124.0,5,799,0.921,13,4,3.2,5
2026-09-18T14:12:39+00:00,27471,Minecraft,780,93,8.4,2,202,0.259,341,90,3.8,83
2026-09-18T14:12:39+00:00,376500771,Hades II,757,5,151.4,8,434,0.573,2,2,1.0,3
2026-09-18T14:12:39+00:00,509660,Art,753,66,11.4,5.5,61,0.081,573,63,9.1,45
2026-09-18T14:12:39+00:00,779192097,Fire Emblem: Fortune's Weave,751,36,20.9,4.0,497,0.662,147,33,4.5,30
2026-09-18T14:12:39+00:00,19745,Pokémon Platinum Version,745,1,745.0,745,745,1.0,0,0,0,0
2026-09-18T14:12:39+00:00,32982,Grand Theft Auto V,736,84,8.8,2.0,112,0.152,490,81,6.0,66
2026-09-18T14:12:39+00:00,509663,Special Events,684,10,68.4,28.5,290,0.424,118,7,16.9,4
2026-09-18T14:12:39+00:00,75101830,Marvel's Wolverine,614,71,8.6,1,173,0.282,271,68,4.0,62
2026-09-18T14:12:39+00:00,509672,IRL,562,13,43.2,3,447,0.795,29,10,2.9,9
2026-09-18T14:12:39+00:00,491487,Dead by Daylight,558,42,13.3,3.5,150,0.269,286,39,7.3,29
2026-09-18T14:12:39+00:00,369418,GeoGuessr,554,3,184.7,98,451,0.814,0,0,0,1
2026-09-18T14:12:39+00:00,0,Sans catégorie,541,73,7.4,1,239,0.442,107,70,1.5,70
2026-09-18T14:12:39+00:00,1832841853,Mortal Shell II,531,3,177.0,17,512,0.964,0,0,0,1
2026-09-18T14:12:39+00:00,1183694848,"KOTÁMON: My Sis Found A Super-Rare Card In Her Cereal Box, So I Became A Garbage Man To Find The Entire Collection And Earn $1,000,000",514,1,514.0,514,514,1.0,0,0,0,0
2026-09-18T14:12:39+00:00,1122982998,Dark Souls: Remastered,506,5,101.2,14,268,0.53,10,2,5.0,2
2026-09-18T14:12:39+00:00,498566,Slots,502,2,251.0,251.0,252,0.502,0,0,0,0
2026-09-18T14:12:39+00:00,71375,Star Citizen,425,13,32.7,15,132,0.311,154,10,15.4,5
2026-09-18T14:12:39+00:00,515024,Diablo IV,417,39,10.7,2,116,0.278,156,36,4.3,33
2026-09-18T14:12:39+00:00,65632,DayZ,402,12,33.5,4.0,329,0.818,24,9,2.7,10
2026-09-18T14:12:39+00:00,2012789438,Call of Duty: Black Ops 7,393,38,10.3,1.0,120,0.305,123,35,3.5,33
2026-09-18T14:12:39+00:00,512953,ELDEN RING,351,31,11.3,4,135,0.385,133,28,4.8,25
2026-09-18T14:12:39+00:00,168648543,Battlefield 6,340,14,24.3,3.0,279,0.821,30,11,2.7,11
2026-09-18T14:12:39+00:00,31339,Project Zomboid,322,20,16.1,6.5,110,0.342,126,17,7.4,12
2026-09-18T14:12:39+00:00,511224,Apex Legends,317,78,4.1,1.0,62,0.196,193,75,2.6,71
2026-09-18T14:12:39+00:00,1515862749,Disney Dreamlight Valley,314,7,44.9,9,180,0.573,16,4,4.0,4
2026-09-18T14:12:39+00:00,489111,Summoners War: Sky Arena,283,2,141.5,141.5,217,0.767,0,0,0,0
2026-09-18T14:12:39+00:00,518184,Phasmophobia,261,21,12.4,4,121,0.464,68,18,3.8,16
2026-09-18T14:12:39+00:00,500188,Hunt: Showdown 1896,255,14,18.2,8.5,88,0.345,81,11,7.4,7
2026-09-18T14:12:39+00:00,1050003477,The Elder Scrolls V: Skyrim - Special Edition,248,7,35.4,10,175,0.706,22,4,5.5,3
2026-09-18T14:12:39+00:00,1749963163,Dying Light: The Beast,243,4,60.8,71.5,99,0.407,1,1,1.0,1
2026-09-18T14:12:39+00:00,492553,Sid Meier's Civilization VI,239,1,239.0,239,239,1.0,0,0,0,0
2026-09-18T14:12:39+00:00,27546,World of Tanks,238,6,39.7,23.5,130,0.546,23,3,7.7,2
2026-09-18T14:12:39+00:00,458781,No Man's Sky,231,15,15.4,3,107,0.463,29,12,2.4,12
2026-09-18T14:12:39+00:00,2060730947,Le Mans Ultimate,226,15,15.1,2,99,0.438,35,12,2.9,12
2026-09-18T14:12:39+00:00,19357,Guild Wars 2,215,3,71.7,98,115,0.535,0,0,0,1
2026-09-18T14:12:39+00:00,1763263,nanos world,212,3,70.7,46,122,0.575,0,0,0,0
2026-09-18T14:12:39+00:00,401587136,Arena Breakout: Infinite,209,11,19.0,5,124,0.593,32,8,4.0,9
2026-09-18T14:12:39+00:00,509511,Marbles on Stream,204,4,51.0,52.0,76,0.373,24,1,24.0,0
2026-09-18T14:12:39+00:00,369252,The Sims 4,201,12,16.8,11.0,75,0.373,79,9,8.8,6
2026-09-18T14:12:39+00:00,497497,Brawl Stars,187,8,23.4,4.5,153,0.818,16,5,3.2,6
2026-09-18T14:12:39+00:00,499634,Crypto,187,7,26.7,10,68,0.364,20,4,5.0,3
2026-09-18T14:12:39+00:00,508798,Warhammer,183,1,183.0,183,183,1.0,0,0,0,0
2026-09-18T14:12:39+00:00,902998079,Halloween: The Game,183,13,14.1,4,70,0.383,43,10,4.3,9
2026-09-18T14:12:39+00:00,21136,WAKFU,182,4,45.5,23.5,134,0.736,1,1,1.0,2
2026-09-18T14:12:39+00:00,1751366933,Riftbound,182,3,60.7,79,93,0.511,0,0,0,0
2026-09-18T14:12:39+00:00,670138298,Madden NFL 27,179,1,179.0,179,179,1.0,0,0,0,0
2026-09-18T14:12:39+00:00,417528,Albion Online,173,9,19.2,4,90,0.52,20,6,3.3,6
2026-09-18T14:12:39+00:00,1357871551,The Blood of Dawnwalker,172,32,5.4,3.0,24,0.14,112,29,3.9,25
2026-09-18T14:12:39+00:00,506415, SEKIRO: SHADOWS DIE TWICE,170,4,42.5,7.0,155,0.912,1,1,1.0,2
2026-09-18T14:12:39+00:00,1286077738,Monster Hunter Wilds,169,8,21.1,11.5,109,0.645,30,5,6.0,3
2026-09-18T14:12:39+00:00,27284,Retro,168,14,12.0,4.5,62,0.369,42,11,3.8,10
2026-09-18T14:12:39+00:00,771448419,Aion 2,164,4,41.0,31.5,90,0.549,11,1,11.0,0
2026-09-18T14:12:39+00:00,626441414,The Incident at Galley House,163,1,163.0,163,163,1.0,0,0,0,0
2026-09-18T14:12:39+00:00,1469308723,Software and Game Development,160,18,8.9,4.5,35,0.219,66,15,4.4,13
2026-09-18T14:12:39+00:00,460630,Rainbow Six Siege,150,26,5.8,1.0,64,0.427,35,23,1.5,24
2026-09-18T14:12:39+00:00,509673,Makers & Crafting,149,10,14.9,5.5,71,0.477,37,7,5.3,6
2026-09-18T14:12:39+00:00,829561046,Invokers: Titan Legacy,146,6,24.3,18.0,49,0.336,26,3,8.7,1
2026-09-18T14:12:39+00:00,1599346425,Co-working & Studying,145,14,10.4,7.0,40,0.276,63,11,5.7,9
2026-09-18T14:12:39+00:00,24241,FINAL FANTASY XIV ONLINE,137,19,7.2,4,39,0.285,65,16,4.1,13
2026-09-18T14:12:39+00:00,770229477,60 Seconds! Reatomized,136,1,136.0,136,136,1.0,0,0,0,0
2026-09-18T14:12:39+00:00,327598602,Onimusha: Way of the Sword,134,21,6.4,1,71,0.53,24,18,1.3,19
2026-09-18T14:12:39+00:00,1494,Call of Duty,131,114,1.1,1.0,4,0.031,119,111,1.1,114
2026-09-18T14:12:39+00:00,1282866981,Delta Force,130,10,13.0,2.0,111,0.854,10,7,1.4,9
2026-09-18T14:12:39+00:00,504463,Tom Clancy's The Division 2,129,8,16.1,2.0,109,0.845,7,5,1.4,6
2026-09-18T14:12:39+00:00,1441208453,Once Human,123,22,5.6,2.0,48,0.39,34,19,1.8,19
2026-09-18T14:12:39+00:00,459327,Hearts of Iron IV,119,1,119.0,119,119,1.0,0,0,0,0
2026-09-18T14:12:39+00:00,262437666,Farming Simulator 25,116,18,6.4,3.5,45,0.388,50,15,3.3,15
2026-09-18T14:12:39+00:00,32502,World of Warships,115,3,38.3,3,111,0.965,0,0,0,2
2026-09-18T14:12:39+00:00,493959,Red Dead Redemption II,110,16,6.9,3.0,38,0.345,35,13,2.7,13
2026-09-18T14:12:39+00:00,491962037,Big Ambitions,102,2,51.0,51.0,98,0.961,0,0,0,1
2026-09-18T14:42:35+00:00,509658,Just Chatting,24087,174,138.4,6.5,8479,0.352,9883,171,57.8,99
2026-09-18T14:42:35+00:00,21779,League of Legends,14732,161,91.5,3,5083,0.345,3511,158,22.2,127
2026-09-18T14:42:35+00:00,123184772,EA Sports FC 27,13009,289,45.0,1,3840,0.295,5699,286,19.9,256
2026-09-18T14:42:35+00:00,18122,World of Warcraft,10676,157,68.0,4,2711,0.254,5232,154,34.0,107
2026-09-18T14:42:35+00:00,295042126,Woodo,5722,4,1430.5,68.0,5585,0.976,1,1,1.0,2
2026-09-18T14:42:35+00:00,32399,Counter-Strike,4929,52,94.8,3.0,3142,0.637,493,49,10.1,40
2026-09-18T14:42:35+00:00,30921,Rocket League,4619,103,44.8,1,3665,0.793,335,100,3.4,93
2026-09-18T14:42:35+00:00,516575,VALORANT,4434,379,11.7,1,1143,0.258,2450,376,6.5,344
2026-09-18T14:42:35+00:00,1267582829,Aniimo,4404,317,13.9,2,898,0.204,2644,314,8.4,261
2026-09-18T14:42:35+00:00,512710,Call of Duty: Warzone,3090,100,30.9,1.0,1298,0.42,594,97,6.1,84
2026-09-18T14:42:35+00:00,513143,Teamfight Tactics,2788,25,111.5,12,664,0.238,1079,22,49.0,11
2026-09-18T14:42:35+00:00,743893402,WARDOGS,2741,101,27.1,3,597,0.218,1491,98,15.2,77
2026-09-18T14:42:35+00:00,921298138,BOMBANANA!,2725,4,681.2,542.0,1640,0.602,1,1,1.0,1
2026-09-18T14:42:35+00:00,505045,DOFUS Touch,2001,13,153.9,6,988,0.494,249,10,24.9,7
2026-09-18T14:42:35+00:00,490377,Sea of Thieves,1454,22,66.1,2.5,716,0.492,461,19,24.3,13
2026-09-18T14:42:35+00:00,263490,Rust,1432,18,79.6,2.5,749,0.523,128,15,8.5,13
2026-09-18T14:42:35+00:00,33214,Fortnite,1415,209,6.8,1,343,0.242,718,206,3.5,191
2026-09-18T14:42:35+00:00,138585,Hearthstone,1177,8,147.1,6.0,676,0.574,19,5,3.8,5
2026-09-18T14:42:35+00:00,508455,Valheim,1134,50,22.7,3.0,478,0.422,342,47,7.3,41
2026-09-18T14:42:35+00:00,1913410799,Total War: WARHAMMER III,1119,4,279.8,55.5,995,0.889,13,1,13.0,0
2026-09-18T14:42:35+00:00,20596,Dofus,1015,33,30.8,7,272,0.268,453,30,15.1,19
2026-09-18T14:42:35+00:00,417892,Z1: Battle Royale,1013,23,44.0,3,433,0.427,197,20,9.8,16
2026-09-18T14:42:35+00:00,32982,Grand Theft Auto V,982,94,10.4,2.0,120,0.122,655,91,7.2,72
2026-09-18T14:42:35+00:00,499973,Always On,926,19,48.7,2,533,0.576,71,16,4.4,14
2026-09-18T14:42:35+00:00,511224,Apex Legends,889,66,13.5,1.0,531,0.597,161,63,2.6,59
2026-09-18T14:42:35+00:00,515025,Overwatch,865,66,13.1,3.0,174,0.201,443,63,7.0,55
2026-09-18T14:42:35+00:00,602040818,NBA 2K27,849,14,60.6,1.0,811,0.955,10,11,0.9,12
2026-09-18T14:42:35+00:00,27471,Minecraft,804,114,7.1,1.5,199,0.248,375,111,3.4,103
2026-09-18T14:42:35+00:00,509660,Art,764,63,12.1,7,73,0.096,589,60,9.8,35
2026-09-18T14:42:35+00:00,19745,Pokémon Platinum Version,763,1,763.0,763,763,1.0,0,0,0,0
2026-09-18T14:42:35+00:00,743,Chess,717,6,119.5,6.0,648,0.904,8,3,2.7,4
2026-09-18T14:42:35+00:00,509663,Special Events,708,9,78.7,36,319,0.451,102,6,17.0,3
2026-09-18T14:42:35+00:00,75101830,Marvel's Wolverine,633,82,7.7,1.0,183,0.289,257,79,3.3,73
2026-09-18T14:42:35+00:00,509672,IRL,607,8,75.9,3.0,541,0.891,9,5,1.8,5
2026-09-18T14:42:35+00:00,491487,Dead by Daylight,596,48,12.4,3.0,192,0.322,276,45,6.1,37
2026-09-18T14:42:35+00:00,513181,Genshin Impact,571,15,38.1,2,527,0.923,25,12,2.1,13
2026-09-18T14:42:35+00:00,1832841853,Mortal Shell II,540,6,90.0,10.5,475,0.88,8,3,2.7,3
2026-09-18T14:42:35+00:00,369418,GeoGuessr,539,3,179.7,85,453,0.84,0,0,0,1
2026-09-18T14:42:35+00:00,1183694848,"KOTÁMON: My Sis Found A Super-Rare Card In Her Cereal Box, So I Became A Garbage Man To Find The Entire Collection And Earn $1,000,000",534,1,534.0,534,534,1.0,0,0,0,0
2026-09-18T14:42:35+00:00,0,Sans catégorie,513,81,6.3,1,233,0.454,105,78,1.3,78
2026-09-18T14:42:35+00:00,506462,Control,503,3,167.7,2,500,0.994,0,0,0,2
2026-09-18T14:42:35+00:00,498566,Slots,500,3,166.7,230,230,0.46,0,0,0,0
2026-09-18T14:42:35+00:00,1122982998,Dark Souls: Remastered,496,6,82.7,10.5,257,0.518,11,3,3.7,3
2026-09-18T14:42:35+00:00,2012789438,Call of Duty: Black Ops 7,472,36,13.1,2.0,127,0.269,167,33,5.1,30
2026-09-18T14:42:35+00:00,515024,Diablo IV,448,35,12.8,3,102,0.228,205,32,6.4,26
2026-09-18T14:42:35+00:00,71375,Star Citizen,441,15,29.4,13,155,0.351,150,12,12.5,6
2026-09-18T14:42:35+00:00,31339,Project Zomboid,431,18,23.9,5.5,179,0.415,133,15,8.9,11
2026-09-18T14:42:35+00:00,65632,DayZ,403,12,33.6,2.5,318,0.789,27,9,3.0,8
2026-09-18T14:42:35+00:00,1763263,nanos world,364,3,121.3,104,196,0.538,0,0,0,0
2026-09-18T14:42:35+00:00,512953,ELDEN RING,355,26,13.7,3.0,125,0.352,90,23,3.9,20
2026-09-18T14:42:35+00:00,376500771,Hades II,347,2,173.5,173.5,346,0.997,0,0,0,1
2026-09-18T14:42:35+00:00,759,Harvester,333,1,333.0,333,333,1.0,0,0,0,0
2026-09-18T14:42:35+00:00,168648543,Battlefield 6,326,16,20.4,3.0,247,0.758,38,13,2.9,13
2026-09-18T14:42:35+00:00,1515862749,Disney Dreamlight Valley,317,7,45.3,16,179,0.565,24,4,6.0,3
2026-09-18T14:42:35+00:00,489111,Summoners War: Sky Arena,288,2,144.0,144.0,189,0.656,0,0,0,0
2026-09-18T14:42:35+00:00,417528,Albion Online,267,8,33.4,11.0,107,0.401,26,5,5.2,4
2026-09-18T14:42:35+00:00,458781,No Man's Sky,246,14,17.6,2.5,109,0.443,38,11,3.5,10
2026-09-18T14:42:35+00:00,500188,Hunt: Showdown 1896,243,17,14.3,5,94,0.387,76,14,5.4,12
2026-09-18T14:42:35+00:00,518184,Phasmophobia,242,18,13.4,3.0,133,0.55,56,15,3.7,13
2026-09-18T14:42:35+00:00,779192097,Fire Emblem: Fortune's Weave,235,30,7.8,3.0,111,0.472,86,27,3.2,27
2026-09-18T14:42:35+00:00,401587136,Arena Breakout: Infinite,233,14,16.6,4.0,133,0.571,42,11,3.8,11
2026-09-18T14:42:35+00:00,626441414,The Incident at Galley House,226,1,226.0,226,226,1.0,0,0,0,0
2026-09-18T14:42:35+00:00,27546,World of Tanks,218,6,36.3,11.5,140,0.642,2,3,0.7,3
2026-09-18T14:42:35+00:00,492553,Sid Meier's Civilization VI,214,2,107.0,107.0,208,0.972,0,0,0,1
2026-09-18T14:42:35+00:00,19357,Guild Wars 2,213,5,42.6,13,175,0.822,12,2,6.0,1
2026-09-18T14:42:35+00:00,327598602,Onimusha: Way of the Sword,212,26,8.2,1.0,69,0.325,61,23,2.7,21
2026-09-18T14:42:35+00:00,13332,Pokémon FireRed/LeafGreen,206,5,41.2,12,172,0.835,9,2,4.5,2
2026-09-18T14:42:35+00:00,1357871551,The Blood of Dawnwalker,205,33,6.2,3,37,0.18,107,30,3.6,26
2026-09-18T14:42:35+00:00,1749963163,Dying Light: The Beast,204,5,40.8,37,92,0.451,3,2,1.5,2
2026-09-18T14:42:35+00:00,670138298,Madden NFL 27,203,1,203.0,203,203,1.0,0,0,0,0
2026-09-18T14:42:35+00:00,497497,Brawl Stars,200,10,20.0,3.5,159,0.795,15,7,2.1,8
2026-09-18T14:42:35+00:00,21136,WAKFU,194,5,38.8,8,142,0.732,8,2,4.0,3
2026-09-18T14:42:35+00:00,492934,RESIDENT EVIL 7 biohazard,188,3,62.7,6,179,0.952,0,0,0,2
2026-09-18T14:42:35+00:00,508798,Warhammer,185,1,185.0,185,185,1.0,0,0,0,0
2026-09-18T14:42:35+00:00,509511,Marbles on Stream,182,4,45.5,40.5,99,0.544,2,1,2.0,1
2026-09-18T14:42:35+00:00,902998079,Halloween: The Game,178,13,13.7,5,70,0.393,38,10,3.8,9
2026-09-18T14:42:35+00:00,499634,Crypto,177,7,25.3,8,63,0.356,17,4,4.2,4
2026-09-18T14:42:35+00:00,506415, SEKIRO: SHADOWS DIE TWICE,175,4,43.8,6.5,161,0.92,1,1,1.0,2
2026-09-18T14:42:35+00:00,460630,Rainbow Six Siege,175,25,7.0,1,85,0.486,41,22,1.9,23
2026-09-18T14:42:35+00:00,27284,Retro,161,16,10.1,3.5,67,0.416,39,13,3.0,13
2026-09-18T14:42:35+00:00,1494,Call of Duty,156,119,1.3,1,6,0.038,139,116,1.2,119
2026-09-18T14:42:35+00:00,1282866981,Delta Force,154,10,15.4,3.0,112,0.727,14,7,2.0,8
2026-09-18T14:42:35+00:00,509673,Makers & Crafting,153,9,17.0,7,64,0.418,37,6,6.2,5
2026-09-18T14:42:35+00:00,1751366933,Riftbound,151,3,50.3,8,141,0.934,0,0,0,2
2026-09-18T14:42:35+00:00,1286077738,Monster Hunter Wilds,150,7,21.4,4,106,0.707,12,4,3.0,4
2026-09-18T14:42:35+00:00,32502,World of Warships,143,5,28.6,5,121,0.846,6,2,3.0,3
2026-09-18T14:42:35+00:00,1264310518,Marvel Rivals,141,22,6.4,2.0,42,0.298,58,19,3.1,17
2026-09-18T14:42:35+00:00,2060730947,Le Mans Ultimate,137,7,19.6,7,89,0.65,21,4,5.2,4
2026-09-18T14:42:35+00:00,490413,Board Games,129,2,64.5,64.5,103,0.798,0,0,0,0
2026-09-18T14:42:35+00:00,459327,Hearts of Iron IV,126,1,126.0,126,126,1.0,0,0,0,0
2026-09-18T14:42:35+00:00,504463,Tom Clancy's The Division 2,125,9,13.9,1,107,0.856,6,6,1.0,8
2026-09-18T14:42:35+00:00,1599346425,Co-working & Studying,125,12,10.4,10.5,20,0.16,67,9,7.4,5
2026-09-18T14:42:35+00:00,770229477,60 Seconds! Reatomized,120,1,120.0,120,120,1.0,0,0,0,0
2026-09-18T14:42:35+00:00,262437666,Farming Simulator 25,114,18,6.3,2.5,44,0.386,46,15,3.1,14
2026-09-18T14:42:35+00:00,1441208453,Once Human,109,22,5.0,1.0,44,0.404,32,19,1.7,19
2026-09-18T14:42:35+00:00,1469308723,Software and Game Development,108,16,6.8,4.5,31,0.287,48,13,3.7,13
2026-09-18T14:42:35+00:00,55453844,Street Fighter 6,105,3,35.0,5,99,0.943,0,0,0,2
2026-09-18T14:42:35+00:00,498482,Age of Empires IV,100,2,50.0,50.0,94,0.94,0,0,0,1
