ts_utc,game_id,game_name,viewers,channels,avg_viewers,median_viewers,top1_viewers,top1_share,viewers_hors_top3,channels_hors_top3,avg_hors_top3,channels_lt10
2026-09-30T00:12:37+00:00,32982,Grand Theft Auto V,28175,286,98.5,4.0,11537,0.409,11620,283,41.1,196
2026-09-30T00:12:37+00:00,509672,IRL,11027,3,3675.7,1,11025,1.0,0,0,0,2
2026-09-30T00:12:37+00:00,509658,Just Chatting,9512,159,59.8,6,2788,0.293,5225,156,33.5,89
2026-09-30T00:12:37+00:00,21779,League of Legends,4773,92,51.9,3.0,1835,0.384,1883,89,21.2,67
2026-09-30T00:12:37+00:00,123184772,EA Sports FC 27,3854,141,27.3,1,1130,0.293,1700,138,12.3,122
2026-09-30T00:12:37+00:00,27471,Minecraft,3056,53,57.7,2,2766,0.905,198,50,4.0,44
2026-09-30T00:12:37+00:00,1763263,nanos world,2908,29,100.3,4,1843,0.634,477,26,18.3,16
2026-09-30T00:12:37+00:00,516575,VALORANT,2468,191,12.9,2,375,0.152,1507,188,8.0,166
2026-09-30T00:12:37+00:00,30921,Rocket League,2395,46,52.1,1.0,2306,0.963,75,43,1.7,45
2026-09-30T00:12:37+00:00,404069058,ACE COMBAT 8: WINGS OF THEVE,1427,6,237.8,2.5,1304,0.914,3,3,1.0,4
2026-09-30T00:12:37+00:00,499973,Always On,1323,20,66.2,7.5,538,0.407,456,17,26.8,10
2026-09-30T00:12:37+00:00,36799602,Clair Obscur: Expedition 33,1290,5,258.0,3,1274,0.988,1,2,0.5,3
2026-09-30T00:12:37+00:00,274875111,FailRooms,1161,1,1161.0,1161,1161,1.0,0,0,0,0
2026-09-30T00:12:37+00:00,1267582829,Aniimo,914,96,9.5,2.0,228,0.249,436,93,4.7,83
2026-09-30T00:12:37+00:00,1254042066,The Witcher 3: Wild Hunt Remastered,825,15,55.0,1,644,0.781,46,12,3.8,11
2026-09-30T00:12:37+00:00,417892,Z1: Battle Royale,815,24,34.0,3.0,492,0.604,163,21,7.8,17
2026-09-30T00:12:37+00:00,509663,Special Events,790,28,28.2,10.0,335,0.424,290,25,11.6,13
2026-09-30T00:12:37+00:00,34134,Call of Duty: Black Ops II,763,7,109.0,1,746,0.978,4,4,1.0,5
2026-09-30T00:12:37+00:00,490377,Sea of Thieves,713,16,44.6,3.0,434,0.609,50,13,3.8,12
2026-09-30T00:12:37+00:00,33214,Fortnite,694,109,6.4,1,310,0.447,222,106,2.1,102
2026-09-30T00:12:37+00:00,512710,Call of Duty: Warzone,640,48,13.3,2.0,154,0.241,272,45,6.0,40
2026-09-30T00:12:37+00:00,513143,Teamfight Tactics,620,10,62.0,11.0,423,0.682,53,7,7.6,5
2026-09-30T00:12:37+00:00,11557,The Legend of Zelda: Ocarina of Time,601,5,120.2,4,591,0.983,2,2,1.0,4
2026-09-30T00:12:37+00:00,18122,World of Warcraft,528,49,10.8,2,82,0.155,288,46,6.3,36
2026-09-30T00:12:37+00:00,508455,Valheim,527,22,24.0,5.5,166,0.315,123,19,6.5,13
2026-09-30T00:12:37+00:00,32399,Counter-Strike,526,22,23.9,2.0,412,0.783,70,19,3.7,17
2026-09-30T00:12:37+00:00,491487,Dead by Daylight,519,39,13.3,5,74,0.143,344,36,9.6,25
2026-09-30T00:12:37+00:00,24241,FINAL FANTASY XIV ONLINE,504,7,72.0,7,460,0.913,16,4,4.0,5
2026-09-30T00:12:37+00:00,1960720223,SILENT HILL: townfall,465,13,35.8,5,230,0.495,46,10,4.6,8
2026-09-30T00:12:37+00:00,138585,Hearthstone,436,5,87.2,1,431,0.989,2,2,1.0,4
2026-09-30T00:12:37+00:00,771448419,AION 2,391,2,195.5,195.5,381,0.974,0,0,0,0
2026-09-30T00:12:37+00:00,743893402,WARDOGS,342,45,7.6,2,58,0.17,198,42,4.7,36
2026-09-30T00:12:37+00:00,20596,Dofus,318,12,26.5,13.0,108,0.34,105,9,11.7,5
2026-09-30T00:12:37+00:00,115977,The Witcher 3: Wild Hunt,270,5,54.0,4,234,0.867,3,2,1.5,3
2026-09-30T00:12:37+00:00,493959,Red Dead Redemption II,270,11,24.5,6,184,0.681,38,8,4.8,7
2026-09-30T00:12:37+00:00,498592,I'm Only Sleeping,251,6,41.8,16.0,164,0.653,10,3,3.3,3
2026-09-30T00:12:37+00:00,509659,ASMR,215,3,71.7,59,134,0.623,0,0,0,0
2026-09-30T00:12:37+00:00,511224,Apex Legends,210,27,7.8,2,92,0.438,50,24,2.1,23
2026-09-30T00:12:37+00:00,1050003477,The Elder Scrolls V: Skyrim - Special Edition,197,11,17.9,8,80,0.406,49,8,6.1,6
2026-09-30T00:12:37+00:00,250649084,SILENT HILL 2,196,1,196.0,196,196,1.0,0,0,0,0
2026-09-30T00:12:37+00:00,65632,DayZ,190,10,19.0,2.5,147,0.774,14,7,2.0,7
2026-09-30T00:12:37+00:00,518017,Resident Evil Village,182,6,30.3,2.0,171,0.94,4,3,1.3,5
2026-09-30T00:12:37+00:00,515025,Overwatch,175,33,5.3,3,24,0.137,119,30,4.0,28
2026-09-30T00:12:37+00:00,18846,Garry's Mod,168,11,15.3,7,48,0.286,42,8,5.2,6
2026-09-30T00:12:37+00:00,31339,Project Zomboid,165,10,16.5,7.0,88,0.533,30,7,4.3,7
2026-09-30T00:12:37+00:00,2066107586,Escape the Backrooms,152,3,50.7,12,139,0.914,0,0,0,1
2026-09-30T00:12:37+00:00,460630,Rainbow Six Siege,148,21,7.0,1,70,0.473,28,18,1.6,18
2026-09-30T00:12:37+00:00,1429246898,A Weird Game About Sausage,142,1,142.0,142,142,1.0,0,0,0,0
2026-09-30T00:12:37+00:00,902998079,Halloween: The Game,138,3,46.0,9,128,0.928,0,0,0,2
2026-09-30T00:12:37+00:00,464339927,ARC Raiders,135,21,6.4,2,24,0.178,67,18,3.7,14
2026-09-30T00:12:37+00:00,1357871551,The Blood of Dawnwalker,134,12,11.2,1.5,95,0.709,14,9,1.6,10
2026-09-30T00:12:37+00:00,1414860634,The Binding of Isaac: Repentance,133,4,33.2,29.5,72,0.541,2,1,2.0,1
2026-09-30T00:12:37+00:00,512953,ELDEN RING,127,8,15.9,4.5,92,0.724,13,5,2.6,6
2026-09-30T00:12:37+00:00,491931,Escape from Tarkov,115,6,19.2,6.0,80,0.696,6,3,2.0,4
2026-09-30T00:12:37+00:00,23020,ROBLOX,113,25,4.5,1,40,0.354,32,22,1.5,22
2026-09-30T00:12:37+00:00,509660,Art,112,15,7.5,4,29,0.259,53,12,4.4,11
2026-09-30T00:12:37+00:00,1597660489,RESIDENT EVIL: requiem,103,3,34.3,1,101,0.981,0,0,0,2
2026-09-30T00:12:37+00:00,602040818,NBA 2K27,101,8,12.6,1.0,86,0.851,5,5,1.0,7
2026-09-30T00:12:37+00:00,1494,Call of Duty,100,64,1.6,1.0,4,0.04,88,61,1.4,64
2026-09-30T00:42:37+00:00,32982,Grand Theft Auto V,16125,257,62.7,4,4094,0.254,9790,254,38.5,173
2026-09-30T00:42:37+00:00,512710,Call of Duty: Warzone,11902,39,305.2,2,11618,0.976,118,36,3.3,32
2026-09-30T00:42:37+00:00,509658,Just Chatting,7012,144,48.7,6.0,2766,0.394,3403,141,24.1,81
2026-09-30T00:42:37+00:00,509672,IRL,6744,3,2248.0,1,6742,1.0,0,0,0,2
2026-09-30T00:42:37+00:00,21779,League of Legends,4548,79,57.6,5,1658,0.365,1834,76,24.1,51
2026-09-30T00:42:37+00:00,516575,VALORANT,3629,168,21.6,2.0,972,0.268,1870,165,11.3,147
2026-09-30T00:42:37+00:00,123184772,EA Sports FC 27,3069,115,26.7,1,1023,0.333,1203,112,10.7,102
2026-09-30T00:42:37+00:00,27471,Minecraft,2563,38,67.4,2.0,2410,0.94,114,35,3.3,32
2026-09-30T00:42:37+00:00,30921,Rocket League,2545,43,59.2,1,2453,0.964,73,40,1.8,41
2026-09-30T00:42:37+00:00,404069058,ACE COMBAT 8: WINGS OF THEVE,1284,6,214.0,1.5,1160,0.903,3,3,1.0,4
2026-09-30T00:42:37+00:00,36799602,Clair Obscur: Expedition 33,1280,7,182.9,1,1272,0.994,3,4,0.8,6
2026-09-30T00:42:37+00:00,499973,Always On,1194,18,66.3,7.5,499,0.418,398,15,26.5,9
2026-09-30T00:42:37+00:00,1254042066,The Witcher 3: Wild Hunt Remastered,811,20,40.5,2.0,542,0.668,124,17,7.3,14
2026-09-30T00:42:37+00:00,1267582829,Aniimo,785,76,10.3,2.0,206,0.262,350,73,4.8,65
2026-09-30T00:42:37+00:00,490377,Sea of Thieves,738,15,49.2,2,492,0.667,39,12,3.2,11
2026-09-30T00:42:37+00:00,1763263,nanos world,712,25,28.5,4,150,0.211,272,22,12.4,16
2026-09-30T00:42:37+00:00,509663,Special Events,700,24,29.2,11.5,302,0.431,232,21,11.0,10
2026-09-30T00:42:37+00:00,34134,Call of Duty: Black Ops II,644,4,161.0,6.0,630,0.978,2,1,2.0,2
2026-09-30T00:42:37+00:00,513143,Teamfight Tactics,607,10,60.7,12.5,387,0.638,57,7,8.1,4
2026-09-30T00:42:37+00:00,417892,Z1: Battle Royale,600,23,26.1,4,350,0.583,110,20,5.5,15
2026-09-30T00:42:37+00:00,11557,The Legend of Zelda: Ocarina of Time,589,3,196.3,4,584,0.992,0,0,0,2
2026-09-30T00:42:37+00:00,33214,Fortnite,577,91,6.3,1,298,0.516,196,88,2.2,83
2026-09-30T00:42:37+00:00,32399,Counter-Strike,568,17,33.4,4,459,0.808,64,14,4.6,13
2026-09-30T00:42:37+00:00,24241,FINAL FANTASY XIV ONLINE,508,8,63.5,6.0,463,0.911,17,5,3.4,6
2026-09-30T00:42:37+00:00,508455,Valheim,475,19,25.0,4,150,0.316,96,16,6.0,13
2026-09-30T00:42:37+00:00,1960720223,SILENT HILL: townfall,469,11,42.6,4,247,0.527,25,8,3.1,7
2026-09-30T00:42:37+00:00,491487,Dead by Daylight,458,33,13.9,5,75,0.164,279,30,9.3,21
2026-09-30T00:42:37+00:00,771448419,AION 2,371,2,185.5,185.5,363,0.978,0,0,0,1
2026-09-30T00:42:37+00:00,138585,Hearthstone,366,2,183.0,183.0,365,0.997,0,0,0,1
2026-09-30T00:42:37+00:00,18122,World of Warcraft,340,36,9.4,2.0,90,0.265,144,33,4.4,27
2026-09-30T00:42:37+00:00,743893402,WARDOGS,313,36,8.7,2.0,62,0.198,153,33,4.6,29
2026-09-30T00:42:37+00:00,20596,Dofus,309,12,25.8,13.0,94,0.304,93,9,10.3,5
2026-09-30T00:42:37+00:00,0,Sans catégorie,269,52,5.2,1.0,194,0.721,54,49,1.1,50
2026-09-30T00:42:37+00:00,115977,The Witcher 3: Wild Hunt,268,6,44.7,6.0,240,0.896,8,3,2.7,4
2026-09-30T00:42:37+00:00,493959,Red Dead Redemption II,266,12,22.2,9.0,160,0.602,61,9,6.8,7
2026-09-30T00:42:37+00:00,498592,I'm Only Sleeping,242,4,60.5,36.0,160,0.661,10,1,10.0,0
2026-09-30T00:42:37+00:00,464339927,ARC Raiders,219,21,10.4,2,87,0.397,75,18,4.2,14
2026-09-30T00:42:37+00:00,65632,DayZ,206,7,29.4,14,138,0.67,22,4,5.5,3
2026-09-30T00:42:37+00:00,2066107586,Escape the Backrooms,182,6,30.3,10.0,121,0.665,11,3,3.7,3
2026-09-30T00:42:37+00:00,1429246898,A Weird Game About Sausage,180,1,180.0,180,180,1.0,0,0,0,0
2026-09-30T00:42:37+00:00,1357871551,The Blood of Dawnwalker,168,13,12.9,2,105,0.625,14,10,1.4,11
2026-09-30T00:42:37+00:00,1050003477,The Elder Scrolls V: Skyrim - Special Edition,163,11,14.8,11,66,0.405,50,8,6.2,5
2026-09-30T00:42:37+00:00,460630,Rainbow Six Siege,146,19,7.7,2,66,0.452,31,16,1.9,16
2026-09-30T00:42:37+00:00,509660,Art,141,14,10.1,10.0,26,0.184,77,11,7.0,7
2026-09-30T00:42:37+00:00,18846,Garry's Mod,130,7,18.6,12,54,0.415,25,4,6.2,3
2026-09-30T00:42:37+00:00,511224,Apex Legends,129,22,5.9,2.0,39,0.302,37,19,1.9,19
2026-09-30T00:42:37+00:00,31339,Project Zomboid,128,12,10.7,4.0,74,0.578,28,9,3.1,9
2026-09-30T00:42:37+00:00,902998079,Halloween: The Game,124,4,31.0,2.0,120,0.968,0,1,0.0,3
2026-09-30T00:42:37+00:00,1414860634,The Binding of Isaac: Repentance,120,4,30.0,27.0,64,0.533,2,1,2.0,1
2026-09-30T00:42:37+00:00,491931,Escape from Tarkov,113,5,22.6,14,76,0.673,2,2,1.0,2
2026-09-30T00:42:37+00:00,512953,ELDEN RING,109,6,18.2,3.0,93,0.853,5,3,1.7,5
2026-09-30T00:42:37+00:00,515025,Overwatch,109,18,6.1,2.5,21,0.193,54,15,3.6,13
2026-09-30T00:42:37+00:00,23020,ROBLOX,105,22,4.8,1.0,39,0.371,22,19,1.2,19
2026-09-30T00:42:37+00:00,1597660489,RESIDENT EVIL: requiem,104,3,34.7,5,98,0.942,0,0,0,2
2026-09-30T00:42:37+00:00,23894,Call of Duty: Black Ops,100,1,100.0,100,100,1.0,0,0,0,0
2026-09-30T00:42:37+00:00,1901865180,NTE: Neverness to Everness,100,5,20.0,28,38,0.38,4,2,2.0,2
2026-09-30T01:12:36+00:00,32982,Grand Theft Auto V,9890,178,55.6,3.0,1306,0.132,6636,175,37.9,116
2026-09-30T01:12:36+00:00,512710,Call of Duty: Warzone,7559,46,164.3,2.0,6720,0.889,213,43,5.0,39
2026-09-30T01:12:36+00:00,509658,Just Chatting,6463,112,57.7,9.5,3130,0.484,2666,109,24.5,56
2026-09-30T01:12:36+00:00,509672,IRL,4960,3,1653.3,1,4958,1.0,0,0,0,2
2026-09-30T01:12:36+00:00,21779,League of Legends,3583,69,51.9,4,1550,0.433,1408,66,21.3,45
2026-09-30T01:12:36+00:00,123184772,EA Sports FC 27,3046,83,36.7,1,892,0.293,1261,80,15.8,69
2026-09-30T01:12:36+00:00,516575,VALORANT,3034,133,22.8,2,816,0.269,1534,130,11.8,113
2026-09-30T01:12:36+00:00,30921,Rocket League,2809,41,68.5,1,2707,0.964,75,38,2.0,38
2026-09-30T01:12:36+00:00,27471,Minecraft,2688,33,81.5,1,2589,0.963,61,30,2.0,29
2026-09-30T01:12:36+00:00,36799602,Clair Obscur: Expedition 33,1149,4,287.2,1.0,1147,0.998,0,1,0.0,3
2026-09-30T01:12:36+00:00,499973,Always On,1098,19,57.8,3,471,0.429,344,16,21.5,10
2026-09-30T01:12:36+00:00,1267582829,Aniimo,780,66,11.8,2.0,216,0.277,335,63,5.3,54
2026-09-30T01:12:36+00:00,1254042066,The Witcher 3: Wild Hunt Remastered,752,15,50.1,6,485,0.645,102,12,8.5,9
2026-09-30T01:12:36+00:00,490377,Sea of Thieves,679,9,75.4,8,451,0.664,25,6,4.2,5
2026-09-30T01:12:36+00:00,509663,Special Events,664,15,44.3,12,296,0.446,167,12,13.9,6
2026-09-30T01:12:36+00:00,1960720223,SILENT HILL: townfall,649,10,64.9,4.5,227,0.35,37,7,5.3,6
2026-09-30T01:12:36+00:00,34134,Call of Duty: Black Ops II,579,2,289.5,289.5,569,0.983,0,0,0,0
2026-09-30T01:12:36+00:00,417892,Z1: Battle Royale,548,18,30.4,4.0,328,0.599,68,15,4.5,12
2026-09-30T01:12:36+00:00,11557,The Legend of Zelda: Ocarina of Time,547,2,273.5,273.5,540,0.987,0,0,0,1
2026-09-30T01:12:36+00:00,24241,FINAL FANTASY XIV ONLINE,492,7,70.3,6,449,0.913,17,4,4.2,5
2026-09-30T01:12:36+00:00,33214,Fortnite,488,72,6.8,1.0,218,0.447,172,69,2.5,64
2026-09-30T01:12:36+00:00,508455,Valheim,467,19,24.6,4,145,0.31,107,16,6.7,12
2026-09-30T01:12:36+00:00,513143,Teamfight Tactics,460,8,57.5,13.0,376,0.817,38,5,7.6,3
2026-09-30T01:12:36+00:00,1763263,nanos world,349,9,38.8,6,134,0.384,58,6,9.7,5
2026-09-30T01:12:36+00:00,491487,Dead by Daylight,348,29,12.0,5,66,0.19,182,26,7.0,21
2026-09-30T01:12:36+00:00,138585,Hearthstone,337,4,84.2,5.0,325,0.964,2,1,2.0,3
2026-09-30T01:12:36+00:00,18122,World of Warcraft,301,31,9.7,3,85,0.282,115,28,4.1,24
2026-09-30T01:12:36+00:00,743893402,WARDOGS,290,31,9.4,3,55,0.19,148,28,5.3,24
2026-09-30T01:12:36+00:00,0,Sans catégorie,258,48,5.4,1.0,185,0.717,54,45,1.2,46
2026-09-30T01:12:36+00:00,20596,Dofus,245,12,20.4,14.0,79,0.322,93,9,10.3,4
2026-09-30T01:12:36+00:00,115977,The Witcher 3: Wild Hunt,232,7,33.1,3,209,0.901,8,4,2.0,5
2026-09-30T01:12:36+00:00,464339927,ARC Raiders,231,23,10.0,2,76,0.329,105,20,5.2,16
2026-09-30T01:12:36+00:00,65632,DayZ,211,7,30.1,13,149,0.706,27,4,6.8,3
2026-09-30T01:12:36+00:00,498592,I'm Only Sleeping,208,5,41.6,19,132,0.635,2,2,1.0,2
2026-09-30T01:12:36+00:00,493959,Red Dead Redemption II,189,8,23.6,7.5,140,0.741,25,5,5.0,5
2026-09-30T01:12:36+00:00,2066107586,Escape the Backrooms,181,4,45.2,24.5,123,0.68,9,1,9.0,1
2026-09-30T01:12:36+00:00,1357871551,The Blood of Dawnwalker,172,13,13.2,2,112,0.651,17,10,1.7,11
2026-09-30T01:12:36+00:00,1429246898,A Weird Game About Sausage,164,1,164.0,164,164,1.0,0,0,0,0
2026-09-30T01:12:36+00:00,31339,Project Zomboid,161,9,17.9,9,68,0.422,32,6,5.3,5
2026-09-30T01:12:36+00:00,1050003477,The Elder Scrolls V: Skyrim - Special Edition,147,8,18.4,13.5,62,0.422,42,5,8.4,3
2026-09-30T01:12:36+00:00,209738946,Wuthering Waves,131,2,65.5,65.5,130,0.992,0,0,0,1
2026-09-30T01:12:36+00:00,404069058,ACE COMBAT 8: WINGS OF THEVE,130,4,32.5,2.5,124,0.954,1,1,1.0,3
2026-09-30T01:12:36+00:00,515025,Overwatch,126,20,6.3,3.5,23,0.183,74,17,4.4,15
2026-09-30T01:12:36+00:00,518584827,NHL 27,118,20,5.9,2.0,70,0.593,33,17,1.9,18
2026-09-30T01:12:36+00:00,1901865180,NTE: Neverness to Everness,113,6,18.8,19.0,47,0.416,15,3,5.0,2
2026-09-30T01:12:36+00:00,511224,Apex Legends,106,20,5.3,1.0,33,0.311,36,17,2.1,17
2026-09-30T01:12:36+00:00,1414860634,The Binding of Isaac: Repentance,103,3,34.3,33,69,0.67,0,0,0,1
2026-09-30T01:12:36+00:00,602040818,NBA 2K27,100,10,10.0,1.0,81,0.81,8,7,1.1,9
2026-09-30T01:42:38+00:00,32982,Grand Theft Auto V,8729,138,63.3,4.0,1185,0.136,5726,135,42.4,81
2026-09-30T01:42:38+00:00,512710,Call of Duty: Warzone,6570,39,168.5,3,5824,0.886,234,36,6.5,28
2026-09-30T01:42:38+00:00,509658,Just Chatting,5022,105,47.8,7,2325,0.463,2235,102,21.9,59
2026-09-30T01:42:38+00:00,509672,IRL,4639,3,1546.3,1,4637,1.0,0,0,0,2
2026-09-30T01:42:38+00:00,21779,League of Legends,3292,50,65.8,5.5,1495,0.454,1155,47,24.6,30
2026-09-30T01:42:38+00:00,123184772,EA Sports FC 27,2549,70,36.4,1.0,837,0.328,924,67,13.8,58
2026-09-30T01:42:38+00:00,516575,VALORANT,2496,125,20.0,2,670,0.268,1134,122,9.3,105
2026-09-30T01:42:38+00:00,27471,Minecraft,2414,34,71.0,1.5,2277,0.943,85,31,2.7,30
2026-09-30T01:42:38+00:00,30921,Rocket League,2383,35,68.1,1,2312,0.97,53,32,1.7,33
2026-09-30T01:42:38+00:00,499973,Always On,1044,20,52.2,6.5,431,0.413,348,17,20.5,10
2026-09-30T01:42:38+00:00,36799602,Clair Obscur: Expedition 33,1041,5,208.2,1,1038,0.997,1,2,0.5,4
2026-09-30T01:42:38+00:00,1267582829,Aniimo,736,52,14.2,2.0,194,0.264,308,49,6.3,40
2026-09-30T01:42:38+00:00,490377,Sea of Thieves,690,8,86.2,10.0,455,0.659,25,5,5.0,3
2026-09-30T01:42:38+00:00,1960720223,SILENT HILL: townfall,659,10,65.9,7.0,230,0.349,35,7,5.0,6
2026-09-30T01:42:38+00:00,1254042066,The Witcher 3: Wild Hunt Remastered,649,13,49.9,4,432,0.666,53,10,5.3,9
2026-09-30T01:42:38+00:00,509663,Special Events,624,13,48.0,10,301,0.482,140,10,14.0,6
2026-09-30T01:42:38+00:00,417892,Z1: Battle Royale,523,15,34.9,6,310,0.593,73,12,6.1,9
2026-09-30T01:42:38+00:00,11557,The Legend of Zelda: Ocarina of Time,510,1,510.0,510,510,1.0,0,0,0,0
2026-09-30T01:42:38+00:00,24241,FINAL FANTASY XIV ONLINE,489,5,97.8,10,448,0.916,14,2,7.0,2
2026-09-30T01:42:38+00:00,23894,Call of Duty: Black Ops,451,1,451.0,451,451,1.0,0,0,0,0
2026-09-30T01:42:38+00:00,1763263,nanos world,419,8,52.4,56.5,107,0.255,158,5,31.6,2
2026-09-30T01:42:38+00:00,33214,Fortnite,410,65,6.3,1,167,0.407,144,62,2.3,59
2026-09-30T01:42:38+00:00,513143,Teamfight Tactics,392,8,49.0,16.0,305,0.778,41,5,8.2,3
2026-09-30T01:42:38+00:00,491487,Dead by Daylight,359,28,12.8,4.0,91,0.253,160,25,6.4,20
2026-09-30T01:42:38+00:00,508455,Valheim,334,13,25.7,2,139,0.416,38,10,3.8,9
2026-09-30T01:42:38+00:00,138585,Hearthstone,310,4,77.5,5.0,298,0.961,2,1,2.0,3
2026-09-30T01:42:38+00:00,743893402,WARDOGS,265,29,9.1,3,66,0.249,93,26,3.6,25
2026-09-30T01:42:38+00:00,0,Sans catégorie,237,42,5.6,1.0,182,0.768,40,39,1.0,41
2026-09-30T01:42:38+00:00,20596,Dofus,237,12,19.8,11.0,80,0.338,84,9,9.3,5
2026-09-30T01:42:38+00:00,464339927,ARC Raiders,227,21,10.8,2,80,0.352,91,18,5.1,15
2026-09-30T01:42:38+00:00,18122,World of Warcraft,215,26,8.3,3.0,97,0.451,91,23,4.0,20
2026-09-30T01:42:38+00:00,115977,The Witcher 3: Wild Hunt,204,6,34.0,2.5,185,0.907,3,3,1.0,4
2026-09-30T01:42:38+00:00,498592,I'm Only Sleeping,202,5,40.4,17,126,0.624,9,2,4.5,2
2026-09-30T01:42:38+00:00,65632,DayZ,179,7,25.6,10,124,0.693,23,4,5.8,3
2026-09-30T01:42:38+00:00,209738946,Wuthering Waves,170,7,24.3,2,140,0.824,5,4,1.2,5
2026-09-30T01:42:38+00:00,2066107586,Escape the Backrooms,170,4,42.5,23.0,116,0.682,8,1,8.0,1
2026-09-30T01:42:38+00:00,1429246898,A Weird Game About Sausage,160,1,160.0,160,160,1.0,0,0,0,0
2026-09-30T01:42:38+00:00,493959,Red Dead Redemption II,159,5,31.8,10,119,0.748,7,2,3.5,2
2026-09-30T01:42:38+00:00,1357871551,The Blood of Dawnwalker,140,12,11.7,2.0,91,0.65,15,9,1.7,10
2026-09-30T01:42:38+00:00,1669431183,DJs,136,7,19.4,17,43,0.316,33,4,8.2,2
2026-09-30T01:42:38+00:00,31339,Project Zomboid,127,9,14.1,8,60,0.472,22,6,3.7,5
2026-09-30T01:42:38+00:00,1050003477,The Elder Scrolls V: Skyrim - Special Edition,125,7,17.9,17,54,0.432,33,4,8.2,2
2026-09-30T01:42:38+00:00,404069058,ACE COMBAT 8: WINGS OF THEVE,116,4,29.0,2.0,111,0.957,1,1,1.0,3
2026-09-30T01:42:38+00:00,518584827,NHL 27,114,21,5.4,1,53,0.465,33,18,1.8,17
2026-09-30T01:42:38+00:00,32399,Counter-Strike,108,12,9.0,2.5,53,0.491,25,9,2.8,10
2026-09-30T01:42:38+00:00,460630,Rainbow Six Siege,107,12,8.9,2.5,64,0.598,21,9,2.3,10
2026-09-30T01:42:38+00:00,491931,Escape from Tarkov,106,4,26.5,13.5,74,0.698,5,1,5.0,1
2026-09-30T01:42:38+00:00,1901865180,NTE: Neverness to Everness,105,7,15.0,14,41,0.39,17,4,4.2,3
2026-09-30T01:42:38+00:00,511224,Apex Legends,105,23,4.6,1,30,0.286,38,20,1.9,20
2026-09-30T02:12:36+00:00,32982,Grand Theft Auto V,6318,104,60.8,6.5,1073,0.17,3752,101,37.1,59
2026-09-30T02:12:36+00:00,512710,Call of Duty: Warzone,5455,33,165.3,3,4978,0.913,119,30,4.0,27
2026-09-30T02:12:36+00:00,509658,Just Chatting,4278,85,50.3,11,2111,0.493,1818,82,22.2,42
2026-09-30T02:12:36+00:00,509672,IRL,3852,4,963.0,26.5,3798,0.986,1,1,1.0,2
2026-09-30T02:12:36+00:00,21779,League of Legends,3088,48,64.3,6.5,1424,0.461,1071,45,23.8,28
2026-09-30T02:12:36+00:00,123184772,EA Sports FC 27,2441,55,44.4,2,755,0.309,926,52,17.8,44
2026-09-30T02:12:36+00:00,30921,Rocket League,2435,26,93.7,2.0,2367,0.972,47,23,2.0,24
2026-09-30T02:12:36+00:00,27471,Minecraft,2154,24,89.8,1.0,2089,0.97,37,21,1.8,22
2026-09-30T02:12:36+00:00,516575,VALORANT,2036,95,21.4,2,576,0.283,890,92,9.7,78
2026-09-30T02:12:36+00:00,36799602,Clair Obscur: Expedition 33,988,4,247.0,1.5,984,0.996,1,1,1.0,3
2026-09-30T02:12:36+00:00,499973,Always On,981,19,51.6,3,437,0.445,260,16,16.2,11
2026-09-30T02:12:36+00:00,1960720223,SILENT HILL: townfall,691,9,76.8,6,262,0.379,27,6,4.5,5
2026-09-30T02:12:36+00:00,1267582829,Aniimo,659,47,14.0,2,167,0.253,280,44,6.4,36
2026-09-30T02:12:36+00:00,1254042066,The Witcher 3: Wild Hunt Remastered,617,12,51.4,3.0,415,0.673,24,9,2.7,9
2026-09-30T02:12:36+00:00,490377,Sea of Thieves,608,6,101.3,22.0,402,0.661,7,3,2.3,3
2026-09-30T02:12:36+00:00,509663,Special Events,560,10,56.0,7.5,322,0.575,46,7,6.6,6
2026-09-30T02:12:36+00:00,11557,The Legend of Zelda: Ocarina of Time,458,1,458.0,458,458,1.0,0,0,0,0
2026-09-30T02:12:36+00:00,24241,FINAL FANTASY XIV ONLINE,446,5,89.2,9,409,0.917,13,2,6.5,3
2026-09-30T02:12:36+00:00,23894,Call of Duty: Black Ops,389,1,389.0,389,389,1.0,0,0,0,0
2026-09-30T02:12:36+00:00,513143,Teamfight Tactics,387,7,55.3,12,328,0.848,21,4,5.2,3
2026-09-30T02:12:36+00:00,1763263,nanos world,366,8,45.8,55.5,92,0.251,126,5,25.2,3
2026-09-30T02:12:36+00:00,33214,Fortnite,311,48,6.5,1.0,173,0.556,80,45,1.8,45
2026-09-30T02:12:36+00:00,138585,Hearthstone,290,4,72.5,4.5,280,0.966,1,1,1.0,3
2026-09-30T02:12:36+00:00,0,Sans catégorie,276,42,6.6,1.0,209,0.757,36,39,0.9,40
2026-09-30T02:12:36+00:00,491487,Dead by Daylight,266,25,10.6,4,108,0.406,99,22,4.5,20
2026-09-30T02:12:36+00:00,743893402,WARDOGS,250,25,10.0,3,64,0.256,90,22,4.1,19
2026-09-30T02:12:36+00:00,20596,Dofus,200,8,25.0,19.5,73,0.365,55,5,11.0,2
2026-09-30T02:12:36+00:00,209738946,Wuthering Waves,199,7,28.4,8,125,0.628,16,4,4.0,4
2026-09-30T02:12:36+00:00,508455,Valheim,195,8,24.4,7.5,136,0.697,22,5,4.4,5
2026-09-30T02:12:36+00:00,115977,The Witcher 3: Wild Hunt,193,4,48.2,5.0,183,0.948,0,1,0.0,2
2026-09-30T02:12:36+00:00,18122,World of Warcraft,190,23,8.3,3,104,0.547,57,20,2.9,20
2026-09-30T02:12:36+00:00,498592,I'm Only Sleeping,179,5,35.8,17,103,0.575,10,2,5.0,2
2026-09-30T02:12:36+00:00,2066107586,Escape the Backrooms,158,4,39.5,27.0,100,0.633,4,1,4.0,1
2026-09-30T02:12:36+00:00,1357871551,The Blood of Dawnwalker,154,8,19.2,3.5,111,0.721,10,5,2.0,6
2026-09-30T02:12:36+00:00,1429246898,A Weird Game About Sausage,151,1,151.0,151,151,1.0,0,0,0,0
2026-09-30T02:12:36+00:00,65632,DayZ,144,4,36.0,16.0,105,0.729,7,1,7.0,1
2026-09-30T02:12:36+00:00,417892,Z1: Battle Royale,136,11,12.4,9,63,0.463,42,8,5.2,6
2026-09-30T02:12:36+00:00,518584827,NHL 27,132,16,8.2,2.0,73,0.553,26,13,2.0,13
2026-09-30T02:12:36+00:00,464339927,ARC Raiders,124,16,7.8,1.5,27,0.218,52,13,4.0,11
2026-09-30T02:12:36+00:00,1669431183,DJs,122,5,24.4,24,41,0.336,17,2,8.5,1
2026-09-30T02:12:36+00:00,404069058,ACE COMBAT 8: WINGS OF THEVE,112,3,37.3,3,107,0.955,0,0,0,2
2026-09-30T02:12:36+00:00,491931,Escape from Tarkov,107,4,26.8,11.0,80,0.748,5,1,5.0,2
2026-09-30T02:12:36+00:00,1050003477,The Elder Scrolls V: Skyrim - Special Edition,102,4,25.5,17.5,53,0.52,14,1,14.0,0
2026-09-30T02:42:37+00:00,21779,League of Legends,7028,45,156.2,6,4269,0.607,1164,42,27.7,26
2026-09-30T02:42:37+00:00,32982,Grand Theft Auto V,5616,99,56.7,5,1069,0.19,2993,96,31.2,60
2026-09-30T02:42:37+00:00,509658,Just Chatting,3856,77,50.1,10,1736,0.45,1808,74,24.4,37
2026-09-30T02:42:37+00:00,509672,IRL,3408,4,852.0,15.5,3376,0.991,1,1,1.0,2
2026-09-30T02:42:37+00:00,30921,Rocket League,2037,31,65.7,3,1925,0.945,71,28,2.5,27
2026-09-30T02:42:37+00:00,27471,Minecraft,2002,23,87.0,1,1940,0.969,38,20,1.9,21
2026-09-30T02:42:37+00:00,123184772,EA Sports FC 27,1734,48,36.1,2.0,403,0.232,848,45,18.8,38
2026-09-30T02:42:37+00:00,516575,VALORANT,1612,69,23.4,2,497,0.308,617,66,9.3,53
2026-09-30T02:42:37+00:00,499973,Always On,951,20,47.5,6.5,345,0.363,348,17,20.5,10
2026-09-30T02:42:37+00:00,36799602,Clair Obscur: Expedition 33,902,4,225.5,1.5,898,0.996,1,1,1.0,3
2026-09-30T02:42:37+00:00,490377,Sea of Thieves,565,6,94.2,10.5,385,0.681,16,3,5.3,2
2026-09-30T02:42:37+00:00,1267582829,Aniimo,525,42,12.5,3.0,183,0.349,188,39,4.8,34
2026-09-30T02:42:37+00:00,1254042066,The Witcher 3: Wild Hunt Remastered,501,11,45.5,4,343,0.685,20,8,2.5,8
2026-09-30T02:42:37+00:00,509663,Special Events,498,10,49.8,6.5,269,0.54,48,7,6.9,6
2026-09-30T02:42:37+00:00,1960720223,SILENT HILL: townfall,478,7,68.3,9,258,0.54,18,4,4.5,4
2026-09-30T02:42:37+00:00,24241,FINAL FANTASY XIV ONLINE,454,5,90.8,7,420,0.925,11,2,5.5,3
2026-09-30T02:42:37+00:00,23894,Call of Duty: Black Ops,344,2,172.0,172.0,336,0.977,0,0,0,1
2026-09-30T02:42:37+00:00,513143,Teamfight Tactics,325,6,54.2,9.5,279,0.858,10,3,3.3,3
2026-09-30T02:42:37+00:00,491487,Dead by Daylight,323,24,13.5,4.5,107,0.331,114,21,5.4,19
2026-09-30T02:42:37+00:00,138585,Hearthstone,283,4,70.8,4.0,274,0.968,1,1,1.0,3
2026-09-30T02:42:37+00:00,1763263,nanos world,279,4,69.8,73.5,128,0.459,4,1,4.0,1
2026-09-30T02:42:37+00:00,743893402,WARDOGS,255,25,10.2,3,69,0.271,90,22,4.1,20
2026-09-30T02:42:37+00:00,498566,Slots,245,5,49.0,30,114,0.465,25,2,12.5,1
2026-09-30T02:42:37+00:00,33214,Fortnite,242,39,6.2,1,165,0.682,57,36,1.6,36
2026-09-30T02:42:37+00:00,209738946,Wuthering Waves,231,8,28.9,12.0,144,0.623,30,5,6.0,3
2026-09-30T02:42:37+00:00,0,Sans catégorie,223,34,6.6,1.0,185,0.83,30,31,1.0,33
2026-09-30T02:42:37+00:00,115977,The Witcher 3: Wild Hunt,188,4,47.0,6.0,175,0.931,1,1,1.0,3
2026-09-30T02:42:37+00:00,498592,I'm Only Sleeping,186,5,37.2,17,112,0.602,8,2,4.0,2
2026-09-30T02:42:37+00:00,508455,Valheim,175,7,25.0,9,127,0.726,21,4,5.2,4
2026-09-30T02:42:37+00:00,1669431183,DJs,157,7,22.4,21,54,0.344,31,4,7.8,3
2026-09-30T02:42:37+00:00,20596,Dofus,145,5,29.0,27,67,0.462,23,2,11.5,1
2026-09-30T02:42:37+00:00,27602,Pokémon Black/White,137,1,137.0,137,137,1.0,0,0,0,0
2026-09-30T02:42:37+00:00,26936,Music,122,7,17.4,5,65,0.533,10,4,2.5,4
2026-09-30T02:42:37+00:00,32399,Counter-Strike,122,12,10.2,3.5,59,0.484,24,9,2.7,9
2026-09-30T02:42:37+00:00,65632,DayZ,119,2,59.5,59.5,104,0.874,0,0,0,0
2026-09-30T02:42:37+00:00,512710,Call of Duty: Warzone,115,23,5.0,3,25,0.217,56,20,2.8,19
2026-09-30T02:42:37+00:00,404069058,ACE COMBAT 8: WINGS OF THEVE,109,1,109.0,109,109,1.0,0,0,0,0
2026-09-30T02:42:37+00:00,417892,Z1: Battle Royale,102,8,12.8,4.5,48,0.471,12,5,2.4,5
2026-09-30T02:42:37+00:00,491931,Escape from Tarkov,101,4,25.2,14.5,65,0.644,7,1,7.0,1
2026-09-30T03:12:36+00:00,509658,Just Chatting,7714,73,105.7,7,3835,0.497,1778,70,25.4,39
2026-09-30T03:12:36+00:00,32982,Grand Theft Auto V,4461,66,67.6,5.0,929,0.208,2115,63,33.6,38
2026-09-30T03:12:36+00:00,509672,IRL,3292,5,658.4,27,3221,0.978,2,2,1.0,2
2026-09-30T03:12:36+00:00,30921,Rocket League,1918,23,83.4,2,1843,0.961,43,20,2.1,20
2026-09-30T03:12:36+00:00,27471,Minecraft,1791,22,81.4,1.0,1734,0.968,30,19,1.6,20
2026-09-30T03:12:36+00:00,123184772,EA Sports FC 27,1460,41,35.6,1,423,0.29,450,38,11.8,32
2026-09-30T03:12:36+00:00,21779,League of Legends,1294,34,38.1,7.5,279,0.216,647,31,20.9,19
2026-09-30T03:12:36+00:00,516575,VALORANT,847,58,14.6,3.0,250,0.295,311,55,5.7,46
2026-09-30T03:12:36+00:00,499973,Always On,831,20,41.5,7.5,239,0.288,344,17,20.2,10
2026-09-30T03:12:36+00:00,490377,Sea of Thieves,572,6,95.3,7.5,374,0.654,12,3,4.0,4
2026-09-30T03:12:36+00:00,1960720223,SILENT HILL: townfall,471,6,78.5,9.0,253,0.537,16,3,5.3,3
2026-09-30T03:12:36+00:00,1254042066,The Witcher 3: Wild Hunt Remastered,454,11,41.3,2,303,0.667,20,8,2.5,8
2026-09-30T03:12:36+00:00,509663,Special Events,437,8,54.6,4.0,248,0.568,11,5,2.2,5
2026-09-30T03:12:36+00:00,1763263,nanos world,422,4,105.5,64.5,290,0.687,3,1,3.0,1
2026-09-30T03:12:36+00:00,24241,FINAL FANTASY XIV ONLINE,395,4,98.8,13.5,362,0.916,6,1,6.0,2
2026-09-30T03:12:36+00:00,209738946,Wuthering Waves,325,8,40.6,17.0,130,0.4,40,5,8.0,3
2026-09-30T03:12:36+00:00,491487,Dead by Daylight,308,16,19.2,4.5,129,0.419,72,13,5.5,10
2026-09-30T03:12:36+00:00,23894,Call of Duty: Black Ops,302,2,151.0,151.0,293,0.97,0,0,0,1
2026-09-30T03:12:36+00:00,498566,Slots,298,4,74.5,40.0,215,0.721,3,1,3.0,1
2026-09-30T03:12:36+00:00,513143,Teamfight Tactics,273,5,54.6,7,238,0.872,6,2,3.0,3
2026-09-30T03:12:36+00:00,1267582829,Aniimo,264,31,8.5,2,126,0.477,87,28,3.1,26
2026-09-30T03:12:36+00:00,138585,Hearthstone,261,2,130.5,130.5,260,0.996,0,0,0,1
2026-09-30T03:12:36+00:00,0,Sans catégorie,224,35,6.4,1,188,0.839,28,32,0.9,34
2026-09-30T03:12:36+00:00,115977,The Witcher 3: Wild Hunt,192,4,48.0,6.0,178,0.927,2,1,2.0,3
2026-09-30T03:12:36+00:00,498592,I'm Only Sleeping,178,5,35.6,15,108,0.607,6,2,3.0,2
2026-09-30T03:12:36+00:00,743893402,WARDOGS,174,17,10.2,5,51,0.293,64,14,4.6,10
2026-09-30T03:12:36+00:00,27602,Pokémon Black/White,152,1,152.0,152,152,1.0,0,0,0,0
2026-09-30T03:12:36+00:00,508455,Valheim,124,3,41.3,22,98,0.79,0,0,0,1
2026-09-30T03:12:36+00:00,65632,DayZ,123,4,30.8,9.5,103,0.837,1,1,1.0,2
2026-09-30T03:12:36+00:00,404069058,ACE COMBAT 8: WINGS OF THEVE,114,1,114.0,114,114,1.0,0,0,0,0
2026-09-30T03:12:36+00:00,20596,Dofus,111,4,27.8,20.0,68,0.613,3,1,3.0,1
2026-09-30T03:12:36+00:00,518584827,NHL 27,104,9,11.6,1,69,0.663,11,6,1.8,7
2026-09-30T03:12:36+00:00,26936,Music,103,6,17.2,2.5,72,0.699,3,3,1.0,4
2026-09-30T03:12:36+00:00,464339927,ARC Raiders,101,13,7.8,2,27,0.267,29,10,2.9,9
2026-09-30T03:42:37+00:00,509672,IRL,2951,4,737.8,28.0,2894,0.981,1,1,1.0,2
2026-09-30T03:42:37+00:00,509658,Just Chatting,2170,68,31.9,5.0,392,0.181,1295,65,19.9,41
2026-09-30T03:42:37+00:00,32982,Grand Theft Auto V,2066,46,44.9,3.5,901,0.436,743,43,17.3,28
2026-09-30T03:42:37+00:00,30921,Rocket League,1783,18,99.1,2.0,1732,0.971,31,15,2.1,16
2026-09-30T03:42:37+00:00,123184772,EA Sports FC 27,1691,33,51.2,1,655,0.387,290,30,9.7,27
2026-09-30T03:42:37+00:00,21779,League of Legends,1414,34,41.6,9.0,303,0.214,629,31,20.3,18
2026-09-30T03:42:37+00:00,516575,VALORANT,733,42,17.5,2.0,207,0.282,192,39,4.9,34
2026-09-30T03:42:37+00:00,1960720223,SILENT HILL: townfall,689,6,114.8,24.0,377,0.547,24,3,8.0,1
2026-09-30T03:42:37+00:00,499973,Always On,688,19,36.2,3,263,0.382,211,16,13.2,10
2026-09-30T03:42:37+00:00,490377,Sea of Thieves,570,7,81.4,9,344,0.604,23,4,5.8,4
2026-09-30T03:42:37+00:00,24241,FINAL FANTASY XIV ONLINE,434,4,108.5,15.0,398,0.917,6,1,6.0,1
2026-09-30T03:42:37+00:00,509663,Special Events,395,7,56.4,4,216,0.547,7,4,1.8,4
2026-09-30T03:42:37+00:00,1763263,nanos world,358,4,89.5,64.5,228,0.637,1,1,1.0,1
2026-09-30T03:42:37+00:00,23894,Call of Duty: Black Ops,311,1,311.0,311,311,1.0,0,0,0,0
2026-09-30T03:42:37+00:00,498566,Slots,295,3,98.3,39,254,0.861,0,0,0,1
2026-09-30T03:42:37+00:00,209738946,Wuthering Waves,285,7,40.7,18,109,0.382,37,4,9.2,2
2026-09-30T03:42:37+00:00,491487,Dead by Daylight,275,10,27.5,11.5,114,0.415,66,7,9.4,5
2026-09-30T03:42:37+00:00,513143,Teamfight Tactics,274,3,91.3,22,245,0.894,0,0,0,1
2026-09-30T03:42:37+00:00,1267582829,Aniimo,264,27,9.8,1,149,0.564,64,24,2.7,22
2026-09-30T03:42:37+00:00,138585,Hearthstone,235,2,117.5,117.5,234,0.996,0,0,0,1
2026-09-30T03:42:37+00:00,0,Sans catégorie,215,38,5.7,1.0,177,0.823,31,35,0.9,37
2026-09-30T03:42:37+00:00,115977,The Witcher 3: Wild Hunt,190,4,47.5,6.0,178,0.937,0,1,0.0,3
2026-09-30T03:42:37+00:00,498592,I'm Only Sleeping,182,6,30.3,10.0,103,0.566,13,3,4.3,3
2026-09-30T03:42:37+00:00,743893402,WARDOGS,158,17,9.3,3,45,0.285,66,14,4.7,11
2026-09-30T03:42:37+00:00,20596,Dofus,146,7,20.9,17,63,0.432,21,4,5.2,3
2026-09-30T03:42:37+00:00,32399,Counter-Strike,129,9,14.3,6,69,0.535,26,6,4.3,5
2026-09-30T03:42:37+00:00,27602,Pokémon Black/White,122,1,122.0,122,122,1.0,0,0,0,0
2026-09-30T03:42:37+00:00,512710,Call of Duty: Warzone,117,22,5.3,2.0,31,0.265,57,19,3.0,20
2026-09-30T03:42:37+00:00,404069058,ACE COMBAT 8: WINGS OF THEVE,113,1,113.0,113,113,1.0,0,0,0,0
2026-09-30T03:42:37+00:00,18122,World of Warcraft,110,15,7.3,5,20,0.182,54,12,4.5,11
2026-09-30T04:12:39+00:00,509672,IRL,2674,6,445.7,2.0,2616,0.978,3,3,1.0,4
2026-09-30T04:12:39+00:00,509658,Just Chatting,2593,56,46.3,6.0,532,0.205,1299,53,24.5,31
2026-09-30T04:12:39+00:00,30921,Rocket League,1735,16,108.4,2.5,1678,0.967,35,13,2.7,13
2026-09-30T04:12:39+00:00,21779,League of Legends,1191,25,47.6,13,323,0.271,439,22,20.0,11
2026-09-30T04:12:39+00:00,32982,Grand Theft Auto V,1144,40,28.6,4.0,269,0.235,574,37,15.5,22
2026-09-30T04:12:39+00:00,123184772,EA Sports FC 27,888,26,34.2,1.0,430,0.484,45,23,2.0,23
2026-09-30T04:12:39+00:00,499973,Always On,850,20,42.5,7.0,287,0.338,295,17,17.4,10
2026-09-30T04:12:39+00:00,1960720223,SILENT HILL: townfall,670,6,111.7,33.5,343,0.512,27,3,9.0,1
2026-09-30T04:12:39+00:00,490377,Sea of Thieves,563,6,93.8,39.0,330,0.586,20,3,6.7,3
2026-09-30T04:12:39+00:00,1763263,nanos world,343,3,114.3,74,209,0.609,0,0,0,0
2026-09-30T04:12:39+00:00,1267582829,Aniimo,315,27,11.7,2,156,0.495,85,24,3.5,21
2026-09-30T04:12:39+00:00,23894,Call of Duty: Black Ops,257,1,257.0,257,257,1.0,0,0,0,0
2026-09-30T04:12:39+00:00,513143,Teamfight Tactics,247,4,61.8,14.0,217,0.879,2,1,2.0,2
2026-09-30T04:12:39+00:00,498566,Slots,240,2,120.0,120.0,238,0.992,0,0,0,1
2026-09-30T04:12:39+00:00,498592,I'm Only Sleeping,228,7,32.6,14,102,0.447,29,4,7.2,3
2026-09-30T04:12:39+00:00,209738946,Wuthering Waves,226,9,25.1,5,100,0.442,17,6,2.8,7
2026-09-30T04:12:39+00:00,138585,Hearthstone,223,3,74.3,2,220,0.987,0,0,0,2
2026-09-30T04:12:39+00:00,0,Sans catégorie,201,35,5.7,1,167,0.831,28,32,0.9,34
2026-09-30T04:12:39+00:00,516575,VALORANT,191,33,5.8,2,35,0.183,92,30,3.1,27
2026-09-30T04:12:39+00:00,509663,Special Events,173,6,28.8,3.5,111,0.642,3,3,1.0,4
2026-09-30T04:12:39+00:00,1357871551,The Blood of Dawnwalker,168,5,33.6,9,123,0.732,11,2,5.5,3
2026-09-30T04:12:39+00:00,27602,Pokémon Black/White,155,1,155.0,155,155,1.0,0,0,0,0
2026-09-30T04:12:39+00:00,20596,Dofus,134,5,26.8,16,62,0.463,5,2,2.5,2
2026-09-30T04:12:39+00:00,1318090102,Carry the Count,120,2,60.0,60.0,114,0.95,0,0,0,1
2026-09-30T04:12:39+00:00,32399,Counter-Strike,115,7,16.4,5,90,0.783,7,4,1.8,5
2026-09-30T04:12:39+00:00,512710,Call of Duty: Warzone,114,18,6.3,2.0,36,0.316,36,15,2.4,15
2026-09-30T04:12:39+00:00,743893402,WARDOGS,113,12,9.4,4.0,43,0.381,31,9,3.4,8
2026-09-30T04:12:39+00:00,18122,World of Warcraft,113,15,7.5,5,19,0.168,58,12,4.8,11
2026-09-30T04:12:39+00:00,491487,Dead by Daylight,112,8,14.0,2.0,80,0.714,7,5,1.4,5
2026-09-30T04:12:39+00:00,404069058,ACE COMBAT 8: WINGS OF THEVE,111,1,111.0,111,111,1.0,0,0,0,0
2026-09-30T04:12:39+00:00,325262960,Rivage,102,2,51.0,51.0,77,0.755,0,0,0,0
2026-09-30T04:42:40+00:00,509672,IRL,2504,6,417.3,5.0,2429,0.97,3,3,1.0,4
2026-09-30T04:42:40+00:00,509658,Just Chatting,2473,54,45.8,5.0,540,0.218,1100,51,21.6,34
2026-09-30T04:42:40+00:00,30921,Rocket League,1542,16,96.4,3.0,1453,0.942,42,13,3.2,12
2026-09-30T04:42:40+00:00,32982,Grand Theft Auto V,1149,37,31.1,4,227,0.198,623,34,18.3,22
2026-09-30T04:42:40+00:00,21779,League of Legends,1131,25,45.2,9,309,0.273,381,22,17.3,13
2026-09-30T04:42:40+00:00,499973,Always On,953,20,47.6,6.0,301,0.316,331,17,19.5,10
2026-09-30T04:42:40+00:00,123184772,EA Sports FC 27,933,23,40.6,1,390,0.418,98,20,4.9,17
2026-09-30T04:42:40+00:00,1960720223,SILENT HILL: townfall,658,4,164.5,152.5,349,0.53,4,1,4.0,1
2026-09-30T04:42:40+00:00,490377,Sea of Thieves,636,5,127.2,75,398,0.626,10,2,5.0,2
2026-09-30T04:42:40+00:00,513143,Teamfight Tactics,339,5,67.8,8,178,0.525,7,2,3.5,3
2026-09-30T04:42:40+00:00,1267582829,Aniimo,333,23,14.5,3,165,0.495,83,20,4.2,17
2026-09-30T04:42:40+00:00,1763263,nanos world,308,3,102.7,63,183,0.594,0,0,0,0
2026-09-30T04:42:40+00:00,509663,Special Events,283,8,35.4,11.5,115,0.406,26,5,5.2,4
2026-09-30T04:42:40+00:00,498592,I'm Only Sleeping,269,8,33.6,17.5,98,0.364,48,5,9.6,3
2026-09-30T04:42:40+00:00,498566,Slots,240,2,120.0,120.0,228,0.95,0,0,0,0
2026-09-30T04:42:40+00:00,138585,Hearthstone,233,2,116.5,116.5,232,0.996,0,0,0,1
2026-09-30T04:42:40+00:00,23894,Call of Duty: Black Ops,227,1,227.0,227,227,1.0,0,0,0,0
2026-09-30T04:42:40+00:00,209738946,Wuthering Waves,225,9,25.0,6,97,0.431,22,6,3.7,5
2026-09-30T04:42:40+00:00,0,Sans catégorie,192,33,5.8,1,156,0.812,29,30,1.0,32
2026-09-30T04:42:40+00:00,1357871551,The Blood of Dawnwalker,192,5,38.4,11,151,0.786,8,2,4.0,2
2026-09-30T04:42:40+00:00,27602,Pokémon Black/White,166,1,166.0,166,166,1.0,0,0,0,0
2026-09-30T04:42:40+00:00,20596,Dofus,163,6,27.2,15.0,71,0.436,15,3,5.0,2
2026-09-30T04:42:40+00:00,516575,VALORANT,154,35,4.4,1,35,0.227,87,32,2.7,29
2026-09-30T04:42:40+00:00,18122,World of Warcraft,142,13,10.9,5,38,0.268,52,10,5.2,9
2026-09-30T04:42:40+00:00,1318090102,Carry the Count,124,2,62.0,62.0,114,0.919,0,0,0,0
2026-09-30T04:42:40+00:00,404069058,ACE COMBAT 8: WINGS OF THEVE,119,1,119.0,119,119,1.0,0,0,0,0
2026-09-30T04:42:40+00:00,743893402,WARDOGS,106,12,8.8,4.0,60,0.566,23,9,2.6,10
2026-09-30T05:12:36+00:00,509658,Just Chatting,3049,54,56.5,5.5,603,0.198,1496,51,29.3,31
2026-09-30T05:12:36+00:00,509672,IRL,2625,7,375.0,13,2455,0.935,16,4,4.0,3
2026-09-30T05:12:36+00:00,30921,Rocket League,1414,16,88.4,1.0,1358,0.96,28,13,2.2,12
2026-09-30T05:12:36+00:00,21779,League of Legends,1141,31,36.8,7,344,0.301,386,28,13.8,18
2026-09-30T05:12:36+00:00,123184772,EA Sports FC 27,1031,22,46.9,2.5,350,0.339,223,19,11.7,17
2026-09-30T05:12:36+00:00,499973,Always On,997,20,49.9,5.0,346,0.347,350,17,20.6,11
2026-09-30T05:12:36+00:00,417752,Talk Shows & Podcasts,738,3,246.0,4,733,0.993,0,0,0,2
2026-09-30T05:12:36+00:00,1960720223,SILENT HILL: townfall,652,4,163.0,155.0,328,0.503,14,1,14.0,0
2026-09-30T05:12:36+00:00,32982,Grand Theft Auto V,634,27,23.5,4,171,0.27,244,24,10.2,16
2026-09-30T05:12:36+00:00,743893402,WARDOGS,488,13,37.5,2,406,0.832,30,10,3.0,9
2026-09-30T05:12:36+00:00,513143,Teamfight Tactics,439,6,73.2,10.0,260,0.592,10,3,3.3,3
2026-09-30T05:12:36+00:00,1267582829,Aniimo,326,26,12.5,3.0,139,0.426,115,23,5.0,20
2026-09-30T05:12:36+00:00,498592,I'm Only Sleeping,247,7,35.3,20,93,0.377,41,4,10.2,2
2026-09-30T05:12:36+00:00,138585,Hearthstone,235,4,58.8,21.5,191,0.813,1,1,1.0,2
2026-09-30T05:12:36+00:00,490377,Sea of Thieves,229,3,76.3,70,156,0.681,0,0,0,1
2026-09-30T05:12:36+00:00,498566,Slots,225,2,112.5,112.5,213,0.947,0,0,0,0
2026-09-30T05:12:36+00:00,23894,Call of Duty: Black Ops,190,1,190.0,190,190,1.0,0,0,0,0
2026-09-30T05:12:36+00:00,1357871551,The Blood of Dawnwalker,189,4,47.2,15.0,155,0.82,4,1,4.0,1
2026-09-30T05:12:36+00:00,18122,World of Warcraft,172,15,11.5,6,45,0.262,71,12,5.9,10
2026-09-30T05:12:36+00:00,516575,VALORANT,171,30,5.7,2.0,40,0.234,71,27,2.6,26
2026-09-30T05:12:36+00:00,20596,Dofus,165,6,27.5,15.0,74,0.448,15,3,5.0,2
2026-09-30T05:12:36+00:00,1763263,nanos world,158,2,79.0,79.0,85,0.538,0,0,0,0
2026-09-30T05:12:36+00:00,27602,Pokémon Black/White,137,1,137.0,137,137,1.0,0,0,0,0
2026-09-30T05:12:36+00:00,489335,Outer Wilds,132,1,132.0,132,132,1.0,0,0,0,0
2026-09-30T05:12:36+00:00,1318090102,Carry the Count,131,2,65.5,65.5,120,0.916,0,0,0,0
2026-09-30T05:12:36+00:00,209738946,Wuthering Waves,127,6,21.2,1.0,116,0.913,2,3,0.7,5
2026-09-30T05:12:36+00:00,404069058,ACE COMBAT 8: WINGS OF THEVE,115,1,115.0,115,115,1.0,0,0,0,0
2026-09-30T05:12:36+00:00,325262960,Rivage,105,2,52.5,52.5,86,0.819,0,0,0,0
2026-09-30T05:42:40+00:00,509658,Just Chatting,3870,61,63.4,7,999,0.258,1953,58,33.7,35
2026-09-30T05:42:40+00:00,509672,IRL,2459,8,307.4,14.0,2240,0.911,29,5,5.8,4
2026-09-30T05:42:40+00:00,417752,Talk Shows & Podcasts,1347,4,336.8,1.5,1343,0.997,1,1,1.0,3
2026-09-30T05:42:40+00:00,21779,League of Legends,1114,28,39.8,6.0,420,0.377,305,25,12.2,16
2026-09-30T05:42:40+00:00,30921,Rocket League,1042,18,57.9,1.0,990,0.95,24,15,1.6,16
2026-09-30T05:42:40+00:00,499973,Always On,906,20,45.3,4.5,329,0.363,289,17,17.0,11
2026-09-30T05:42:40+00:00,123184772,EA Sports FC 27,894,20,44.7,1.5,330,0.369,188,17,11.1,16
2026-09-30T05:42:40+00:00,743893402,WARDOGS,735,14,52.5,2.5,594,0.808,58,11,5.3,9
2026-09-30T05:42:40+00:00,1960720223,SILENT HILL: townfall,622,4,155.5,150.5,308,0.495,13,1,13.0,0
2026-09-30T05:42:40+00:00,32982,Grand Theft Auto V,466,24,19.4,2.5,149,0.32,144,21,6.9,16
2026-09-30T05:42:40+00:00,513143,Teamfight Tactics,449,5,89.8,6,427,0.951,5,2,2.5,3
2026-09-30T05:42:40+00:00,20596,Dofus,409,7,58.4,17,261,0.638,35,4,8.8,2
2026-09-30T05:42:40+00:00,1267582829,Aniimo,406,29,14.0,4,136,0.335,164,26,6.3,20
2026-09-30T05:42:40+00:00,138585,Hearthstone,336,4,84.0,60.5,214,0.637,1,1,1.0,2
2026-09-30T05:42:40+00:00,498592,I'm Only Sleeping,242,8,30.2,15.5,85,0.351,42,5,8.4,3
2026-09-30T05:42:40+00:00,498566,Slots,203,1,203.0,203,203,1.0,0,0,0,0
2026-09-30T05:42:40+00:00,779192097,Fire Emblem: Fortune's Weave,202,4,50.5,10.0,177,0.876,5,1,5.0,2
2026-09-30T05:42:40+00:00,27284,Retro,197,7,28.1,8,123,0.624,18,4,4.5,4
2026-09-30T05:42:40+00:00,18122,World of Warcraft,171,12,14.2,6.5,53,0.31,46,9,5.1,8
2026-09-30T05:42:40+00:00,1357871551,The Blood of Dawnwalker,170,3,56.7,12,153,0.9,0,0,0,1
2026-09-30T05:42:40+00:00,33214,Fortnite,169,22,7.7,1.0,75,0.444,35,19,1.8,20
2026-09-30T05:42:40+00:00,516575,VALORANT,164,27,6.1,2,42,0.256,62,24,2.6,23
2026-09-30T05:42:40+00:00,1254042066,The Witcher 3: Wild Hunt Remastered,153,7,21.9,3,126,0.824,8,4,2.0,5
2026-09-30T05:42:40+00:00,1763263,nanos world,148,2,74.0,74.0,76,0.514,0,0,0,0
2026-09-30T05:42:40+00:00,490377,Sea of Thieves,147,3,49.0,3,143,0.973,0,0,0,2
2026-09-30T05:42:40+00:00,27602,Pokémon Black/White,145,1,145.0,145,145,1.0,0,0,0,0
2026-09-30T05:42:40+00:00,209738946,Wuthering Waves,124,5,24.8,1,112,0.903,2,2,1.0,4
2026-09-30T05:42:40+00:00,31339,Project Zomboid,118,4,29.5,15.0,87,0.737,1,1,1.0,2
2026-09-30T05:42:40+00:00,404069058,ACE COMBAT 8: WINGS OF THEVE,115,1,115.0,115,115,1.0,0,0,0,0
2026-09-30T05:42:40+00:00,325262960,Rivage,111,2,55.5,55.5,86,0.775,0,0,0,0
2026-09-30T05:42:40+00:00,71375,Star Citizen,110,4,27.5,16.5,76,0.691,1,1,1.0,2
2026-09-30T05:42:40+00:00,512953,ELDEN RING,105,4,26.2,14.0,75,0.714,2,1,2.0,2
2026-09-30T05:42:40+00:00,489335,Outer Wilds,100,1,100.0,100,100,1.0,0,0,0,0
2026-09-30T06:12:37+00:00,21779,League of Legends,4536,29,156.4,9,2200,0.485,589,26,22.7,15
2026-09-30T06:12:37+00:00,509658,Just Chatting,3386,62,54.6,8.0,500,0.148,2196,59,37.2,33
2026-09-30T06:12:37+00:00,509672,IRL,2758,10,275.8,21.0,2499,0.906,89,7,12.7,5
2026-09-30T06:12:37+00:00,417752,Talk Shows & Podcasts,1754,5,350.8,2,1700,0.969,3,2,1.5,3
2026-09-30T06:12:37+00:00,1960720223,SILENT HILL: townfall,1751,5,350.2,263,1126,0.643,68,2,34.0,0
2026-09-30T06:12:37+00:00,499973,Always On,998,20,49.9,3.5,336,0.337,353,17,20.8,11
2026-09-30T06:12:37+00:00,30921,Rocket League,967,16,60.4,1.0,923,0.954,22,13,1.7,13
2026-09-30T06:12:37+00:00,123184772,EA Sports FC 27,901,16,56.3,4.0,337,0.374,174,13,13.4,12
2026-09-30T06:12:37+00:00,743893402,WARDOGS,885,13,68.1,1,797,0.901,20,10,2.0,10
2026-09-30T06:12:37+00:00,20596,Dofus,484,8,60.5,18.0,357,0.738,56,5,11.2,2
2026-09-30T06:12:37+00:00,1267582829,Aniimo,482,32,15.1,6.0,124,0.257,224,29,7.7,20
2026-09-30T06:12:37+00:00,513143,Teamfight Tactics,475,6,79.2,5.0,455,0.958,6,3,2.0,5
2026-09-30T06:12:37+00:00,138585,Hearthstone,387,5,77.4,5,243,0.628,4,2,2.0,3
2026-09-30T06:12:37+00:00,779192097,Fire Emblem: Fortune's Weave,355,6,59.2,7.0,325,0.915,13,3,4.3,5
2026-09-30T06:12:37+00:00,32982,Grand Theft Auto V,320,19,16.8,2,159,0.497,75,16,4.7,13
2026-09-30T06:12:37+00:00,498592,I'm Only Sleeping,258,8,32.2,14.5,91,0.353,41,5,8.2,3
2026-09-30T06:12:37+00:00,1254042066,The Witcher 3: Wild Hunt Remastered,237,9,26.3,3,204,0.861,12,6,2.0,7
2026-09-30T06:12:37+00:00,771448419,AION 2,198,4,49.5,30.0,133,0.672,5,1,5.0,2
2026-09-30T06:12:37+00:00,18122,World of Warcraft,184,17,10.8,4,69,0.375,56,14,4.0,12
2026-09-30T06:12:37+00:00,325262960,Rivage,171,2,85.5,85.5,146,0.854,0,0,0,0
2026-09-30T06:12:37+00:00,1357871551,The Blood of Dawnwalker,168,4,42.0,7.0,154,0.917,0,1,0.0,2
2026-09-30T06:12:37+00:00,516575,VALORANT,162,32,5.1,1.0,38,0.235,66,29,2.3,28
2026-09-30T06:12:37+00:00,31339,Project Zomboid,157,3,52.3,22,134,0.854,0,0,0,1
2026-09-30T06:12:37+00:00,490377,Sea of Thieves,152,3,50.7,4,146,0.961,0,0,0,2
2026-09-30T06:12:37+00:00,105669212,The Alighieri Circle: Dante’s Bloodline,128,1,128.0,128,128,1.0,0,0,0,0
2026-09-30T06:12:37+00:00,490147,Hollow Knight,127,3,42.3,5,121,0.953,0,0,0,2
2026-09-30T06:12:37+00:00,515025,Overwatch,127,6,21.2,3.0,97,0.764,3,3,1.0,4
2026-09-30T06:12:37+00:00,33214,Fortnite,126,25,5.0,1,58,0.46,31,22,1.4,22
2026-09-30T06:12:37+00:00,71375,Star Citizen,119,5,23.8,8,85,0.714,2,2,1.0,3
2026-09-30T06:12:37+00:00,404069058,ACE COMBAT 8: WINGS OF THEVE,117,1,117.0,117,117,1.0,0,0,0,0
2026-09-30T06:12:37+00:00,512953,ELDEN RING,113,5,22.6,11,85,0.752,1,2,0.5,2
2026-09-30T06:12:37+00:00,509660,Art,112,5,22.4,20,38,0.339,29,2,14.5,0
2026-09-30T06:12:37+00:00,491487,Dead by Daylight,101,15,6.7,5,17,0.168,55,12,4.6,10
2026-09-30T06:42:41+00:00,21779,League of Legends,8436,32,263.6,4.5,4276,0.507,658,29,22.7,21
2026-09-30T06:42:41+00:00,509658,Just Chatting,3050,62,49.2,7.0,471,0.154,1922,59,32.6,33
2026-09-30T06:42:41+00:00,509672,IRL,2607,11,237.0,10,2327,0.893,105,8,13.1,5
2026-09-30T06:42:41+00:00,1960720223,SILENT HILL: townfall,1995,6,332.5,172.5,1353,0.678,105,3,35.0,1
2026-09-30T06:42:41+00:00,417752,Talk Shows & Podcasts,1745,5,349.0,3,1688,0.967,2,2,1.0,3
2026-09-30T06:42:41+00:00,123184772,EA Sports FC 27,1173,23,51.0,1,356,0.303,334,20,16.7,17
2026-09-30T06:42:41+00:00,743893402,WARDOGS,1139,15,75.9,1,1016,0.892,39,12,3.2,11
2026-09-30T06:42:41+00:00,499973,Always On,1022,20,51.1,5.0,333,0.326,378,17,22.2,11
2026-09-30T06:42:41+00:00,30921,Rocket League,807,19,42.5,1,763,0.945,22,16,1.4,16
2026-09-30T06:42:41+00:00,20596,Dofus,719,10,71.9,33.5,434,0.604,157,7,22.4,2
2026-09-30T06:42:41+00:00,363211327,Plan B: Terraform,615,1,615.0,615,615,1.0,0,0,0,0
2026-09-30T06:42:41+00:00,1267582829,Aniimo,598,43,13.9,4,114,0.191,330,40,8.2,29
2026-09-30T06:42:41+00:00,513143,Teamfight Tactics,503,5,100.6,5,486,0.966,5,2,2.5,4
2026-09-30T06:42:41+00:00,138585,Hearthstone,434,7,62.0,2,254,0.585,4,4,1.0,5
2026-09-30T06:42:41+00:00,32399,Counter-Strike,429,12,35.8,4.0,324,0.755,25,9,2.8,10
2026-09-30T06:42:41+00:00,779192097,Fire Emblem: Fortune's Weave,413,6,68.8,6.5,390,0.944,8,3,2.7,5
2026-09-30T06:42:41+00:00,32982,Grand Theft Auto V,331,20,16.6,2.0,155,0.468,83,17,4.9,14
2026-09-30T06:42:41+00:00,1254042066,The Witcher 3: Wild Hunt Remastered,330,11,30.0,5,271,0.821,28,8,3.5,8
2026-09-30T06:42:41+00:00,498592,I'm Only Sleeping,289,8,36.1,16.0,104,0.36,44,5,8.8,3
2026-09-30T06:42:41+00:00,1901865180,NTE: Neverness to Everness,270,8,33.8,6.5,208,0.77,20,5,4.0,6
2026-09-30T06:42:41+00:00,771448419,AION 2,252,4,63.0,50.0,145,0.575,7,1,7.0,1
2026-09-30T06:42:41+00:00,509660,Art,212,15,14.1,10,42,0.198,108,12,9.0,7
2026-09-30T06:42:41+00:00,31339,Project Zomboid,205,3,68.3,22,182,0.888,0,0,0,1
2026-09-30T06:42:41+00:00,516575,VALORANT,203,46,4.4,1.5,37,0.182,115,43,2.7,40
2026-09-30T06:42:41+00:00,18122,World of Warcraft,197,20,9.8,3.5,89,0.452,73,17,4.3,15
2026-09-30T06:42:41+00:00,1357871551,The Blood of Dawnwalker,191,5,38.2,1,181,0.948,0,2,0.0,4
2026-09-30T06:42:41+00:00,490413,Board Games,182,1,182.0,182,182,1.0,0,0,0,0
2026-09-30T06:42:41+00:00,515025,Overwatch,161,10,16.1,2.0,124,0.77,9,7,1.3,8
2026-09-30T06:42:41+00:00,325262960,Rivage,157,2,78.5,78.5,134,0.854,0,0,0,0
2026-09-30T06:42:41+00:00,490377,Sea of Thieves,148,3,49.3,3,144,0.973,0,0,0,2
2026-09-30T06:42:41+00:00,209738946,Wuthering Waves,145,9,16.1,2,99,0.683,8,6,1.3,7
2026-09-30T06:42:41+00:00,490147,Hollow Knight,131,2,65.5,65.5,130,0.992,0,0,0,1
2026-09-30T06:42:41+00:00,71375,Star Citizen,126,5,25.2,15,79,0.627,3,2,1.5,2
2026-09-30T06:42:41+00:00,404069058,ACE COMBAT 8: WINGS OF THEVE,120,1,120.0,120,120,1.0,0,0,0,0
2026-09-30T06:42:41+00:00,512710,Call of Duty: Warzone,117,16,7.3,2.0,48,0.41,27,13,2.1,14
2026-09-30T06:42:41+00:00,512953,ELDEN RING,116,5,23.2,2,95,0.819,1,2,0.5,3
2026-09-30T06:42:41+00:00,27471,Minecraft,112,14,8.0,2.5,64,0.571,26,11,2.4,11
2026-09-30T06:42:41+00:00,105669212,The Alighieri Circle: Dante’s Bloodline,104,1,104.0,104,104,1.0,0,0,0,0
2026-09-30T06:42:41+00:00,33214,Fortnite,102,30,3.4,1.0,47,0.461,30,27,1.1,28
2026-09-30T07:12:38+00:00,21779,League of Legends,10002,46,217.4,3.0,4796,0.48,1022,43,23.8,31
2026-09-30T07:12:38+00:00,509672,IRL,3846,13,295.8,14,3504,0.911,141,10,14.1,6
2026-09-30T07:12:38+00:00,509658,Just Chatting,3384,59,57.4,16,393,0.116,2264,56,40.4,24
2026-09-30T07:12:38+00:00,1960720223,SILENT HILL: townfall,2237,10,223.7,19.0,1536,0.687,164,7,23.4,3
2026-09-30T07:12:38+00:00,1700534048,I Need to Fix My Dream Car (But I Work at a Junkyard),1873,1,1873.0,1873,1873,1.0,0,0,0,0
2026-09-30T07:12:38+00:00,123184772,EA Sports FC 27,1403,23,61.0,1,416,0.297,301,20,15.1,18
2026-09-30T07:12:38+00:00,460316,Brawlhalla,1131,1,1131.0,1131,1131,1.0,0,0,0,0
2026-09-30T07:12:38+00:00,499973,Always On,1049,18,58.3,5.0,338,0.322,376,15,25.1,10
2026-09-30T07:12:38+00:00,20596,Dofus,870,12,72.5,24.5,471,0.541,162,9,18.0,4
2026-09-30T07:12:38+00:00,30921,Rocket League,768,18,42.7,1.0,731,0.952,22,15,1.5,16
2026-09-30T07:12:38+00:00,1267582829,Aniimo,683,48,14.2,3.0,144,0.211,338,45,7.5,35
2026-09-30T07:12:38+00:00,513143,Teamfight Tactics,639,4,159.8,4.5,630,0.986,0,1,0.0,3
2026-09-30T07:12:38+00:00,363211327,Plan B: Terraform,613,1,613.0,613,613,1.0,0,0,0,0
2026-09-30T07:12:38+00:00,138585,Hearthstone,505,6,84.2,3.5,299,0.592,4,3,1.3,4
2026-09-30T07:12:38+00:00,32399,Counter-Strike,501,16,31.3,2.5,341,0.681,29,13,2.2,13
2026-09-30T07:12:38+00:00,1254042066,The Witcher 3: Wild Hunt Remastered,472,10,47.2,9.0,348,0.737,40,7,5.7,5
2026-09-30T07:12:38+00:00,779192097,Fire Emblem: Fortune's Weave,419,5,83.8,3,406,0.969,2,2,1.0,4
2026-09-30T07:12:38+00:00,771448419,AION 2,405,5,81.0,72,208,0.514,9,2,4.5,2
2026-09-30T07:12:38+00:00,32982,Grand Theft Auto V,395,16,24.7,7.5,239,0.605,69,13,5.3,9
2026-09-30T07:12:38+00:00,1901865180,NTE: Neverness to Everness,385,10,38.5,3.5,326,0.847,21,7,3.0,7
2026-09-30T07:12:38+00:00,509660,Art,355,22,16.1,11.0,53,0.149,223,19,11.7,9
2026-09-30T07:12:38+00:00,33214,Fortnite,341,45,7.6,1,105,0.308,102,42,2.4,39
2026-09-30T07:12:38+00:00,498592,I'm Only Sleeping,305,7,43.6,20,128,0.42,40,4,10.0,2
2026-09-30T07:12:38+00:00,18122,World of Warcraft,274,26,10.5,5.0,41,0.15,173,23,7.5,15
2026-09-30T07:12:38+00:00,516575,VALORANT,273,53,5.2,1,69,0.253,154,50,3.1,46
2026-09-30T07:12:38+00:00,512710,Call of Duty: Warzone,253,26,9.7,2.0,122,0.482,68,23,3.0,21
2026-09-30T07:12:38+00:00,743893402,WARDOGS,248,18,13.8,2.5,99,0.399,66,15,4.4,12
2026-09-30T07:12:38+00:00,31339,Project Zomboid,227,3,75.7,22,201,0.885,0,0,0,1
2026-09-30T07:12:38+00:00,515025,Overwatch,215,15,14.3,3,132,0.614,33,12,2.8,13
2026-09-30T07:12:38+00:00,490413,Board Games,209,1,209.0,209,209,1.0,0,0,0,0
2026-09-30T07:12:38+00:00,1357871551,The Blood of Dawnwalker,200,4,50.0,4.5,191,0.955,0,1,0.0,3
2026-09-30T07:12:38+00:00,490377,Sea of Thieves,176,5,35.2,12,144,0.818,5,2,2.5,2
2026-09-30T07:12:38+00:00,209738946,Wuthering Waves,170,13,13.1,2,111,0.653,18,10,1.8,11
2026-09-30T07:12:38+00:00,897166081,Nivalis Nights,168,3,56.0,16,151,0.899,0,0,0,1
2026-09-30T07:12:38+00:00,491487,Dead by Daylight,166,16,10.4,6.0,35,0.211,75,13,5.8,10
2026-09-30T07:12:38+00:00,325262960,Rivage,155,2,77.5,77.5,129,0.832,0,0,0,0
2026-09-30T07:12:38+00:00,490147,Hollow Knight,147,6,24.5,4.5,128,0.871,6,3,2.0,5
2026-09-30T07:12:38+00:00,115977,The Witcher 3: Wild Hunt,147,7,21.0,26,35,0.238,50,4,12.5,2
2026-09-30T07:12:38+00:00,71375,Star Citizen,138,6,23.0,8.0,87,0.63,6,3,2.0,3
2026-09-30T07:12:38+00:00,27471,Minecraft,127,20,6.3,3.5,45,0.354,51,17,3.0,17
2026-09-30T07:12:38+00:00,404069058,ACE COMBAT 8: WINGS OF THEVE,120,1,120.0,120,120,1.0,0,0,0,0
2026-09-30T07:12:38+00:00,295042126,Woodo,113,1,113.0,113,113,1.0,0,0,0,0
2026-09-30T07:12:38+00:00,1987896617,Dune: Awakening,112,8,14.0,3.5,88,0.786,10,5,2.0,7
2026-09-30T07:12:38+00:00,509663,Special Events,104,10,10.4,6.5,29,0.279,35,7,5.0,6
2026-09-30T07:12:38+00:00,508455,Valheim,102,7,14.6,3,86,0.843,5,4,1.2,6
2026-09-30T07:42:38+00:00,21779,League of Legends,14481,52,278.5,3.0,7186,0.496,2179,49,44.5,33
2026-09-30T07:42:38+00:00,509672,IRL,5494,14,392.4,6.5,5130,0.934,143,11,13.0,8
2026-09-30T07:42:38+00:00,509658,Just Chatting,4568,74,61.7,12.0,510,0.112,3200,71,45.1,34
2026-09-30T07:42:38+00:00,1700534048,I Need to Fix My Dream Car (But I Work at a Junkyard),2886,1,2886.0,2886,2886,1.0,0,0,0,0
2026-09-30T07:42:38+00:00,1960720223,SILENT HILL: townfall,2272,12,189.3,16.0,1554,0.684,216,9,24.0,6
2026-09-30T07:42:38+00:00,123184772,EA Sports FC 27,1908,39,48.9,1,467,0.245,654,36,18.2,33
2026-09-30T07:42:38+00:00,460316,Brawlhalla,1286,2,643.0,643.0,1283,0.998,0,0,0,1
2026-09-30T07:42:38+00:00,499973,Always On,1124,20,56.2,2.0,298,0.265,454,17,26.7,12
2026-09-30T07:42:38+00:00,20596,Dofus,1053,19,55.4,6,505,0.48,237,16,14.8,10
2026-09-30T07:42:38+00:00,30921,Rocket League,789,30,26.3,1.0,701,0.888,50,27,1.9,27
2026-09-30T07:42:38+00:00,1254042066,The Witcher 3: Wild Hunt Remastered,765,19,40.3,3,379,0.495,103,16,6.4,13
2026-09-30T07:42:38+00:00,513143,Teamfight Tactics,679,8,84.9,4.0,655,0.965,12,5,2.4,7
2026-09-30T07:42:38+00:00,363211327,Plan B: Terraform,659,1,659.0,659,659,1.0,0,0,0,0
2026-09-30T07:42:38+00:00,1267582829,Aniimo,655,55,11.9,3,151,0.231,303,52,5.8,40
2026-09-30T07:42:38+00:00,138585,Hearthstone,588,9,65.3,2,374,0.636,8,6,1.3,7
2026-09-30T07:42:38+00:00,33214,Fortnite,560,51,11.0,1,216,0.386,91,48,1.9,47
2026-09-30T07:42:38+00:00,32982,Grand Theft Auto V,555,23,24.1,2,392,0.706,81,20,4.0,17
2026-09-30T07:42:38+00:00,18122,World of Warcraft,547,40,13.7,3.0,142,0.26,287,37,7.8,26
2026-09-30T07:42:38+00:00,516575,VALORANT,494,71,7.0,1,126,0.255,250,68,3.7,62
2026-09-30T07:42:38+00:00,779192097,Fire Emblem: Fortune's Weave,484,5,96.8,4,467,0.965,3,2,1.5,3
2026-09-30T07:42:38+00:00,512710,Call of Duty: Warzone,478,42,11.4,2.0,195,0.408,156,39,4.0,35
2026-09-30T07:42:38+00:00,509660,Art,454,32,14.2,9.0,60,0.132,307,29,10.6,18
2026-09-30T07:42:38+00:00,1901865180,NTE: Neverness to Everness,442,7,63.1,2,411,0.93,6,4,1.5,5
2026-09-30T07:42:38+00:00,771448419,AION 2,416,3,138.7,125,197,0.474,0,0,0,0
2026-09-30T07:42:38+00:00,743893402,WARDOGS,321,21,15.3,1,180,0.561,62,18,3.4,16
2026-09-30T07:42:38+00:00,32399,Counter-Strike,318,14,22.7,2.5,134,0.421,30,11,2.7,10
2026-09-30T07:42:38+00:00,498592,I'm Only Sleeping,314,8,39.2,14.5,117,0.373,47,5,9.4,2
2026-09-30T07:42:38+00:00,27284,Retro,305,5,61.0,6,204,0.669,5,2,2.5,3
2026-09-30T07:42:38+00:00,515025,Overwatch,261,22,11.9,3.0,148,0.567,64,19,3.4,17
2026-09-30T07:42:38+00:00,491487,Dead by Daylight,251,20,12.6,4.0,82,0.327,109,17,6.4,13
2026-09-30T07:42:38+00:00,31339,Project Zomboid,246,3,82.0,20,218,0.886,0,0,0,1
2026-09-30T07:42:38+00:00,490377,Sea of Thieves,226,5,45.2,18,165,0.73,8,2,4.0,2
2026-09-30T07:42:38+00:00,897166081,Nivalis Nights,198,2,99.0,99.0,176,0.889,0,0,0,0
2026-09-30T07:42:38+00:00,209738946,Wuthering Waves,198,14,14.1,1.5,139,0.702,18,11,1.6,12
2026-09-30T07:42:38+00:00,10322,FINAL FANTASY X,188,2,94.0,94.0,113,0.601,0,0,0,0
2026-09-30T07:42:38+00:00,1357871551,The Blood of Dawnwalker,183,6,30.5,1.0,171,0.934,2,3,0.7,5
2026-09-30T07:42:38+00:00,504921,Dragon Ball Legends,167,1,167.0,167,167,1.0,0,0,0,0
2026-09-30T07:42:38+00:00,65632,DayZ,161,3,53.7,1,159,0.988,0,0,0,2
2026-09-30T07:42:38+00:00,71375,Star Citizen,158,5,31.6,17,100,0.633,7,2,3.5,2
2026-09-30T07:42:38+00:00,27471,Minecraft,153,28,5.5,2.0,44,0.288,69,25,2.8,24
2026-09-30T07:42:38+00:00,115977,The Witcher 3: Wild Hunt,147,5,29.4,29,66,0.449,9,2,4.5,2
2026-09-30T07:42:38+00:00,490147,Hollow Knight,140,6,23.3,3.0,120,0.857,4,3,1.3,4
2026-09-30T07:42:38+00:00,325262960,Rivage,134,2,67.0,67.0,114,0.851,0,0,0,0
2026-09-30T07:42:38+00:00,512953,ELDEN RING,131,11,11.9,1,119,0.908,7,8,0.9,10
2026-09-30T07:42:38+00:00,508455,Valheim,127,9,14.1,2,93,0.732,8,6,1.3,6
2026-09-30T07:42:38+00:00,404069058,ACE COMBAT 8: WINGS OF THEVE,124,2,62.0,62.0,121,0.976,0,0,0,1
2026-09-30T07:42:38+00:00,982017546,Palia,111,1,111.0,111,111,1.0,0,0,0,0
2026-09-30T07:42:38+00:00,509663,Special Events,106,9,11.8,8,30,0.283,35,6,5.8,5
2026-09-30T07:42:38+00:00,511224,Apex Legends,101,9,11.2,2,61,0.604,6,6,1.0,6
2026-09-30T08:12:40+00:00,21779,League of Legends,15363,61,251.9,4,6991,0.455,2425,58,41.8,41
2026-09-30T08:12:40+00:00,509672,IRL,6037,15,402.5,6,5688,0.942,158,12,13.2,8
2026-09-30T08:12:40+00:00,509658,Just Chatting,5576,81,68.8,6,1115,0.2,3569,78,45.8,44
2026-09-30T08:12:40+00:00,1700534048,I Need to Fix My Dream Car (But I Work at a Junkyard),3318,1,3318.0,3318,3318,1.0,0,0,0,0
2026-09-30T08:12:40+00:00,1960720223,SILENT HILL: townfall,2279,14,162.8,1.5,1602,0.703,186,11,16.9,9
2026-09-30T08:12:40+00:00,123184772,EA Sports FC 27,2040,44,46.4,1.0,548,0.269,537,41,13.1,39
2026-09-30T08:12:40+00:00,499973,Always On,1312,20,65.6,6.0,418,0.319,503,17,29.6,12
2026-09-30T08:12:40+00:00,516575,VALORANT,1190,103,11.6,1,341,0.287,531,100,5.3,87
2026-09-30T08:12:40+00:00,20596,Dofus,1144,23,49.7,6,569,0.497,247,20,12.3,14
2026-09-30T08:12:40+00:00,1254042066,The Witcher 3: Wild Hunt Remastered,1116,28,39.9,3.5,414,0.371,297,25,11.9,16
2026-09-30T08:12:40+00:00,18122,World of Warcraft,1051,48,21.9,5.0,407,0.387,486,45,10.8,28
2026-09-30T08:12:40+00:00,460630,Rainbow Six Siege,1003,6,167.2,2.0,984,0.981,4,3,1.3,4
2026-09-30T08:12:40+00:00,30921,Rocket League,728,31,23.5,1,614,0.843,39,28,1.4,28
2026-09-30T08:12:40+00:00,513143,Teamfight Tactics,722,7,103.1,2,708,0.981,5,4,1.2,6
2026-09-30T08:12:40+00:00,417892,Z1: Battle Royale,692,12,57.7,3.5,380,0.549,44,9,4.9,7
2026-09-30T08:12:40+00:00,138585,Hearthstone,687,7,98.1,4,442,0.643,9,4,2.2,5
2026-09-30T08:12:40+00:00,363211327,Plan B: Terraform,670,1,670.0,670,670,1.0,0,0,0,0
2026-09-30T08:12:40+00:00,1267582829,Aniimo,669,66,10.1,3.0,129,0.193,337,63,5.3,52
2026-09-30T08:12:40+00:00,32399,Counter-Strike,623,18,34.6,4.0,166,0.266,189,15,12.6,12
2026-09-30T08:12:40+00:00,33214,Fortnite,613,66,9.3,1.0,230,0.375,128,63,2.0,60
2026-09-30T08:12:40+00:00,460316,Brawlhalla,595,1,595.0,595,595,1.0,0,0,0,0
2026-09-30T08:12:40+00:00,512710,Call of Duty: Warzone,587,38,15.4,2.0,206,0.351,125,35,3.6,32
2026-09-30T08:12:40+00:00,32982,Grand Theft Auto V,535,24,22.3,1.0,421,0.787,69,21,3.3,20
2026-09-30T08:12:40+00:00,1901865180,NTE: Neverness to Everness,494,7,70.6,3,461,0.933,8,4,2.0,5
2026-09-30T08:12:40+00:00,779192097,Fire Emblem: Fortune's Weave,477,3,159.0,2,474,0.994,0,0,0,2
2026-09-30T08:12:40+00:00,509660,Art,472,36,13.1,9.5,52,0.11,329,33,10.0,18
2026-09-30T08:12:40+00:00,209738946,Wuthering Waves,391,18,21.7,2.0,163,0.417,60,15,4.0,14
2026-09-30T08:12:40+00:00,498592,I'm Only Sleeping,334,8,41.8,14.0,135,0.404,42,5,8.4,3
2026-09-30T08:12:40+00:00,771448419,AION 2,331,4,82.8,81.5,165,0.498,3,1,3.0,1
2026-09-30T08:12:40+00:00,515025,Overwatch,309,24,12.9,2.5,155,0.502,88,21,4.2,18
2026-09-30T08:12:40+00:00,491487,Dead by Daylight,305,21,14.5,5,86,0.282,143,18,7.9,13
2026-09-30T08:12:40+00:00,504921,Dragon Ball Legends,304,1,304.0,304,304,1.0,0,0,0,0
2026-09-30T08:12:40+00:00,417752,Talk Shows & Podcasts,299,4,74.8,34.5,229,0.766,1,1,1.0,2
2026-09-30T08:12:40+00:00,31339,Project Zomboid,280,8,35.0,4.0,242,0.864,11,5,2.2,5
2026-09-30T08:12:40+00:00,490377,Sea of Thieves,236,4,59.0,32.0,169,0.716,3,1,3.0,1
2026-09-30T08:12:40+00:00,518203,Sports,233,3,77.7,2,230,0.987,0,0,0,2
2026-09-30T08:12:40+00:00,115977,The Witcher 3: Wild Hunt,233,10,23.3,10.5,76,0.326,63,7,9.0,5
2026-09-30T08:12:40+00:00,27284,Retro,232,6,38.7,6.5,201,0.866,7,3,2.3,3
2026-09-30T08:12:40+00:00,1515862749,Disney Dreamlight Valley,223,11,20.3,9,81,0.363,39,8,4.9,6
2026-09-30T08:12:40+00:00,10322,FINAL FANTASY X,215,2,107.5,107.5,112,0.521,0,0,0,0
2026-09-30T08:12:40+00:00,65632,DayZ,193,5,38.6,2,186,0.964,2,2,1.0,4
2026-09-30T08:12:40+00:00,743893402,WARDOGS,192,11,17.5,3,66,0.344,30,8,3.8,7
2026-09-30T08:12:40+00:00,1357871551,The Blood of Dawnwalker,173,8,21.6,2.0,153,0.884,6,5,1.2,7
2026-09-30T08:12:40+00:00,512953,ELDEN RING,171,12,14.2,1.0,153,0.895,9,9,1.0,11
2026-09-30T08:12:40+00:00,2042681592,Minecraft Dungeons II,162,12,13.5,2.0,114,0.704,15,9,1.7,9
2026-09-30T08:12:40+00:00,508455,Valheim,149,12,12.4,3.0,93,0.624,29,9,3.2,8
2026-09-30T08:12:40+00:00,511224,Apex Legends,144,13,11.1,1,77,0.535,28,10,2.8,9
2026-09-30T08:12:40+00:00,404069058,ACE COMBAT 8: WINGS OF THEVE,134,4,33.5,3.5,125,0.933,2,1,2.0,3
2026-09-30T08:12:40+00:00,27471,Minecraft,134,32,4.2,1.0,30,0.224,70,29,2.4,28
2026-09-30T08:12:40+00:00,11557,The Legend of Zelda: Ocarina of Time,130,2,65.0,65.0,124,0.954,0,0,0,1
2026-09-30T08:12:40+00:00,325262960,Rivage,127,2,63.5,63.5,109,0.858,0,0,0,0
2026-09-30T08:12:40+00:00,982017546,Palia,115,1,115.0,115,115,1.0,0,0,0,0
2026-09-30T08:12:40+00:00,71375,Star Citizen,113,6,18.8,22.0,36,0.319,23,3,7.7,2
2026-09-30T08:12:40+00:00,509663,Special Events,113,12,9.4,5.5,30,0.265,47,9,5.2,8
2026-09-30T08:12:40+00:00,263490,Rust,112,5,22.4,8,62,0.554,9,2,4.5,3
2026-09-30T08:12:40+00:00,2748,Magic: The Gathering,110,3,36.7,14,85,0.773,0,0,0,0
2026-09-30T08:12:40+00:00,500188,Hunt: Showdown 1896,106,6,17.7,4.0,88,0.83,9,3,3.0,5
2026-09-30T08:12:40+00:00,1599346425,Co-working & Studying,101,10,10.1,6.5,31,0.307,33,7,4.7,6
2026-09-30T08:12:40+00:00,489111,Summoners War: Sky Arena,100,3,33.3,31,65,0.65,0,0,0,1
2026-09-30T08:42:41+00:00,21779,League of Legends,12935,65,199.0,3,6099,0.472,3133,62,50.5,44
2026-09-30T08:42:41+00:00,509672,IRL,7547,15,503.1,32,7080,0.938,247,12,20.6,6
2026-09-30T08:42:41+00:00,509658,Just Chatting,6168,85,72.6,9,1271,0.206,3921,82,47.8,45
2026-09-30T08:42:41+00:00,1700534048,I Need to Fix My Dream Car (But I Work at a Junkyard),3669,1,3669.0,3669,3669,1.0,0,0,0,0
2026-09-30T08:42:41+00:00,516575,VALORANT,2544,119,21.4,2,744,0.292,884,116,7.6,100
2026-09-30T08:42:41+00:00,123184772,EA Sports FC 27,2182,48,45.5,2.0,769,0.352,323,45,7.2,40
2026-09-30T08:42:41+00:00,1960720223,SILENT HILL: townfall,2159,15,143.9,3,1522,0.705,110,12,9.2,9
2026-09-30T08:42:41+00:00,417892,Z1: Battle Royale,1829,14,130.6,5.5,1494,0.817,90,11,8.2,8
2026-09-30T08:42:41+00:00,32399,Counter-Strike,1339,21,63.8,5,369,0.276,494,18,27.4,13
2026-09-30T08:42:41+00:00,18122,World of Warcraft,1333,53,25.2,5,448,0.336,647,50,12.9,29
2026-09-30T08:42:41+00:00,499973,Always On,1312,19,69.1,4,439,0.335,468,16,29.2,12
2026-09-30T08:42:41+00:00,460630,Rainbow Six Siege,1301,7,185.9,1,1259,0.968,4,4,1.0,4
2026-09-30T08:42:41+00:00,514888,Crusader Kings III,1274,1,1274.0,1274,1274,1.0,0,0,0,0
2026-09-30T08:42:41+00:00,20596,Dofus,1200,25,48.0,5,589,0.491,237,22,10.8,17
2026-09-30T08:42:41+00:00,1254042066,The Witcher 3: Wild Hunt Remastered,1145,27,42.4,4,406,0.355,276,24,11.5,16
2026-09-30T08:42:41+00:00,30921,Rocket League,775,39,19.9,1,569,0.734,97,36,2.7,34
2026-09-30T08:42:41+00:00,513143,Teamfight Tactics,726,10,72.6,4.5,691,0.952,20,7,2.9,9
2026-09-30T08:42:41+00:00,33214,Fortnite,708,75,9.4,1,259,0.366,172,72,2.4,69
2026-09-30T08:42:41+00:00,138585,Hearthstone,693,8,86.6,5.0,460,0.664,14,5,2.8,6
2026-09-30T08:42:41+00:00,363211327,Plan B: Terraform,643,1,643.0,643,643,1.0,0,0,0,0
2026-09-30T08:42:41+00:00,509660,Art,608,42,14.5,10.0,58,0.095,459,39,11.8,20
2026-09-30T08:42:41+00:00,512710,Call of Duty: Warzone,607,42,14.5,2.0,199,0.328,179,39,4.6,33
2026-09-30T08:42:41+00:00,209738946,Wuthering Waves,593,16,37.1,3.0,396,0.668,37,13,2.8,13
2026-09-30T08:42:41+00:00,32982,Grand Theft Auto V,560,26,21.5,1.0,422,0.754,57,23,2.5,22
2026-09-30T08:42:41+00:00,1901865180,NTE: Neverness to Everness,545,6,90.8,3.0,469,0.861,7,3,2.3,4
2026-09-30T08:42:41+00:00,1267582829,Aniimo,534,68,7.9,2.5,81,0.152,361,65,5.6,55
2026-09-30T08:42:41+00:00,779192097,Fire Emblem: Fortune's Weave,521,4,130.2,5.0,510,0.979,1,1,1.0,3
2026-09-30T08:42:41+00:00,771448419,AION 2,514,6,85.7,79.5,176,0.342,40,3,13.3,2
2026-09-30T08:42:41+00:00,518203,Sports,461,4,115.2,2.0,456,0.989,1,1,1.0,3
2026-09-30T08:42:41+00:00,491487,Dead by Daylight,441,18,24.5,14.0,112,0.254,185,15,12.3,8
2026-09-30T08:42:41+00:00,417752,Talk Shows & Podcasts,425,5,85.0,1,364,0.856,0,2,0.0,3
2026-09-30T08:42:41+00:00,498592,I'm Only Sleeping,337,7,48.1,14,125,0.371,33,4,8.2,2
2026-09-30T08:42:41+00:00,515025,Overwatch,318,25,12.7,2,167,0.525,73,22,3.3,20
2026-09-30T08:42:41+00:00,31339,Project Zomboid,290,8,36.2,5.5,245,0.845,16,5,3.2,5
2026-09-30T08:42:41+00:00,504921,Dragon Ball Legends,277,1,277.0,277,277,1.0,0,0,0,0
2026-09-30T08:42:41+00:00,512953,ELDEN RING,276,12,23.0,3.0,171,0.62,19,9,2.1,10
2026-09-30T08:42:41+00:00,115977,The Witcher 3: Wild Hunt,267,8,33.4,21.5,89,0.333,54,5,10.8,4
2026-09-30T08:42:41+00:00,490377,Sea of Thieves,253,5,50.6,21,172,0.68,11,2,5.5,2
2026-09-30T08:42:41+00:00,1515862749,Disney Dreamlight Valley,233,11,21.2,7,95,0.408,36,8,4.5,6
2026-09-30T08:42:41+00:00,27284,Retro,232,5,46.4,13,193,0.832,10,2,5.0,2
2026-09-30T08:42:41+00:00,65632,DayZ,227,4,56.8,3.0,220,0.969,1,1,1.0,3
2026-09-30T08:42:41+00:00,10322,FINAL FANTASY X,208,2,104.0,104.0,107,0.514,0,0,0,0
2026-09-30T08:42:41+00:00,508455,Valheim,192,17,11.3,3,92,0.479,51,14,3.6,13
2026-09-30T08:42:41+00:00,263490,Rust,191,4,47.8,43.0,101,0.529,4,1,4.0,1
2026-09-30T08:42:41+00:00,511224,Apex Legends,173,16,10.8,2.0,92,0.532,33,13,2.5,12
2026-09-30T08:42:41+00:00,1357871551,The Blood of Dawnwalker,172,7,24.6,2,151,0.878,6,4,1.5,5
2026-09-30T08:42:41+00:00,743893402,WARDOGS,159,9,17.7,5,71,0.447,25,6,4.2,5
2026-09-30T08:42:41+00:00,2042681592,Minecraft Dungeons II,154,12,12.8,1.5,104,0.675,18,9,2.0,10
2026-09-30T08:42:41+00:00,1329153872,Pokémon Pokopia,153,3,51.0,15,132,0.863,0,0,0,1
2026-09-30T08:42:41+00:00,500188,Hunt: Showdown 1896,152,6,25.3,8.5,110,0.724,8,3,2.7,3
2026-09-30T08:42:41+00:00,11557,The Legend of Zelda: Ocarina of Time,148,1,148.0,148,148,1.0,0,0,0,0
2026-09-30T08:42:41+00:00,464339927,ARC Raiders,144,14,10.3,2.0,89,0.618,22,11,2.0,12
2026-09-30T08:42:41+00:00,27471,Minecraft,134,29,4.6,2,33,0.246,51,26,2.0,26
2026-09-30T08:42:41+00:00,404069058,ACE COMBAT 8: WINGS OF THEVE,126,2,63.0,63.0,123,0.976,0,0,0,1
2026-09-30T08:42:41+00:00,982017546,Palia,126,2,63.0,63.0,121,0.96,0,0,0,1
2026-09-30T08:42:41+00:00,515024,Diablo IV,121,8,15.1,5.0,56,0.463,12,5,2.4,6
2026-09-30T08:42:41+00:00,71375,Star Citizen,120,7,17.1,22,29,0.242,39,4,9.8,2
2026-09-30T08:42:41+00:00,325262960,Rivage,115,2,57.5,57.5,98,0.852,0,0,0,0
2026-09-30T08:42:41+00:00,13332,Pokémon FireRed/LeafGreen,108,6,18.0,13.0,49,0.454,15,3,5.0,3
2026-09-30T08:42:41+00:00,489111,Summoners War: Sky Arena,107,2,53.5,53.5,99,0.925,0,0,0,1
2026-09-30T08:42:41+00:00,492984,Bleach: Brave Souls,106,2,53.0,53.0,97,0.915,0,0,0,1
2026-09-30T08:42:41+00:00,2748,Magic: The Gathering,106,3,35.3,16,77,0.726,0,0,0,0
2026-09-30T08:42:41+00:00,509673,Makers & Crafting,101,8,12.6,5.5,48,0.475,19,5,3.8,5
2026-09-30T09:12:38+00:00,21779,League of Legends,13444,63,213.4,3,8048,0.599,2687,60,44.8,44
2026-09-30T09:12:38+00:00,509672,IRL,10555,16,659.7,22.5,9984,0.946,292,13,22.5,7
2026-09-30T09:12:38+00:00,516575,VALORANT,8501,144,59.0,2.0,3008,0.354,3242,141,23.0,122
2026-09-30T09:12:38+00:00,509658,Just Chatting,7863,82,95.9,9.5,1385,0.176,5276,79,66.8,41
2026-09-30T09:12:38+00:00,1700534048,I Need to Fix My Dream Car (But I Work at a Junkyard),3736,1,3736.0,3736,3736,1.0,0,0,0,0
2026-09-30T09:12:38+00:00,123184772,EA Sports FC 27,2801,59,47.5,2,768,0.274,868,56,15.5,46
2026-09-30T09:12:38+00:00,417892,Z1: Battle Royale,1822,12,151.8,2.0,1748,0.959,23,9,2.6,8
2026-09-30T09:12:38+00:00,514888,Crusader Kings III,1777,1,1777.0,1777,1777,1.0,0,0,0,0
2026-09-30T09:12:38+00:00,2042681592,Minecraft Dungeons II,1503,12,125.2,7.5,1159,0.771,69,9,7.7,6
2026-09-30T09:12:38+00:00,460630,Rainbow Six Siege,1494,12,124.5,3.0,1406,0.941,36,9,4.0,7
2026-09-30T09:12:38+00:00,18122,World of Warcraft,1480,59,25.1,4,427,0.289,740,56,13.2,37
2026-09-30T09:12:38+00:00,20596,Dofus,1347,31,43.5,5,616,0.457,347,28,12.4,22
2026-09-30T09:12:38+00:00,499973,Always On,1299,19,68.4,5,387,0.298,504,16,31.5,11
2026-09-30T09:12:38+00:00,1254042066,The Witcher 3: Wild Hunt Remastered,1294,34,38.1,3.5,418,0.323,392,31,12.6,21
2026-09-30T09:12:38+00:00,32399,Counter-Strike,1264,27,46.8,3,333,0.263,509,24,21.2,17
2026-09-30T09:12:38+00:00,498566,Slots,1188,2,594.0,594.0,1187,0.999,0,0,0,1
2026-09-30T09:12:38+00:00,509660,Art,813,48,16.9,11.5,128,0.157,573,45,12.7,23
2026-09-30T09:12:38+00:00,30921,Rocket League,796,38,20.9,1.0,526,0.661,114,35,3.3,33
2026-09-30T09:12:38+00:00,138585,Hearthstone,754,8,94.2,7.5,437,0.58,19,5,3.8,4
2026-09-30T09:12:38+00:00,512710,Call of Duty: Warzone,735,47,15.6,3,245,0.333,254,44,5.8,36
2026-09-30T09:12:38+00:00,209738946,Wuthering Waves,656,22,29.8,2.5,431,0.657,51,19,2.7,19
2026-09-30T09:12:38+00:00,33214,Fortnite,652,88,7.4,1.0,278,0.426,136,85,1.6,84
2026-09-30T09:12:38+00:00,1960720223,SILENT HILL: townfall,633,14,45.2,4.0,347,0.548,73,11,6.6,9
2026-09-30T09:12:38+00:00,363211327,Plan B: Terraform,629,1,629.0,629,629,1.0,0,0,0,0
2026-09-30T09:12:38+00:00,779192097,Fire Emblem: Fortune's Weave,569,6,94.8,2.0,556,0.977,4,3,1.3,5
2026-09-30T09:12:38+00:00,1901865180,NTE: Neverness to Everness,564,7,80.6,3,480,0.851,6,4,1.5,5
2026-09-30T09:12:38+00:00,1267582829,Aniimo,528,72,7.3,2.0,77,0.146,350,69,5.1,57
2026-09-30T09:12:38+00:00,771448419,AION 2,526,4,131.5,147.5,224,0.426,7,1,7.0,1
2026-09-30T09:12:38+00:00,743893402,WARDOGS,480,17,28.2,4,254,0.529,56,14,4.0,13
2026-09-30T09:12:38+00:00,491487,Dead by Daylight,419,19,22.1,4,119,0.284,139,16,8.7,12
2026-09-30T09:12:38+00:00,513181,Genshin Impact,404,13,31.1,5,224,0.554,57,10,5.7,8
2026-09-30T09:12:38+00:00,417752,Talk Shows & Podcasts,399,4,99.8,0.5,398,0.997,0,1,0.0,3
2026-09-30T09:12:38+00:00,31339,Project Zomboid,316,8,39.5,9.0,258,0.816,24,5,4.8,4
2026-09-30T09:12:38+00:00,515025,Overwatch,313,28,11.2,2.0,151,0.482,94,25,3.8,23
2026-09-30T09:12:38+00:00,512953,ELDEN RING,298,13,22.9,2,176,0.591,19,10,1.9,11
2026-09-30T09:12:38+00:00,504921,Dragon Ball Legends,259,1,259.0,259,259,1.0,0,0,0,0
2026-09-30T09:12:38+00:00,115977,The Witcher 3: Wild Hunt,249,7,35.6,14,94,0.378,32,4,8.0,3
2026-09-30T09:12:38+00:00,27284,Retro,243,6,40.5,8.5,201,0.827,15,3,5.0,4
2026-09-30T09:12:38+00:00,1515862749,Disney Dreamlight Valley,237,9,26.3,5,111,0.468,23,6,3.8,5
2026-09-30T09:12:38+00:00,498592,I'm Only Sleeping,233,7,33.3,12,141,0.605,28,4,7.0,3
2026-09-30T09:12:38+00:00,32982,Grand Theft Auto V,233,25,9.3,1,69,0.296,68,22,3.1,21
2026-09-30T09:12:38+00:00,65632,DayZ,232,4,58.0,2.0,227,0.978,1,1,1.0,3
2026-09-30T09:12:38+00:00,490377,Sea of Thieves,229,5,45.8,8,162,0.707,3,2,1.5,3
2026-09-30T09:12:38+00:00,263490,Rust,229,6,38.2,22.0,123,0.537,19,3,6.3,2
2026-09-30T09:12:38+00:00,508455,Valheim,226,18,12.6,3.5,85,0.376,75,15,5.0,11
2026-09-30T09:12:38+00:00,489111,Summoners War: Sky Arena,224,7,32.0,15,97,0.433,34,4,8.5,2
2026-09-30T09:12:38+00:00,1931693784,Pokémon Champions,221,2,110.5,110.5,220,0.995,0,0,0,1
2026-09-30T09:12:38+00:00,511224,Apex Legends,204,15,13.6,2,99,0.485,44,12,3.7,10
2026-09-30T09:12:38+00:00,1329153872,Pokémon Pokopia,201,4,50.2,11.0,178,0.886,1,1,1.0,2
2026-09-30T09:12:38+00:00,1357871551,The Blood of Dawnwalker,190,6,31.7,4.5,169,0.889,6,3,2.0,4
2026-09-30T09:12:38+00:00,27471,Minecraft,170,37,4.6,1,43,0.253,81,34,2.4,33
2026-09-30T09:12:38+00:00,513143,Teamfight Tactics,166,7,23.7,1,153,0.922,4,4,1.0,6
2026-09-30T09:12:38+00:00,464339927,ARC Raiders,160,16,10.0,1.0,106,0.662,31,13,2.4,14
2026-09-30T09:12:38+00:00,11557,The Legend of Zelda: Ocarina of Time,151,3,50.3,8,142,0.94,0,0,0,2
2026-09-30T09:12:38+00:00,66170,Warframe,150,8,18.8,8.0,59,0.393,22,5,4.4,4
2026-09-30T09:12:38+00:00,982017546,Palia,149,4,37.2,8.0,127,0.852,6,1,6.0,3
2026-09-30T09:12:38+00:00,1979693660,Transport Fever 3,142,8,17.8,4.0,66,0.465,12,5,2.4,5
2026-09-30T09:12:38+00:00,515024,Diablo IV,141,8,17.6,6.5,71,0.504,17,5,3.4,6
2026-09-30T09:12:38+00:00,1599346425,Co-working & Studying,139,10,13.9,8.5,37,0.266,50,7,7.1,6
2026-09-30T09:12:38+00:00,509663,Special Events,135,15,9.0,4,37,0.274,62,12,5.2,9
2026-09-30T09:12:38+00:00,404069058,ACE COMBAT 8: WINGS OF THEVE,132,4,33.0,5.0,122,0.924,0,1,0.0,3
2026-09-30T09:12:38+00:00,2012789438,Call of Duty: Black Ops 7,132,13,10.2,2,69,0.523,17,10,1.7,10
2026-09-30T09:12:38+00:00,500188,Hunt: Showdown 1896,125,4,31.2,15.5,93,0.744,1,1,1.0,1
2026-09-30T09:12:38+00:00,10322,FINAL FANTASY X,119,1,119.0,119,119,1.0,0,0,0,0
2026-09-30T09:12:38+00:00,325262960,Rivage,119,3,39.7,23,96,0.807,0,0,0,1
2026-09-30T09:12:38+00:00,13332,Pokémon FireRed/LeafGreen,116,6,19.3,17.0,46,0.397,16,3,5.3,3
2026-09-30T09:12:38+00:00,1282866981,Delta Force,114,7,16.3,3,76,0.667,7,4,1.8,4
2026-09-30T09:12:38+00:00,71375,Star Citizen,114,7,16.3,19,37,0.325,31,4,7.8,2
2026-09-30T09:12:38+00:00,2748,Magic: The Gathering,104,3,34.7,19,75,0.721,0,0,0,0
2026-09-30T09:12:38+00:00,491931,Escape from Tarkov,102,7,14.6,2,81,0.794,6,4,1.5,6
2026-09-30T09:42:36+00:00,21779,League of Legends,13626,73,186.7,2,7711,0.566,3009,70,43.0,52
2026-09-30T09:42:36+00:00,516575,VALORANT,12162,141,86.3,2,4185,0.344,4606,138,33.4,115
2026-09-30T09:42:36+00:00,509672,IRL,10213,15,680.9,13,9662,0.946,240,12,20.0,7
2026-09-30T09:42:36+00:00,509658,Just Chatting,9254,84,110.2,11.0,1540,0.166,5946,81,73.4,38
2026-09-30T09:42:36+00:00,1700534048,I Need to Fix My Dream Car (But I Work at a Junkyard),3776,1,3776.0,3776,3776,1.0,0,0,0,0
2026-09-30T09:42:36+00:00,123184772,EA Sports FC 27,2807,61,46.0,1,783,0.279,834,58,14.4,48
2026-09-30T09:42:36+00:00,417892,Z1: Battle Royale,2245,15,149.7,3,2096,0.934,45,12,3.8,11
2026-09-30T09:42:36+00:00,514888,Crusader Kings III,1972,1,1972.0,1972,1972,1.0,0,0,0,0
2026-09-30T09:42:36+00:00,18122,World of Warcraft,1706,62,27.5,4.0,449,0.263,853,59,14.5,41
2026-09-30T09:42:36+00:00,498566,Slots,1608,4,402.0,231.0,1146,0.713,0,1,0.0,1
2026-09-30T09:42:36+00:00,460630,Rainbow Six Siege,1596,14,114.0,2.0,1491,0.934,46,11,4.2,9
2026-09-30T09:42:36+00:00,32399,Counter-Strike,1542,30,51.4,3.0,450,0.292,540,27,20.0,22
2026-09-30T09:42:36+00:00,20596,Dofus,1540,29,53.1,5,658,0.427,400,26,15.4,19
2026-09-30T09:42:36+00:00,2042681592,Minecraft Dungeons II,1450,13,111.5,6,1009,0.696,119,10,11.9,8
2026-09-30T09:42:36+00:00,499973,Always On,1447,18,80.4,3.5,484,0.334,506,15,33.7,10
2026-09-30T09:42:36+00:00,1254042066,The Witcher 3: Wild Hunt Remastered,1392,33,42.2,3,501,0.36,391,30,13.0,21
2026-09-30T09:42:36+00:00,33214,Fortnite,1006,93,10.8,1,278,0.276,301,90,3.3,85
2026-09-30T09:42:36+00:00,30921,Rocket League,927,45,20.6,1,565,0.609,146,42,3.5,40
2026-09-30T09:42:36+00:00,138585,Hearthstone,810,9,90.0,6,469,0.579,26,6,4.3,5
2026-09-30T09:42:36+00:00,512953,ELDEN RING,795,11,72.3,2,500,0.629,18,8,2.2,8
2026-09-30T09:42:36+00:00,512710,Call of Duty: Warzone,734,36,20.4,3.5,228,0.311,260,33,7.9,24
2026-09-30T09:42:36+00:00,509660,Art,725,48,15.1,9.0,153,0.211,469,45,10.4,26
2026-09-30T09:42:36+00:00,513143,Teamfight Tactics,714,7,102.0,1,645,0.903,4,4,1.0,5
2026-09-30T09:42:36+00:00,209738946,Wuthering Waves,656,19,34.5,3,451,0.688,43,16,2.7,17
2026-09-30T09:42:36+00:00,771448419,AION 2,652,7,93.1,44,261,0.4,86,4,21.5,2
2026-09-30T09:42:36+00:00,1960720223,SILENT HILL: townfall,633,15,42.2,3,359,0.567,74,12,6.2,10
2026-09-30T09:42:36+00:00,1267582829,Aniimo,582,82,7.1,2.0,106,0.182,354,79,4.5,70
2026-09-30T09:42:36+00:00,779192097,Fire Emblem: Fortune's Weave,573,6,95.5,2.5,558,0.974,5,3,1.7,5
2026-09-30T09:42:36+00:00,363211327,Plan B: Terraform,571,1,571.0,571,571,1.0,0,0,0,0
2026-09-30T09:42:36+00:00,513181,Genshin Impact,562,13,43.2,5,346,0.616,54,10,5.4,8
2026-09-30T09:42:36+00:00,743893402,WARDOGS,502,25,20.1,4,238,0.474,90,22,4.1,20
2026-09-30T09:42:36+00:00,491487,Dead by Daylight,501,19,26.4,11,125,0.25,205,16,12.8,9
2026-09-30T09:42:36+00:00,417752,Talk Shows & Podcasts,500,5,100.0,1,388,0.776,1,2,0.5,3
2026-09-30T09:42:36+00:00,515025,Overwatch,388,29,13.4,3,139,0.358,120,26,4.6,23
2026-09-30T09:42:36+00:00,489111,Summoners War: Sky Arena,341,4,85.2,51.0,235,0.689,4,1,4.0,1
2026-09-30T09:42:36+00:00,115977,The Witcher 3: Wild Hunt,309,12,25.8,8.0,89,0.288,90,9,10.0,7
2026-09-30T09:42:36+00:00,31339,Project Zomboid,302,9,33.6,3,253,0.838,18,6,3.0,5
2026-09-30T09:42:36+00:00,27284,Retro,300,7,42.9,12,193,0.643,29,4,7.2,3
2026-09-30T09:42:36+00:00,1931693784,Pokémon Champions,292,3,97.3,2,289,0.99,0,0,0,2
2026-09-30T09:42:36+00:00,504921,Dragon Ball Legends,288,1,288.0,288,288,1.0,0,0,0,0
2026-09-30T09:42:36+00:00,32982,Grand Theft Auto V,274,27,10.1,1,76,0.277,86,24,3.6,22
2026-09-30T09:42:36+00:00,395183857,MXGP 26: The Official Game,269,1,269.0,269,269,1.0,0,0,0,0
2026-09-30T09:42:36+00:00,1329153872,Pokémon Pokopia,252,5,50.4,9,219,0.869,4,2,2.0,3
2026-09-30T09:42:36+00:00,65632,DayZ,247,9,27.4,2,233,0.943,7,6,1.2,8
2026-09-30T09:42:36+00:00,508455,Valheim,235,17,13.8,3,94,0.4,65,14,4.6,11
2026-09-30T09:42:36+00:00,490377,Sea of Thieves,230,4,57.5,34.5,160,0.696,1,1,1.0,1
2026-09-30T09:42:36+00:00,1515862749,Disney Dreamlight Valley,229,9,25.4,5,107,0.467,20,6,3.3,6
2026-09-30T09:42:36+00:00,498592,I'm Only Sleeping,221,5,44.2,11,138,0.624,18,2,9.0,1
2026-09-30T09:42:36+00:00,263490,Rust,201,4,50.2,16.5,167,0.831,1,1,1.0,2
2026-09-30T09:42:36+00:00,511224,Apex Legends,195,21,9.3,2,85,0.436,55,18,3.1,17
2026-09-30T09:42:36+00:00,464339927,ARC Raiders,184,18,10.2,1.0,131,0.712,28,15,1.9,16
2026-09-30T09:42:36+00:00,1901865180,NTE: Neverness to Everness,184,10,18.4,3.0,120,0.652,16,7,2.3,8
2026-09-30T09:42:36+00:00,515024,Diablo IV,169,11,15.4,5,78,0.462,28,8,3.5,9
2026-09-30T09:42:36+00:00,982017546,Palia,168,6,28.0,7.0,129,0.768,14,3,4.7,4
2026-09-30T09:42:36+00:00,27471,Minecraft,164,42,3.9,1.0,44,0.268,64,39,1.6,39
2026-09-30T09:42:36+00:00,1979693660,Transport Fever 3,155,8,19.4,4.5,78,0.503,14,5,2.8,5
2026-09-30T09:42:36+00:00,11557,The Legend of Zelda: Ocarina of Time,154,3,51.3,6,147,0.955,0,0,0,2
2026-09-30T09:42:36+00:00,490413,Board Games,150,1,150.0,150,150,1.0,0,0,0,0
2026-09-30T09:42:36+00:00,66170,Warframe,145,6,24.2,20.5,64,0.441,11,3,3.7,3
2026-09-30T09:42:36+00:00,1599346425,Co-working & Studying,138,9,15.3,8,36,0.261,42,6,7.0,5
2026-09-30T09:42:36+00:00,500188,Hunt: Showdown 1896,135,4,33.8,19.0,95,0.704,2,1,2.0,1
2026-09-30T09:42:36+00:00,2012789438,Call of Duty: Black Ops 7,135,14,9.6,3.0,62,0.459,27,11,2.5,12
2026-09-30T09:42:36+00:00,404069058,ACE COMBAT 8: WINGS OF THEVE,128,5,25.6,5,115,0.898,3,2,1.5,4
2026-09-30T09:42:36+00:00,509663,Special Events,126,16,7.9,4.0,31,0.246,55,13,4.2,10
2026-09-30T09:42:36+00:00,10322,FINAL FANTASY X,124,1,124.0,124,124,1.0,0,0,0,0
2026-09-30T09:42:36+00:00,325262960,Rivage,123,4,30.8,15.0,91,0.74,2,1,2.0,2
2026-09-30T09:42:36+00:00,491931,Escape from Tarkov,118,7,16.9,4,93,0.788,8,4,2.0,5
2026-09-30T09:42:36+00:00,1282866981,Delta Force,113,8,14.1,1.5,88,0.779,5,5,1.0,6
2026-09-30T09:42:36+00:00,71375,Star Citizen,106,6,17.7,18.5,42,0.396,22,3,7.3,2
2026-09-30T09:42:36+00:00,369252,The Sims 4,104,8,13.0,10.5,25,0.24,37,5,7.4,4
2026-09-30T09:42:36+00:00,1441208453,Once Human,103,11,9.4,2,50,0.485,21,8,2.6,8
2026-09-30T10:12:40+00:00,21779,League of Legends,15271,83,184.0,3,8790,0.576,3215,80,40.2,60
2026-09-30T10:12:40+00:00,516575,VALORANT,13204,133,99.3,2,4445,0.337,4930,130,37.9,109
2026-09-30T10:12:40+00:00,509672,IRL,11261,14,804.4,21.5,10680,0.948,273,11,24.8,6
2026-09-30T10:12:40+00:00,509658,Just Chatting,10376,103,100.7,12,1648,0.159,6686,100,66.9,48
2026-09-30T10:12:40+00:00,1700534048,I Need to Fix My Dream Car (But I Work at a Junkyard),3776,1,3776.0,3776,3776,1.0,0,0,0,0
2026-09-30T10:12:40+00:00,417892,Z1: Battle Royale,2564,18,142.4,3.5,2083,0.812,233,15,15.5,11
2026-09-30T10:12:40+00:00,123184772,EA Sports FC 27,2562,57,44.9,1,800,0.312,764,54,14.1,43
2026-09-30T10:12:40+00:00,514888,Crusader Kings III,2032,2,1016.0,1016.0,2031,1.0,0,0,0,1
2026-09-30T10:12:40+00:00,460630,Rainbow Six Siege,1744,15,116.3,2,1629,0.934,50,12,4.2,10
2026-09-30T10:12:40+00:00,499973,Always On,1490,19,78.4,3,536,0.36,491,16,30.7,11
2026-09-30T10:12:40+00:00,20596,Dofus,1456,28,52.0,5.0,580,0.398,345,25,13.8,18
2026-09-30T10:12:40+00:00,18122,World of Warcraft,1455,50,29.1,5.0,426,0.293,591,47,12.6,32
2026-09-30T10:12:40+00:00,32399,Counter-Strike,1368,24,57.0,5.5,482,0.352,454,21,21.6,13
2026-09-30T10:12:40+00:00,1254042066,The Witcher 3: Wild Hunt Remastered,1340,23,58.3,7,484,0.361,342,20,17.1,13
2026-09-30T10:12:40+00:00,33214,Fortnite,1197,105,11.4,1,299,0.25,426,102,4.2,94
2026-09-30T10:12:40+00:00,771448419,AION 2,1192,10,119.2,44.0,567,0.476,225,7,32.1,2
2026-09-30T10:12:40+00:00,2042681592,Minecraft Dungeons II,1109,13,85.3,3,748,0.674,80,10,8.0,8
2026-09-30T10:12:40+00:00,512953,ELDEN RING,853,11,77.5,3,578,0.678,19,8,2.4,8
2026-09-30T10:12:40+00:00,138585,Hearthstone,809,10,80.9,4.5,489,0.604,28,7,4.0,6
2026-09-30T10:12:40+00:00,513143,Teamfight Tactics,704,7,100.6,6,581,0.825,9,4,2.2,5
2026-09-30T10:12:40+00:00,509660,Art,703,41,17.1,10,168,0.239,414,38,10.9,20
2026-09-30T10:12:40+00:00,209738946,Wuthering Waves,665,15,44.3,4,465,0.699,35,12,2.9,12
2026-09-30T10:12:40+00:00,513181,Genshin Impact,644,12,53.7,5.5,406,0.63,59,9,6.6,7
2026-09-30T10:12:40+00:00,1960720223,SILENT HILL: townfall,625,13,48.1,2,345,0.552,61,10,6.1,9
2026-09-30T10:12:40+00:00,743893402,WARDOGS,598,25,23.9,3,256,0.428,125,22,5.7,17
2026-09-30T10:12:40+00:00,779192097,Fire Emblem: Fortune's Weave,568,6,94.7,4.0,547,0.963,5,3,1.7,4
2026-09-30T10:12:40+00:00,508455,Valheim,566,24,23.6,6.0,185,0.327,236,21,11.2,13
2026-09-30T10:12:40+00:00,512710,Call of Duty: Warzone,558,35,15.9,3,216,0.387,238,32,7.4,23
2026-09-30T10:12:40+00:00,30921,Rocket League,553,46,12.0,1.0,218,0.394,108,43,2.5,41
2026-09-30T10:12:40+00:00,363211327,Plan B: Terraform,516,1,516.0,516,516,1.0,0,0,0,0
2026-09-30T10:12:40+00:00,1267582829,Aniimo,504,66,7.6,2.0,98,0.194,275,63,4.4,56
2026-09-30T10:12:40+00:00,417752,Talk Shows & Podcasts,470,3,156.7,1,469,0.998,0,0,0,2
2026-09-30T10:12:40+00:00,395183857,MXGP 26: The Official Game,454,2,227.0,227.0,453,0.998,0,0,0,1
2026-09-30T10:12:40+00:00,498566,Slots,423,2,211.5,211.5,212,0.501,0,0,0,0
2026-09-30T10:12:40+00:00,65632,DayZ,367,7,52.4,1,200,0.545,4,4,1.0,5
2026-09-30T10:12:40+00:00,115977,The Witcher 3: Wild Hunt,355,11,32.3,13,94,0.265,107,8,13.4,5
2026-09-30T10:12:40+00:00,515025,Overwatch,346,27,12.8,2,141,0.408,130,24,5.4,21
2026-09-30T10:12:40+00:00,32982,Grand Theft Auto V,343,26,13.2,1.0,81,0.236,125,23,5.4,19
2026-09-30T10:12:40+00:00,489111,Summoners War: Sky Arena,334,4,83.5,45.0,232,0.695,12,1,12.0,0
2026-09-30T10:12:40+00:00,491487,Dead by Daylight,322,15,21.5,5,132,0.41,87,12,7.2,8
2026-09-30T10:12:40+00:00,504921,Dragon Ball Legends,294,1,294.0,294,294,1.0,0,0,0,0
2026-09-30T10:12:40+00:00,1931693784,Pokémon Champions,282,2,141.0,141.0,281,0.996,0,0,0,1
2026-09-30T10:12:40+00:00,498592,I'm Only Sleeping,249,6,41.5,11.0,162,0.651,14,3,4.7,3
2026-09-30T10:12:40+00:00,1329153872,Pokémon Pokopia,246,5,49.2,11,216,0.878,1,2,0.5,2
2026-09-30T10:12:40+00:00,263490,Rust,240,5,48.0,6,194,0.808,3,2,1.5,3
2026-09-30T10:12:40+00:00,490377,Sea of Thieves,238,4,59.5,38.0,159,0.668,3,1,3.0,1
2026-09-30T10:12:40+00:00,27284,Retro,231,7,33.0,4,201,0.87,11,4,2.8,5
2026-09-30T10:12:40+00:00,464339927,ARC Raiders,204,11,18.5,2,145,0.711,19,8,2.4,8
2026-09-30T10:12:40+00:00,0,Sans catégorie,194,42,4.6,1.0,141,0.727,41,39,1.1,41
2026-09-30T10:12:40+00:00,743,Chess,192,4,48.0,33.5,124,0.646,1,1,1.0,2
2026-09-30T10:12:40+00:00,27471,Minecraft,190,37,5.1,1,46,0.242,65,34,1.9,33
2026-09-30T10:12:40+00:00,11557,The Legend of Zelda: Ocarina of Time,183,4,45.8,1.0,180,0.984,1,1,1.0,3
2026-09-30T10:12:40+00:00,515024,Diablo IV,169,12,14.1,3.5,75,0.444,29,9,3.2,10
2026-09-30T10:12:40+00:00,982017546,Palia,168,6,28.0,9.0,121,0.72,14,3,4.7,3
2026-09-30T10:12:40+00:00,1901865180,NTE: Neverness to Everness,167,15,11.1,1,88,0.527,18,12,1.5,13
2026-09-30T10:12:40+00:00,1515862749,Disney Dreamlight Valley,166,6,27.7,6.0,126,0.759,7,3,2.3,4
2026-09-30T10:12:40+00:00,1979693660,Transport Fever 3,165,8,20.6,4.5,84,0.509,13,5,2.6,5
2026-09-30T10:12:40+00:00,490413,Board Games,164,1,164.0,164,164,1.0,0,0,0,0
2026-09-30T10:12:40+00:00,2012789438,Call of Duty: Black Ops 7,163,9,18.1,6,61,0.374,24,6,4.0,6
2026-09-30T10:12:40+00:00,511224,Apex Legends,156,19,8.2,1,100,0.641,25,16,1.6,16
2026-09-30T10:12:40+00:00,1282866981,Delta Force,156,8,19.5,6.5,100,0.641,16,5,3.2,5
2026-09-30T10:12:40+00:00,369252,The Sims 4,156,8,19.5,9.5,61,0.391,33,5,6.6,4
2026-09-30T10:12:40+00:00,404069058,ACE COMBAT 8: WINGS OF THEVE,154,5,30.8,5,137,0.89,2,2,1.0,3
2026-09-30T10:12:40+00:00,509663,Special Events,152,17,8.9,4,39,0.257,65,14,4.6,11
2026-09-30T10:12:40+00:00,66170,Warframe,143,4,35.8,32.5,75,0.524,3,1,3.0,1
2026-09-30T10:12:40+00:00,10322,FINAL FANTASY X,136,1,136.0,136,136,1.0,0,0,0,0
2026-09-30T10:12:40+00:00,325643410,Crack the Pack,131,1,131.0,131,131,1.0,0,0,0,0
2026-09-30T10:12:40+00:00,509673,Makers & Crafting,124,9,13.8,13,26,0.21,56,6,9.3,2
2026-09-30T10:12:40+00:00,1599346425,Co-working & Studying,114,8,14.2,11.0,32,0.281,33,5,6.6,4
2026-09-30T10:12:40+00:00,32959,Heroes of the Storm,108,5,21.6,7,85,0.787,7,2,3.5,4
2026-09-30T10:12:40+00:00,13332,Pokémon FireRed/LeafGreen,107,6,17.8,15.0,38,0.355,6,3,2.0,3
2026-09-30T10:12:40+00:00,491931,Escape from Tarkov,104,4,26.0,6.5,90,0.865,1,1,1.0,3
2026-09-30T10:12:40+00:00,500188,Hunt: Showdown 1896,103,2,51.5,51.5,102,0.99,0,0,0,1
2026-09-30T10:43:02+00:00,21779,League of Legends,16611,81,205.1,3,9812,0.591,3343,78,42.9,59
2026-09-30T10:43:02+00:00,516575,VALORANT,16087,143,112.5,1,5397,0.335,5894,140,42.1,119
2026-09-30T10:43:02+00:00,509672,IRL,12814,18,711.9,11.0,12117,0.946,368,15,24.5,9
2026-09-30T10:43:02+00:00,509658,Just Chatting,9570,96,99.7,20.0,1545,0.161,6673,93,71.8,40
2026-09-30T10:43:02+00:00,1700534048,I Need to Fix My Dream Car (But I Work at a Junkyard),3770,1,3770.0,3770,3770,1.0,0,0,0,0
2026-09-30T10:43:02+00:00,417892,Z1: Battle Royale,2979,17,175.2,3,2115,0.71,252,14,18.0,10
2026-09-30T10:43:02+00:00,123184772,EA Sports FC 27,2672,76,35.2,1.0,774,0.29,760,73,10.4,61
2026-09-30T10:43:02+00:00,514888,Crusader Kings III,2049,2,1024.5,1024.5,2048,1.0,0,0,0,1
2026-09-30T10:43:02+00:00,460630,Rainbow Six Siege,1879,18,104.4,2.0,1762,0.938,56,15,3.7,13
2026-09-30T10:43:02+00:00,771448419,AION 2,1761,11,160.1,61,648,0.368,383,8,47.9,3
2026-09-30T10:43:02+00:00,499973,Always On,1565,19,82.4,5,516,0.33,508,16,31.8,10
2026-09-30T10:43:02+00:00,18122,World of Warcraft,1540,53,29.1,5,439,0.285,646,50,12.9,34
2026-09-30T10:43:02+00:00,20596,Dofus,1438,28,51.4,4.5,564,0.392,329,25,13.2,19
2026-09-30T10:43:02+00:00,474709880,STAR WARS: Galactic Racer,1429,2,714.5,714.5,1386,0.97,0,0,0,0
2026-09-30T10:43:02+00:00,33214,Fortnite,1403,108,13.0,1.0,319,0.227,521,105,5.0,96
2026-09-30T10:43:02+00:00,2042681592,Minecraft Dungeons II,1203,12,100.2,18.0,780,0.648,143,9,15.9,6
2026-09-30T10:43:02+00:00,209738946,Wuthering Waves,1101,16,68.8,3.5,501,0.455,41,13,3.2,13
2026-09-30T10:43:02+00:00,512953,ELDEN RING,1007,12,83.9,3.5,677,0.672,24,9,2.7,9
2026-09-30T10:43:02+00:00,1254042066,The Witcher 3: Wild Hunt Remastered,1007,28,36.0,4.0,498,0.495,299,25,12.0,19
2026-09-30T10:43:02+00:00,32399,Counter-Strike,972,23,42.3,5,262,0.27,228,20,11.4,16
2026-09-30T10:43:02+00:00,30921,Rocket League,932,51,18.3,1,279,0.299,233,48,4.9,44
2026-09-30T10:43:02+00:00,138585,Hearthstone,845,10,84.5,5.0,532,0.63,26,7,3.7,6
2026-09-30T10:43:02+00:00,743893402,WARDOGS,793,30,26.4,3.0,246,0.31,295,27,10.9,19
2026-09-30T10:43:02+00:00,513143,Teamfight Tactics,725,6,120.8,11.0,569,0.785,17,3,5.7,3
2026-09-30T10:43:02+00:00,1267582829,Aniimo,670,79,8.5,2,132,0.197,365,76,4.8,67
2026-09-30T10:43:02+00:00,508455,Valheim,585,26,22.5,4.0,164,0.28,258,23,11.2,15
2026-09-30T10:43:02+00:00,512710,Call of Duty: Warzone,581,41,14.2,2,270,0.465,218,38,5.7,29
2026-09-30T10:43:02+00:00,779192097,Fire Emblem: Fortune's Weave,564,6,94.0,3.0,544,0.965,4,3,1.3,4
2026-09-30T10:43:02+00:00,509660,Art,531,28,19.0,9.0,186,0.35,247,25,9.9,15
2026-09-30T10:43:02+00:00,363211327,Plan B: Terraform,521,1,521.0,521,521,1.0,0,0,0,0
2026-09-30T10:43:02+00:00,491487,Dead by Daylight,513,16,32.1,9.0,154,0.3,149,13,11.5,8
2026-09-30T10:43:02+00:00,395183857,MXGP 26: The Official Game,512,2,256.0,256.0,511,0.998,0,0,0,1
2026-09-30T10:43:02+00:00,1044890345,Pokémon Infinite Fusion,511,1,511.0,511,511,1.0,0,0,0,0
2026-09-30T10:43:02+00:00,1960720223,SILENT HILL: townfall,459,15,30.6,3,326,0.71,39,12,3.2,11
2026-09-30T10:43:02+00:00,65632,DayZ,435,9,48.3,2,224,0.515,8,6,1.3,7
2026-09-30T10:43:02+00:00,498566,Slots,418,2,209.0,209.0,212,0.507,0,0,0,0
2026-09-30T10:43:02+00:00,32982,Grand Theft Auto V,417,37,11.3,1,98,0.235,159,34,4.7,31
2026-09-30T10:43:02+00:00,489111,Summoners War: Sky Arena,359,3,119.7,71,271,0.755,0,0,0,0
2026-09-30T10:43:02+00:00,515025,Overwatch,354,26,13.6,3.0,163,0.46,109,23,4.7,20
2026-09-30T10:43:02+00:00,115977,The Witcher 3: Wild Hunt,336,13,25.8,7,85,0.253,111,10,11.1,8
2026-09-30T10:43:02+00:00,263490,Rust,302,6,50.3,8.0,248,0.821,6,3,2.0,3
2026-09-30T10:43:02+00:00,1931693784,Pokémon Champions,298,3,99.3,1,296,0.993,0,0,0,2
2026-09-30T10:43:02+00:00,511224,Apex Legends,270,26,10.4,1.0,97,0.359,51,23,2.2,22
2026-09-30T10:43:02+00:00,513181,Genshin Impact,268,12,22.3,5.5,164,0.612,47,9,5.2,8
2026-09-30T10:43:02+00:00,490377,Sea of Thieves,266,5,53.2,23,189,0.711,3,2,1.5,2
2026-09-30T10:43:02+00:00,498592,I'm Only Sleeping,255,5,51.0,13,171,0.671,10,2,5.0,2
2026-09-30T10:43:02+00:00,27284,Retro,244,6,40.7,6.5,214,0.877,12,3,4.0,4
2026-09-30T10:43:02+00:00,464339927,ARC Raiders,239,11,21.7,4,171,0.715,30,8,3.8,8
2026-09-30T10:43:02+00:00,489405,Dragon Ball Z: Dokkan Battle,234,2,117.0,117.0,232,0.991,0,0,0,1
2026-09-30T10:43:02+00:00,0,Sans catégorie,234,46,5.1,1.0,175,0.748,45,43,1.0,45
2026-09-30T10:43:02+00:00,1329153872,Pokémon Pokopia,230,4,57.5,14.5,197,0.857,4,1,4.0,1
2026-09-30T10:43:02+00:00,1427027827,Ravenswatch,212,1,212.0,212,212,1.0,0,0,0,0
2026-09-30T10:43:02+00:00,27471,Minecraft,210,37,5.7,2,52,0.248,63,34,1.9,34
2026-09-30T10:43:02+00:00,11557,The Legend of Zelda: Ocarina of Time,202,6,33.7,4.5,181,0.896,7,3,2.3,5
2026-09-30T10:43:02+00:00,1282866981,Delta Force,185,10,18.5,5.0,104,0.562,31,7,4.4,6
2026-09-30T10:43:02+00:00,509663,Special Events,181,17,10.6,5,39,0.215,89,14,6.4,10
2026-09-30T10:43:02+00:00,1901865180,NTE: Neverness to Everness,177,15,11.8,1,76,0.429,19,12,1.6,12
2026-09-30T10:43:02+00:00,1751366933,Riftbound,174,2,87.0,87.0,113,0.649,0,0,0,0
2026-09-30T10:43:02+00:00,1979693660,Transport Fever 3,169,9,18.8,4,99,0.586,16,6,2.7,6
2026-09-30T10:43:02+00:00,515024,Diablo IV,169,13,13.0,2,83,0.491,21,10,2.1,11
2026-09-30T10:43:02+00:00,369252,The Sims 4,168,5,33.6,10,90,0.536,11,2,5.5,2
2026-09-30T10:43:02+00:00,490413,Board Games,163,2,81.5,81.5,153,0.939,0,0,0,0
2026-09-30T10:43:02+00:00,982017546,Palia,163,6,27.2,4.5,123,0.755,9,3,3.0,4
2026-09-30T10:43:02+00:00,1515862749,Disney Dreamlight Valley,159,5,31.8,7,131,0.824,2,2,1.0,3
2026-09-30T10:43:02+00:00,404069058,ACE COMBAT 8: WINGS OF THEVE,152,5,30.4,3,137,0.901,3,2,1.5,4
2026-09-30T10:43:02+00:00,29595,Dota 2,151,1,151.0,151,151,1.0,0,0,0,0
2026-09-30T10:43:02+00:00,2012789438,Call of Duty: Black Ops 7,147,11,13.4,3,56,0.381,18,8,2.2,8
2026-09-30T10:43:02+00:00,500188,Hunt: Showdown 1896,142,4,35.5,18.5,104,0.732,1,1,1.0,2
2026-09-30T10:43:02+00:00,491931,Escape from Tarkov,134,7,19.1,10,92,0.687,17,4,4.2,3
2026-09-30T10:43:02+00:00,10322,FINAL FANTASY X,129,1,129.0,129,129,1.0,0,0,0,0
2026-09-30T10:43:02+00:00,32959,Heroes of the Storm,127,4,31.8,10.0,104,0.819,3,1,3.0,2
2026-09-30T10:43:02+00:00,13332,Pokémon FireRed/LeafGreen,118,4,29.5,33.0,48,0.407,4,1,4.0,1
2026-09-30T10:43:02+00:00,451007760,My Hero Ultra Rumble,113,5,22.6,6,89,0.788,8,2,4.0,3
2026-09-30T10:43:02+00:00,325643410,Crack the Pack,112,1,112.0,112,112,1.0,0,0,0,0
2026-09-30T10:43:02+00:00,897166081,Nivalis Nights,108,3,36.0,16,90,0.833,0,0,0,1
2026-09-30T11:12:37+00:00,516575,VALORANT,20402,171,119.3,1,6779,0.332,7484,168,44.5,147
2026-09-30T11:12:37+00:00,509658,Just Chatting,18142,113,160.5,12,5553,0.306,9461,110,86.0,52
2026-09-30T11:12:37+00:00,21779,League of Legends,15827,87,181.9,3,10795,0.682,2599,84,30.9,66
2026-09-30T11:12:37+00:00,509672,IRL,13643,18,757.9,27.5,12617,0.925,522,15,34.8,7
2026-09-30T11:12:37+00:00,1700534048,I Need to Fix My Dream Car (But I Work at a Junkyard),3490,1,3490.0,3490,3490,1.0,0,0,0,0
2026-09-30T11:12:37+00:00,417892,Z1: Battle Royale,3228,22,146.7,3.5,2116,0.656,344,19,18.1,13
2026-09-30T11:12:37+00:00,123184772,EA Sports FC 27,2619,78,33.6,1.0,804,0.307,556,75,7.4,65
2026-09-30T11:12:37+00:00,474709880,STAR WARS: Galactic Racer,2417,3,805.7,57,2338,0.967,0,0,0,0
2026-09-30T11:12:37+00:00,771448419,AION 2,2147,14,153.4,65.0,698,0.325,676,11,61.5,2
2026-09-30T11:12:37+00:00,514888,Crusader Kings III,1902,3,634.0,8,1893,0.995,0,0,0,2
2026-09-30T11:12:37+00:00,499973,Always On,1728,18,96.0,11.0,561,0.325,661,15,44.1,9
2026-09-30T11:12:37+00:00,498566,Slots,1583,4,395.8,209.0,978,0.618,187,1,187.0,0
2026-09-30T11:12:37+00:00,20596,Dofus,1539,25,61.6,12,553,0.359,442,22,20.1,12
2026-09-30T11:12:37+00:00,460630,Rainbow Six Siege,1482,17,87.2,1,1356,0.915,57,14,4.1,12
2026-09-30T11:12:37+00:00,18122,World of Warcraft,1480,48,30.8,5.0,352,0.238,651,45,14.5,30
2026-09-30T11:12:37+00:00,33214,Fortnite,1374,133,10.3,1,291,0.212,539,130,4.1,120
2026-09-30T11:12:37+00:00,1254042066,The Witcher 3: Wild Hunt Remastered,1175,31,37.9,4,438,0.373,487,28,17.4,20
2026-09-30T11:12:37+00:00,2042681592,Minecraft Dungeons II,1168,16,73.0,5.0,765,0.655,98,13,7.5,11
2026-09-30T11:12:37+00:00,30921,Rocket League,1127,61,18.5,2,311,0.276,386,58,6.7,54
2026-09-30T11:12:37+00:00,512953,ELDEN RING,975,13,75.0,2,692,0.71,24,10,2.4,10
2026-09-30T11:12:37+00:00,209738946,Wuthering Waves,972,19,51.2,4,450,0.463,91,16,5.7,15
2026-09-30T11:12:37+00:00,743893402,WARDOGS,827,28,29.5,2.5,236,0.285,317,25,12.7,19
2026-09-30T11:12:37+00:00,32399,Counter-Strike,727,21,34.6,2,269,0.37,119,18,6.6,14
2026-09-30T11:12:37+00:00,138585,Hearthstone,705,8,88.1,5.0,536,0.76,13,5,2.6,5
2026-09-30T11:12:37+00:00,509660,Art,704,28,25.1,11.0,209,0.297,315,25,12.6,12
2026-09-30T11:12:37+00:00,513143,Teamfight Tactics,703,12,58.6,7.5,484,0.688,55,9,6.1,7
2026-09-30T11:12:37+00:00,1267582829,Aniimo,632,66,9.6,3.0,152,0.241,331,63,5.3,53
2026-09-30T11:12:37+00:00,508455,Valheim,616,25,24.6,5,161,0.261,262,22,11.9,14
2026-09-30T11:12:37+00:00,395183857,MXGP 26: The Official Game,591,2,295.5,295.5,589,0.997,0,0,0,1
2026-09-30T11:12:37+00:00,1044890345,Pokémon Infinite Fusion,558,1,558.0,558,558,1.0,0,0,0,0
2026-09-30T11:12:37+00:00,512710,Call of Duty: Warzone,551,44,12.5,3.0,222,0.403,241,41,5.9,32
2026-09-30T11:12:37+00:00,779192097,Fire Emblem: Fortune's Weave,540,7,77.1,5,511,0.946,9,4,2.2,5
2026-09-30T11:12:37+00:00,511224,Apex Legends,516,26,19.8,1.5,378,0.733,50,23,2.2,22
2026-09-30T11:12:37+00:00,32982,Grand Theft Auto V,472,42,11.2,1.5,112,0.237,180,39,4.6,34
2026-09-30T11:12:37+00:00,1960720223,SILENT HILL: townfall,468,13,36.0,2,341,0.729,34,10,3.4,9
2026-09-30T11:12:37+00:00,65632,DayZ,450,9,50.0,3,242,0.538,9,6,1.5,7
2026-09-30T11:12:37+00:00,491487,Dead by Daylight,448,16,28.0,6.0,226,0.504,108,13,8.3,9
2026-09-30T11:12:37+00:00,489111,Summoners War: Sky Arena,427,3,142.3,72,343,0.803,0,0,0,0
2026-09-30T11:12:37+00:00,1901865180,NTE: Neverness to Everness,388,16,24.2,2.0,204,0.526,40,13,3.1,12
2026-09-30T11:12:37+00:00,515025,Overwatch,332,24,13.8,1.0,181,0.545,63,21,3.0,19
2026-09-30T11:12:37+00:00,0,Sans catégorie,312,50,6.2,1.0,234,0.75,65,47,1.4,49
2026-09-30T11:12:37+00:00,115977,The Witcher 3: Wild Hunt,310,18,17.2,3.5,75,0.242,102,15,6.8,13
2026-09-30T11:12:37+00:00,513181,Genshin Impact,309,19,16.3,4,173,0.56,78,16,4.9,14
2026-09-30T11:12:37+00:00,27471,Minecraft,309,45,6.9,2,61,0.197,135,42,3.2,41
2026-09-30T11:12:37+00:00,263490,Rust,291,5,58.2,6,239,0.821,2,2,1.0,3
2026-09-30T11:12:37+00:00,490377,Sea of Thieves,287,5,57.4,17,212,0.739,3,2,1.5,2
2026-09-30T11:12:37+00:00,464339927,ARC Raiders,277,12,23.1,4.0,180,0.65,36,9,4.0,9
2026-09-30T11:12:37+00:00,489405,Dragon Ball Z: Dokkan Battle,248,2,124.0,124.0,247,0.996,0,0,0,1
2026-09-30T11:12:37+00:00,498592,I'm Only Sleeping,235,5,47.0,13,152,0.647,8,2,4.0,2
2026-09-30T11:12:37+00:00,27284,Retro,226,4,56.5,12.0,196,0.867,6,1,6.0,2
2026-09-30T11:12:37+00:00,1282866981,Delta Force,212,10,21.2,6.0,105,0.495,36,7,5.1,6
2026-09-30T11:12:37+00:00,743,Chess,211,3,70.3,4,205,0.972,0,0,0,2
2026-09-30T11:12:37+00:00,1329153872,Pokémon Pokopia,211,3,70.3,17,188,0.891,0,0,0,1
2026-09-30T11:12:37+00:00,1515862749,Disney Dreamlight Valley,191,7,27.3,13,126,0.66,20,4,5.0,3
2026-09-30T11:12:37+00:00,2012789438,Call of Duty: Black Ops 7,171,10,17.1,1.5,99,0.579,11,7,1.6,8
2026-09-30T11:12:37+00:00,982017546,Palia,170,6,28.3,6.0,121,0.712,11,3,3.7,4
2026-09-30T11:12:37+00:00,1751366933,Riftbound,170,2,85.0,85.0,108,0.635,0,0,0,0
2026-09-30T11:12:37+00:00,404069058,ACE COMBAT 8: WINGS OF THEVE,163,5,32.6,4,141,0.865,2,2,1.0,3
2026-09-30T11:12:37+00:00,515024,Diablo IV,161,11,14.6,3,81,0.503,16,8,2.0,9
2026-09-30T11:12:37+00:00,369252,The Sims 4,149,6,24.8,9.5,74,0.497,14,3,4.7,3
2026-09-30T11:12:37+00:00,500188,Hunt: Showdown 1896,147,4,36.8,22.5,101,0.687,1,1,1.0,1
2026-09-30T11:12:37+00:00,509663,Special Events,146,18,8.1,6.0,27,0.185,78,15,5.2,13
2026-09-30T11:12:37+00:00,29595,Dota 2,145,2,72.5,72.5,143,0.986,0,0,0,1
2026-09-30T11:12:37+00:00,1982936547,Pokémon,142,2,71.0,71.0,139,0.979,0,0,0,1
2026-09-30T11:12:37+00:00,32959,Heroes of the Storm,138,5,27.6,13,106,0.768,4,2,2.0,2
2026-09-30T11:12:37+00:00,491931,Escape from Tarkov,133,8,16.6,7.0,91,0.684,20,5,4.0,6
2026-09-30T11:12:37+00:00,10322,FINAL FANTASY X,131,1,131.0,131,131,1.0,0,0,0,0
2026-09-30T11:12:37+00:00,897166081,Nivalis Nights,130,3,43.3,15,112,0.862,0,0,0,1
2026-09-30T11:12:37+00:00,13332,Pokémon FireRed/LeafGreen,130,4,32.5,31.0,62,0.477,6,1,6.0,1
2026-09-30T11:12:37+00:00,1427027827,Ravenswatch,129,1,129.0,129,129,1.0,0,0,0,0
2026-09-30T11:12:37+00:00,1979693660,Transport Fever 3,129,9,14.3,5,92,0.713,20,6,3.3,7
2026-09-30T11:12:37+00:00,451007760,My Hero Ultra Rumble,120,9,13.3,2,100,0.833,10,6,1.7,8
2026-09-30T11:12:37+00:00,21136,WAKFU,111,5,22.2,13,66,0.595,12,2,6.0,2
2026-09-30T11:12:37+00:00,1981388235,The Legend of Zelda: Tears of the Kingdom - Nintendo Switch 2 Edition,106,1,106.0,106,106,1.0,0,0,0,0
2026-09-30T11:12:37+00:00,417528,Albion Online,105,5,21.0,21,50,0.476,11,2,5.5,2
2026-09-30T11:12:37+00:00,325643410,Crack the Pack,101,1,101.0,101,101,1.0,0,0,0,0
2026-09-30T11:42:38+00:00,509658,Just Chatting,16492,115,143.4,6,8392,0.509,6359,112,56.8,62
2026-09-30T11:42:38+00:00,509672,IRL,16309,20,815.5,20.5,15174,0.93,484,17,28.5,10
2026-09-30T11:42:38+00:00,21779,League of Legends,16231,93,174.5,2,11840,0.729,1870,90,20.8,73
2026-09-30T11:42:38+00:00,516575,VALORANT,14325,217,66.0,2,4374,0.305,5589,214,26.1,194
2026-09-30T11:42:38+00:00,18122,World of Warcraft,3432,54,63.6,4.5,2008,0.585,699,51,13.7,35
2026-09-30T11:42:38+00:00,1700534048,I Need to Fix My Dream Car (But I Work at a Junkyard),3333,1,3333.0,3333,3333,1.0,0,0,0,0
2026-09-30T11:42:38+00:00,123184772,EA Sports FC 27,2910,78,37.3,1.0,1048,0.36,569,75,7.6,65
2026-09-30T11:42:38+00:00,474709880,STAR WARS: Galactic Racer,2800,2,1400.0,1400.0,2737,0.978,0,0,0,0
2026-09-30T11:42:38+00:00,771448419,AION 2,2361,16,147.6,59.5,721,0.305,845,13,65.0,3
2026-09-30T11:42:38+00:00,514888,Crusader Kings III,1943,1,1943.0,1943,1943,1.0,0,0,0,0
2026-09-30T11:42:38+00:00,508509,Codenames,1926,2,963.0,963.0,1281,0.665,0,0,0,0
2026-09-30T11:42:38+00:00,499973,Always On,1653,18,91.8,11.5,562,0.34,586,15,39.1,9
2026-09-30T11:42:38+00:00,20596,Dofus,1636,34,48.1,5.5,569,0.348,548,31,17.7,20
2026-09-30T11:42:38+00:00,417892,Z1: Battle Royale,1556,23,67.7,2,759,0.488,174,20,8.7,16
2026-09-30T11:42:38+00:00,30921,Rocket League,1460,73,20.0,2,489,0.335,415,70,5.9,66
2026-09-30T11:42:38+00:00,460630,Rainbow Six Siege,1412,20,70.6,2.0,1296,0.918,54,17,3.2,16
2026-09-30T11:42:38+00:00,1254042066,The Witcher 3: Wild Hunt Remastered,1310,29,45.2,4,441,0.337,490,26,18.8,20
2026-09-30T11:42:38+00:00,33214,Fortnite,1275,159,8.0,1,335,0.263,505,156,3.2,144
2026-09-30T11:42:38+00:00,743893402,WARDOGS,1245,34,36.6,3.0,384,0.308,450,31,14.5,23
2026-09-30T11:42:38+00:00,2042681592,Minecraft Dungeons II,1216,22,55.3,2.5,699,0.575,178,19,9.4,15
2026-09-30T11:42:38+00:00,512953,ELDEN RING,1052,15,70.1,2,731,0.695,68,12,5.7,11
2026-09-30T11:42:38+00:00,32399,Counter-Strike,849,31,27.4,2,278,0.327,257,28,9.2,25
2026-09-30T11:42:38+00:00,209738946,Wuthering Waves,802,20,40.1,4.0,413,0.515,71,17,4.2,16
2026-09-30T11:42:38+00:00,138585,Hearthstone,743,6,123.8,6.5,557,0.75,7,3,2.3,4
2026-09-30T11:42:38+00:00,508455,Valheim,664,27,24.6,7,154,0.232,318,24,13.2,16
2026-09-30T11:42:38+00:00,1044890345,Pokémon Infinite Fusion,627,1,627.0,627,627,1.0,0,0,0,0
2026-09-30T11:42:38+00:00,511224,Apex Legends,624,35,17.8,1,527,0.845,65,32,2.0,31
2026-09-30T11:42:38+00:00,512710,Call of Duty: Warzone,609,45,13.5,2,263,0.432,242,42,5.8,32
2026-09-30T11:42:38+00:00,1960720223,SILENT HILL: townfall,600,16,37.5,1.5,333,0.555,79,13,6.1,11
2026-09-30T11:42:38+00:00,32982,Grand Theft Auto V,600,48,12.5,2.0,183,0.305,224,45,5.0,39
2026-09-30T11:42:38+00:00,498566,Slots,569,3,189.7,187,196,0.344,0,0,0,0
2026-09-30T11:42:38+00:00,779192097,Fire Emblem: Fortune's Weave,544,8,68.0,2.5,516,0.949,9,5,1.8,6
2026-09-30T11:42:38+00:00,509660,Art,528,26,20.3,6.5,141,0.267,212,23,9.2,15
2026-09-30T11:42:38+00:00,65632,DayZ,469,9,52.1,3,265,0.565,10,6,1.7,7
2026-09-30T11:42:38+00:00,1267582829,Aniimo,454,76,6.0,1.0,84,0.185,257,73,3.5,66
2026-09-30T11:42:38+00:00,417752,Talk Shows & Podcasts,443,3,147.7,1,442,0.998,0,0,0,2
2026-09-30T11:42:38+00:00,491487,Dead by Daylight,441,19,23.2,4,222,0.503,117,16,7.3,12
2026-09-30T11:42:38+00:00,27471,Minecraft,433,62,7.0,1.0,102,0.236,209,59,3.5,55
2026-09-30T11:42:38+00:00,464339927,ARC Raiders,384,16,24.0,3.0,196,0.51,42,13,3.2,12
2026-09-30T11:42:38+00:00,489111,Summoners War: Sky Arena,373,2,186.5,186.5,362,0.971,0,0,0,0
2026-09-30T11:42:38+00:00,596701144,Corsair Cove,363,1,363.0,363,363,1.0,0,0,0,0
2026-09-30T11:42:38+00:00,0,Sans catégorie,356,58,6.1,1.0,274,0.77,71,55,1.3,57
2026-09-30T11:42:38+00:00,1901865180,NTE: Neverness to Everness,349,17,20.5,2,238,0.682,29,14,2.1,14
2026-09-30T11:42:38+00:00,115977,The Witcher 3: Wild Hunt,349,19,18.4,6,77,0.221,132,16,8.2,13
2026-09-30T11:42:38+00:00,515025,Overwatch,339,27,12.6,3,171,0.504,71,24,3.0,23
2026-09-30T11:42:38+00:00,513181,Genshin Impact,320,17,18.8,3,198,0.619,64,14,4.6,12
2026-09-30T11:42:38+00:00,490377,Sea of Thieves,310,4,77.5,23.5,260,0.839,3,1,3.0,2
2026-09-30T11:42:38+00:00,263490,Rust,278,6,46.3,4.0,231,0.831,5,3,1.7,4
2026-09-30T11:42:38+00:00,498592,I'm Only Sleeping,252,5,50.4,15,165,0.655,8,2,4.0,2
2026-09-30T11:42:38+00:00,759,Harvester,243,1,243.0,243,243,1.0,0,0,0,0
2026-09-30T11:42:38+00:00,515024,Diablo IV,233,12,19.4,3.0,77,0.33,24,9,2.7,9
2026-09-30T11:42:38+00:00,500188,Hunt: Showdown 1896,230,8,28.8,19.5,91,0.396,48,5,9.6,3
2026-09-30T11:42:38+00:00,743,Chess,228,1,228.0,228,228,1.0,0,0,0,0
2026-09-30T11:42:38+00:00,513143,Teamfight Tactics,226,12,18.8,3.0,136,0.602,33,9,3.7,8
2026-09-30T11:42:38+00:00,1515862749,Disney Dreamlight Valley,223,5,44.6,20,119,0.534,20,2,10.0,1
2026-09-30T11:42:38+00:00,982017546,Palia,212,7,30.3,13,119,0.561,36,4,9.0,2
2026-09-30T11:42:38+00:00,1282866981,Delta Force,208,8,26.0,3.5,130,0.625,9,5,1.8,5
2026-09-30T11:42:38+00:00,509663,Special Events,205,26,7.9,5.5,33,0.161,124,23,5.4,19
2026-09-30T11:42:38+00:00,27284,Retro,189,3,63.0,3,185,0.979,0,0,0,2
2026-09-30T11:42:38+00:00,1329153872,Pokémon Pokopia,189,3,63.0,11,174,0.921,0,0,0,1
2026-09-30T11:42:38+00:00,369252,The Sims 4,177,9,19.7,4,101,0.571,17,6,2.8,7
2026-09-30T11:42:38+00:00,561013832,Pokémon Legends: Arceus,170,1,170.0,170,170,1.0,0,0,0,0
2026-09-30T11:42:38+00:00,404069058,ACE COMBAT 8: WINGS OF THEVE,167,5,33.4,6,140,0.838,4,2,2.0,3
2026-09-30T11:42:38+00:00,504463,Tom Clancy's The Division 2,149,11,13.5,2,94,0.631,11,8,1.4,8
2026-09-30T11:42:38+00:00,491931,Escape from Tarkov,147,7,21.0,10,91,0.619,27,4,6.8,3
2026-09-30T11:42:38+00:00,29595,Dota 2,146,1,146.0,146,146,1.0,0,0,0,0
2026-09-30T11:42:38+00:00,32959,Heroes of the Storm,141,4,35.2,10.0,114,0.809,7,1,7.0,1
2026-09-30T11:42:38+00:00,1751366933,Riftbound,138,1,138.0,138,138,1.0,0,0,0,0
2026-09-30T11:42:38+00:00,13332,Pokémon FireRed/LeafGreen,135,3,45.0,40,70,0.519,0,0,0,0
2026-09-30T11:42:38+00:00,417528,Albion Online,134,6,22.3,17.0,61,0.455,15,3,5.0,3
2026-09-30T11:42:38+00:00,897166081,Nivalis Nights,133,3,44.3,14,117,0.88,0,0,0,1
2026-09-30T11:42:38+00:00,1979693660,Transport Fever 3,130,7,18.6,5,101,0.777,10,4,2.5,5
2026-09-30T11:42:38+00:00,451007760,My Hero Ultra Rumble,129,11,11.7,3,87,0.674,20,8,2.5,9
2026-09-30T11:42:38+00:00,1982936547,Pokémon,122,1,122.0,122,122,1.0,0,0,0,0
2026-09-30T11:42:38+00:00,24241,FINAL FANTASY XIV ONLINE,120,10,12.0,7.5,47,0.392,33,7,4.7,6
2026-09-30T11:42:38+00:00,1599346425,Co-working & Studying,116,10,11.6,7.5,33,0.284,36,7,5.1,6
2026-09-30T11:42:38+00:00,71375,Star Citizen,109,5,21.8,15,70,0.642,5,2,2.5,2
