ts_utc,game_id,game_name,viewers,channels,avg_viewers,median_viewers,top1_viewers,top1_share,viewers_hors_top3,channels_hors_top3,avg_hors_top3,channels_lt10
2026-09-13T00:12:33+00:00,509658,Just Chatting,16622,216,77.0,5.0,4629,0.278,8461,213,39.7,137
2026-09-13T00:12:33+00:00,32982,Grand Theft Auto V,13578,311,43.7,3,2878,0.212,8581,308,27.9,233
2026-09-13T00:12:33+00:00,18122,World of Warcraft,12975,35,370.7,4,9976,0.769,436,32,13.6,25
2026-09-13T00:12:33+00:00,516575,VALORANT,12359,301,41.1,2,7756,0.628,2942,298,9.9,258
2026-09-13T00:12:33+00:00,1910993272,Bodycam,10056,1,10056.0,10056,10056,1.0,0,0,0,0
2026-09-13T00:12:33+00:00,743893402,WARDOGS,7181,124,57.9,2.0,3889,0.542,1048,121,8.7,103
2026-09-13T00:12:33+00:00,515025,Overwatch,5352,67,79.9,3,4524,0.845,393,64,6.1,52
2026-09-13T00:12:33+00:00,509663,Special Events,4984,12,415.3,32.5,4214,0.846,288,9,32.0,2
2026-09-13T00:12:33+00:00,509672,IRL,4568,19,240.4,20,1541,0.337,1057,16,66.1,7
2026-09-13T00:12:33+00:00,21779,League of Legends,4264,135,31.6,2,1298,0.304,1351,132,10.2,108
2026-09-13T00:12:33+00:00,1763263,nanos world,3239,37,87.5,7,2359,0.728,582,34,17.1,20
2026-09-13T00:12:33+00:00,602040818,NBA 2K27,1545,21,73.6,1,1393,0.902,42,18,2.3,17
2026-09-13T00:12:33+00:00,327598602,Onimusha: Way of the Sword,1325,29,45.7,1,1021,0.771,56,26,2.2,25
2026-09-13T00:12:33+00:00,18846,Garry's Mod,1285,29,44.3,4,770,0.599,287,26,11.0,21
2026-09-13T00:12:33+00:00,417752,Talk Shows & Podcasts,1141,2,570.5,570.5,1140,0.999,0,0,0,1
2026-09-13T00:12:33+00:00,138585,Hearthstone,1127,4,281.8,53.5,1019,0.904,1,1,1.0,2
2026-09-13T00:12:33+00:00,33214,Fortnite,979,222,4.4,1.0,227,0.232,567,219,2.6,210
2026-09-13T00:12:33+00:00,499973,Always On,861,23,37.4,3,363,0.422,219,20,10.9,15
2026-09-13T00:12:33+00:00,17828,The Legend of Zelda: Twilight Princess,848,2,424.0,424.0,846,0.998,0,0,0,1
2026-09-13T00:12:33+00:00,417528,Albion Online,797,8,99.6,11.5,494,0.62,36,5,7.2,3
2026-09-13T00:12:33+00:00,513143,Teamfight Tactics,702,17,41.3,3,627,0.893,37,14,2.6,14
2026-09-13T00:12:33+00:00,24241,FINAL FANTASY XIV ONLINE,619,9,68.8,2,566,0.914,11,6,1.8,6
2026-09-13T00:12:33+00:00,491487,Dead by Daylight,596,52,11.5,4.0,191,0.32,265,49,5.4,43
2026-09-13T00:12:33+00:00,20596,Dofus,564,22,25.6,12.0,124,0.22,263,19,13.8,10
2026-09-13T00:12:33+00:00,1357871551,The Blood of Dawnwalker,563,26,21.7,1.5,174,0.309,66,23,2.9,21
2026-09-13T00:12:33+00:00,0,Sans catégorie,537,83,6.5,1,334,0.622,102,80,1.3,80
2026-09-13T00:12:33+00:00,494082,Visage,534,2,267.0,267.0,532,0.996,0,0,0,1
2026-09-13T00:12:33+00:00,27471,Minecraft,464,99,4.7,2,137,0.295,283,96,2.9,91
2026-09-13T00:12:33+00:00,1282866981,Delta Force,448,15,29.9,3,281,0.627,47,12,3.9,11
2026-09-13T00:12:33+00:00,511224,Apex Legends,409,54,7.6,1.0,126,0.308,156,51,3.1,47
2026-09-13T00:12:33+00:00,1312907092,ArcheAge Chronicles,406,1,406.0,406,406,1.0,0,0,0,0
2026-09-13T00:12:33+00:00,490377,Sea of Thieves,361,15,24.1,3,262,0.726,38,12,3.2,11
2026-09-13T00:12:33+00:00,509659,ASMR,356,2,178.0,178.0,355,0.997,0,0,0,1
2026-09-13T00:12:33+00:00,498566,Slots,355,3,118.3,54,266,0.749,0,0,0,0
2026-09-13T00:12:33+00:00,512710,Call of Duty: Warzone,350,54,6.5,1.0,182,0.52,103,51,2.0,50
2026-09-13T00:12:33+00:00,30921,Rocket League,326,57,5.7,1,127,0.39,125,54,2.3,53
2026-09-13T00:12:33+00:00,624536948,EA Sports FC 26,321,73,4.4,1,90,0.28,132,70,1.9,68
2026-09-13T00:12:33+00:00,32959,Heroes of the Storm,295,4,73.8,1.0,292,0.99,1,1,1.0,3
2026-09-13T00:12:33+00:00,31339,Project Zomboid,285,19,15.0,7,117,0.411,83,16,5.2,13
2026-09-13T00:12:33+00:00,1050003477,The Elder Scrolls V: Skyrim - Special Edition,280,13,21.5,2,174,0.621,37,10,3.7,9
2026-09-13T00:12:33+00:00,328743470,THE WELL IS NOT EMPTY,271,1,271.0,271,271,1.0,0,0,0,0
2026-09-13T00:12:33+00:00,508455,Valheim,242,43,5.6,2,61,0.252,129,40,3.2,37
2026-09-13T00:12:33+00:00,32399,Counter-Strike,241,34,7.1,2.0,43,0.178,130,31,4.2,27
2026-09-13T00:12:33+00:00,489401,Call of Duty: Black Ops III,211,5,42.2,3,196,0.929,4,2,2.0,4
2026-09-13T00:12:33+00:00,65632,DayZ,210,15,14.0,2,178,0.848,17,12,1.4,13
2026-09-13T00:12:33+00:00,1669431183,DJs,207,10,20.7,11.5,53,0.256,66,7,9.4,4
2026-09-13T00:12:33+00:00,263490,Rust,186,3,62.0,2,183,0.984,0,0,0,2
2026-09-13T00:12:33+00:00,1414860634,The Binding of Isaac: Repentance,176,4,44.0,40.0,93,0.528,3,1,3.0,1
2026-09-13T00:12:33+00:00,27284,Retro,174,10,17.4,7.5,76,0.437,37,7,5.3,5
2026-09-13T00:12:33+00:00,492934,RESIDENT EVIL 7 biohazard,173,2,86.5,86.5,163,0.942,0,0,0,0
2026-09-13T00:12:33+00:00,1264310518,Marvel Rivals,146,21,7.0,3,67,0.459,53,18,2.9,18
2026-09-13T00:12:33+00:00,417892,Z1: Battle Royale,139,6,23.2,9.0,100,0.719,14,3,4.7,4
2026-09-13T00:12:33+00:00,464339927,ARC Raiders,137,26,5.3,2.5,28,0.204,72,23,3.1,22
2026-09-13T00:12:33+00:00,460630,Rainbow Six Siege,132,47,2.8,1,25,0.189,79,44,1.8,44
2026-09-13T00:12:33+00:00,1494,Call of Duty,129,94,1.4,1.0,6,0.047,113,91,1.2,94
2026-09-13T00:12:33+00:00,71375,Star Citizen,127,5,25.4,7,103,0.811,4,2,2.0,3
2026-09-13T00:12:33+00:00,518184,Phasmophobia,127,24,5.3,4.0,27,0.213,75,21,3.6,21
2026-09-13T00:12:33+00:00,22038,Natural Selection 2,126,1,126.0,126,126,1.0,0,0,0,0
2026-09-13T00:12:33+00:00,1517377137,RV There Yet?,126,4,31.5,6.0,110,0.873,4,1,4.0,3
2026-09-13T00:12:33+00:00,902998079,Halloween: The Game,126,28,4.5,2.0,40,0.317,64,25,2.6,25
2026-09-13T00:12:33+00:00,518203,Sports,120,5,24.0,3,90,0.75,5,2,2.5,3
2026-09-13T00:12:33+00:00,498592,I'm Only Sleeping,119,7,17.0,9,65,0.546,21,4,5.2,4
2026-09-13T00:12:33+00:00,490655,Pokémon GO,118,2,59.0,59.0,117,0.992,0,0,0,1
2026-09-13T00:12:33+00:00,512953,ELDEN RING,118,14,8.4,3.5,36,0.305,30,11,2.7,11
2026-09-13T00:12:33+00:00,1597660489,RESIDENT EVIL: requiem,110,1,110.0,110,110,1.0,0,0,0,0
2026-09-13T00:12:33+00:00,1702520304,Path of Exile 2,109,7,15.6,2,90,0.826,4,4,1.0,5
2026-09-13T00:12:33+00:00,458781,No Man's Sky,109,7,15.6,3,82,0.752,9,4,2.2,5
2026-09-13T00:12:33+00:00,499505,Super Cyborg,103,1,103.0,103,103,1.0,0,0,0,0
2026-09-13T00:42:36+00:00,509658,Just Chatting,25661,189,135.8,5,8352,0.325,10385,186,55.8,116
2026-09-13T00:42:36+00:00,18122,World of Warcraft,11773,31,379.8,4,9061,0.77,300,28,10.7,21
2026-09-13T00:42:36+00:00,32982,Grand Theft Auto V,10905,259,42.1,3,3162,0.29,5893,256,23.0,199
2026-09-13T00:42:36+00:00,516575,VALORANT,9980,228,43.8,2.0,6418,0.643,1893,225,8.4,200
2026-09-13T00:42:36+00:00,515025,Overwatch,5143,53,97.0,3,4413,0.858,315,50,6.3,44
2026-09-13T00:42:36+00:00,509672,IRL,5051,18,280.6,19.5,2269,0.449,875,15,58.3,7
2026-09-13T00:42:36+00:00,743893402,WARDOGS,4789,96,49.9,2.0,3429,0.716,594,93,6.4,79
2026-09-13T00:42:36+00:00,509663,Special Events,4460,13,343.1,29,3730,0.836,235,10,23.5,3
2026-09-13T00:42:36+00:00,21779,League of Legends,3732,114,32.7,2.5,1276,0.342,1289,111,11.6,86
2026-09-13T00:42:36+00:00,1763263,nanos world,2941,30,98.0,7.0,2098,0.713,538,27,19.9,16
2026-09-13T00:42:36+00:00,417752,Talk Shows & Podcasts,1052,2,526.0,526.0,1051,0.999,0,0,0,1
2026-09-13T00:42:36+00:00,138585,Hearthstone,899,4,224.8,49.0,800,0.89,1,1,1.0,2
2026-09-13T00:42:36+00:00,499973,Always On,832,23,36.2,4,340,0.409,220,20,11.0,15
2026-09-13T00:42:36+00:00,1669431183,DJs,766,11,69.6,13,595,0.777,68,8,8.5,5
2026-09-13T00:42:36+00:00,17828,The Legend of Zelda: Twilight Princess,758,1,758.0,758,758,1.0,0,0,0,0
2026-09-13T00:42:36+00:00,513143,Teamfight Tactics,638,11,58.0,2,594,0.931,13,8,1.6,9
2026-09-13T00:42:36+00:00,1357871551,The Blood of Dawnwalker,607,25,24.3,1,170,0.28,119,22,5.4,19
2026-09-13T00:42:36+00:00,417528,Albion Online,583,4,145.8,11.5,559,0.959,1,1,1.0,2
2026-09-13T00:42:36+00:00,24241,FINAL FANTASY XIV ONLINE,555,7,79.3,2,510,0.919,5,4,1.2,4
2026-09-13T00:42:36+00:00,33214,Fortnite,531,175,3.0,1,129,0.243,321,172,1.9,167
2026-09-13T00:42:36+00:00,1312907092,ArcheAge Chronicles,501,2,250.5,250.5,494,0.986,0,0,0,1
2026-09-13T00:42:36+00:00,0,Sans catégorie,497,70,7.1,1.0,325,0.654,90,67,1.3,67
2026-09-13T00:42:36+00:00,491487,Dead by Daylight,483,40,12.1,3.5,218,0.451,136,37,3.7,36
2026-09-13T00:42:36+00:00,1282866981,Delta Force,417,14,29.8,2.0,320,0.767,35,11,3.2,10
2026-09-13T00:42:36+00:00,27471,Minecraft,416,78,5.3,2.0,137,0.329,229,75,3.1,71
2026-09-13T00:42:36+00:00,20596,Dofus,378,13,29.1,24,107,0.283,155,10,15.5,4
2026-09-13T00:42:36+00:00,498566,Slots,364,4,91.0,52.0,257,0.706,3,1,3.0,1
2026-09-13T00:42:36+00:00,18846,Garry's Mod,342,24,14.2,4.0,82,0.24,146,21,7.0,16
2026-09-13T00:42:36+00:00,624536948,EA Sports FC 26,309,57,5.4,1,90,0.291,114,54,2.1,52
2026-09-13T00:42:36+00:00,327598602,Onimusha: Way of the Sword,299,26,11.5,1.0,211,0.706,37,23,1.6,23
2026-09-13T00:42:36+00:00,32959,Heroes of the Storm,296,6,49.3,1.0,276,0.932,3,3,1.0,4
2026-09-13T00:42:36+00:00,509659,ASMR,291,2,145.5,145.5,288,0.99,0,0,0,1
2026-09-13T00:42:36+00:00,511224,Apex Legends,277,53,5.2,1,99,0.357,130,50,2.6,49
2026-09-13T00:42:36+00:00,490377,Sea of Thieves,269,11,24.5,6,198,0.736,30,8,3.8,8
2026-09-13T00:42:36+00:00,328743470,THE WELL IS NOT EMPTY,259,1,259.0,259,259,1.0,0,0,0,0
2026-09-13T00:42:36+00:00,902998079,Halloween: The Game,236,26,9.1,2.0,125,0.53,52,23,2.3,23
2026-09-13T00:42:36+00:00,512710,Call of Duty: Warzone,234,46,5.1,1.0,118,0.504,73,43,1.7,44
2026-09-13T00:42:36+00:00,30921,Rocket League,224,42,5.3,1.5,117,0.522,86,39,2.2,39
2026-09-13T00:42:36+00:00,65632,DayZ,220,10,22.0,1.0,191,0.868,8,7,1.1,8
2026-09-13T00:42:36+00:00,508455,Valheim,220,33,6.7,2,49,0.223,112,30,3.7,27
2026-09-13T00:42:36+00:00,1050003477,The Elder Scrolls V: Skyrim - Special Edition,205,9,22.8,2,164,0.8,11,6,1.8,6
2026-09-13T00:42:36+00:00,32399,Counter-Strike,205,27,7.6,3,46,0.224,93,24,3.9,22
2026-09-13T00:42:36+00:00,27284,Retro,200,15,13.3,4,75,0.375,63,12,5.2,10
2026-09-13T00:42:36+00:00,1414860634,The Binding of Isaac: Repentance,197,4,49.2,49.5,96,0.487,2,1,2.0,1
2026-09-13T00:42:36+00:00,489401,Call of Duty: Black Ops III,174,2,87.0,87.0,173,0.994,0,0,0,1
2026-09-13T00:42:36+00:00,1264310518,Marvel Rivals,165,19,8.7,4,57,0.345,62,16,3.9,15
2026-09-13T00:42:36+00:00,31339,Project Zomboid,164,15,10.9,6,71,0.433,60,12,5.0,10
2026-09-13T00:42:36+00:00,263490,Rust,155,3,51.7,1,153,0.987,0,0,0,2
2026-09-13T00:42:36+00:00,492934,RESIDENT EVIL 7 biohazard,148,1,148.0,148,148,1.0,0,0,0,0
2026-09-13T00:42:36+00:00,518184,Phasmophobia,137,25,5.5,4,27,0.197,83,22,3.8,22
2026-09-13T00:42:36+00:00,1517377137,RV There Yet?,135,4,33.8,7.5,116,0.859,4,1,4.0,3
2026-09-13T00:42:36+00:00,498592,I'm Only Sleeping,134,8,16.8,7.5,69,0.515,24,5,4.8,5
2026-09-13T00:42:36+00:00,478407715,Arma Reforger,132,9,14.7,1,124,0.939,6,6,1.0,8
2026-09-13T00:42:36+00:00,1784990546,Out There: Ω Edition,128,1,128.0,128,128,1.0,0,0,0,0
2026-09-13T00:42:36+00:00,417892,Z1: Battle Royale,126,5,25.2,8,93,0.738,5,2,2.5,3
2026-09-13T00:42:36+00:00,1702520304,Path of Exile 2,110,7,15.7,2,93,0.845,4,4,1.0,6
2026-09-13T00:42:36+00:00,493959,Red Dead Redemption II,107,15,7.1,5,23,0.215,49,12,4.1,10
2026-09-13T00:42:36+00:00,602040818,NBA 2K27,103,16,6.4,1.0,70,0.68,18,13,1.4,14
2026-09-13T00:42:36+00:00,513181,Genshin Impact,102,5,20.4,11,66,0.647,4,2,2.0,2
2026-09-13T00:42:36+00:00,464339927,ARC Raiders,102,17,6.0,2,31,0.304,36,14,2.6,14
2026-09-13T00:42:36+00:00,499505,Super Cyborg,101,1,101.0,101,101,1.0,0,0,0,0
2026-09-13T00:42:36+00:00,460630,Rainbow Six Siege,100,34,2.9,1.0,15,0.15,69,31,2.2,33
2026-09-13T01:12:34+00:00,509658,Just Chatting,25162,156,161.3,6.0,7486,0.298,11118,153,72.7,93
2026-09-13T01:12:34+00:00,18122,World of Warcraft,11739,23,510.4,6,9073,0.773,392,20,19.6,12
2026-09-13T01:12:34+00:00,32982,Grand Theft Auto V,9084,216,42.1,3.0,3034,0.334,4326,213,20.3,162
2026-09-13T01:12:34+00:00,509672,IRL,5148,20,257.4,19.0,2169,0.421,890,17,52.4,9
2026-09-13T01:12:34+00:00,509663,Special Events,4123,14,294.5,32.5,3318,0.805,321,11,29.2,3
2026-09-13T01:12:34+00:00,743893402,WARDOGS,3960,78,50.8,3.0,3343,0.844,493,75,6.6,61
2026-09-13T01:12:34+00:00,21779,League of Legends,3651,97,37.6,3,1472,0.403,865,94,9.2,78
2026-09-13T01:12:34+00:00,516575,VALORANT,3411,185,18.4,2,1061,0.311,1094,182,6.0,163
2026-09-13T01:12:34+00:00,515025,Overwatch,3338,45,74.2,3,2774,0.831,247,42,5.9,32
2026-09-13T01:12:34+00:00,417752,Talk Shows & Podcasts,977,2,488.5,488.5,976,0.999,0,0,0,1
2026-09-13T01:12:34+00:00,499973,Always On,815,22,37.0,2.5,372,0.456,190,19,10.0,14
2026-09-13T01:12:34+00:00,138585,Hearthstone,786,5,157.2,5,698,0.888,5,2,2.5,3
2026-09-13T01:12:34+00:00,17828,The Legend of Zelda: Twilight Princess,718,1,718.0,718,718,1.0,0,0,0,0
2026-09-13T01:12:34+00:00,1669431183,DJs,712,10,71.2,14.5,547,0.768,78,7,11.1,4
2026-09-13T01:12:34+00:00,1763263,nanos world,634,12,52.8,42.0,165,0.26,254,9,28.2,3
2026-09-13T01:12:34+00:00,513143,Teamfight Tactics,616,13,47.4,3,561,0.911,24,10,2.4,11
2026-09-13T01:12:34+00:00,1357871551,The Blood of Dawnwalker,597,24,24.9,1.5,179,0.3,102,21,4.9,20
2026-09-13T01:12:34+00:00,24241,FINAL FANTASY XIV ONLINE,536,8,67.0,7.5,485,0.905,18,5,3.6,4
2026-09-13T01:12:34+00:00,1312907092,ArcheAge Chronicles,485,3,161.7,3,480,0.99,0,0,0,2
2026-09-13T01:12:34+00:00,0,Sans catégorie,438,64,6.8,1.0,330,0.753,78,61,1.3,62
2026-09-13T01:12:34+00:00,20596,Dofus,421,19,22.2,13,99,0.235,204,16,12.8,8
2026-09-13T01:12:34+00:00,33214,Fortnite,404,131,3.1,1,89,0.22,238,128,1.9,124
2026-09-13T01:12:34+00:00,491487,Dead by Daylight,397,32,12.4,4.5,258,0.65,117,29,4.0,29
2026-09-13T01:12:34+00:00,1282866981,Delta Force,387,10,38.7,6.5,280,0.724,35,7,5.0,6
2026-09-13T01:12:34+00:00,27471,Minecraft,368,66,5.6,1.0,134,0.364,191,63,3.0,58
2026-09-13T01:12:34+00:00,18846,Garry's Mod,346,21,16.5,5,101,0.292,131,18,7.3,13
2026-09-13T01:12:34+00:00,498566,Slots,297,3,99.0,70,224,0.754,0,0,0,1
2026-09-13T01:12:34+00:00,327598602,Onimusha: Way of the Sword,290,24,12.1,1.0,203,0.7,33,21,1.6,21
2026-09-13T01:12:34+00:00,490377,Sea of Thieves,276,10,27.6,8.0,189,0.685,39,7,5.6,6
2026-09-13T01:12:34+00:00,512710,Call of Duty: Warzone,275,41,6.7,1,166,0.604,71,38,1.9,39
2026-09-13T01:12:34+00:00,509659,ASMR,266,2,133.0,133.0,265,0.996,0,0,0,1
2026-09-13T01:12:34+00:00,511224,Apex Legends,257,45,5.7,1,109,0.424,104,42,2.5,40
2026-09-13T01:12:34+00:00,902998079,Halloween: The Game,249,24,10.4,2.0,129,0.518,63,21,3.0,20
2026-09-13T01:12:34+00:00,328743470,THE WELL IS NOT EMPTY,245,1,245.0,245,245,1.0,0,0,0,0
2026-09-13T01:12:34+00:00,32959,Heroes of the Storm,232,6,38.7,1.5,214,0.922,3,3,1.0,4
2026-09-13T01:12:34+00:00,624536948,EA Sports FC 26,218,35,6.2,1,91,0.417,41,32,1.3,33
2026-09-13T01:12:34+00:00,27284,Retro,201,16,12.6,5.5,64,0.318,77,13,5.9,10
2026-09-13T01:12:34+00:00,65632,DayZ,200,9,22.2,2,170,0.85,10,6,1.7,7
2026-09-13T01:12:34+00:00,508455,Valheim,199,29,6.9,3,49,0.246,98,26,3.8,23
2026-09-13T01:12:34+00:00,30921,Rocket League,196,40,4.9,2.0,99,0.505,76,37,2.1,37
2026-09-13T01:12:34+00:00,1264310518,Marvel Rivals,183,16,11.4,6.5,65,0.355,73,13,5.6,9
2026-09-13T01:12:34+00:00,32399,Counter-Strike,183,25,7.3,3,43,0.235,75,22,3.4,21
2026-09-13T01:12:34+00:00,263490,Rust,171,3,57.0,1,169,0.988,0,0,0,2
2026-09-13T01:12:34+00:00,1414860634,The Binding of Isaac: Repentance,171,4,42.8,43.0,84,0.491,1,1,1.0,1
2026-09-13T01:12:34+00:00,489401,Call of Duty: Black Ops III,156,1,156.0,156,156,1.0,0,0,0,0
2026-09-13T01:12:34+00:00,489405,Dragon Ball Z: Dokkan Battle,152,1,152.0,152,152,1.0,0,0,0,0
2026-09-13T01:12:34+00:00,1784990546,Out There: Ω Edition,145,1,145.0,145,145,1.0,0,0,0,0
2026-09-13T01:12:34+00:00,31339,Project Zomboid,145,13,11.2,6,61,0.421,50,10,5.0,8
2026-09-13T01:12:34+00:00,478407715,Arma Reforger,140,10,14.0,1.0,127,0.907,7,7,1.0,9
2026-09-13T01:12:34+00:00,602040818,NBA 2K27,119,16,7.4,1.0,67,0.563,19,13,1.5,13
2026-09-13T01:12:34+00:00,417892,Z1: Battle Royale,117,5,23.4,4,91,0.778,2,2,1.0,3
2026-09-13T01:12:34+00:00,498592,I'm Only Sleeping,111,6,18.5,14.0,62,0.559,13,3,4.3,2
2026-09-13T01:42:34+00:00,509658,Just Chatting,18946,139,136.3,7,7182,0.379,5300,136,39.0,84
2026-09-13T01:42:34+00:00,18122,World of Warcraft,11877,25,475.1,6,9157,0.771,340,22,15.5,16
2026-09-13T01:42:34+00:00,32982,Grand Theft Auto V,8246,166,49.7,3.0,2736,0.332,3877,163,23.8,116
2026-09-13T01:42:34+00:00,509672,IRL,5092,18,282.9,20.5,2474,0.486,912,15,60.8,7
2026-09-13T01:42:34+00:00,743893402,WARDOGS,3860,81,47.7,3,3269,0.847,459,78,5.9,65
2026-09-13T01:42:34+00:00,509663,Special Events,3633,14,259.5,24.5,2942,0.81,247,11,22.5,3
2026-09-13T01:42:34+00:00,515025,Overwatch,2944,46,64.0,2.5,2440,0.829,211,43,4.9,38
2026-09-13T01:42:34+00:00,21779,League of Legends,2182,84,26.0,3.0,699,0.32,713,81,8.8,64
2026-09-13T01:42:34+00:00,516575,VALORANT,1917,142,13.5,2.0,850,0.443,661,139,4.8,125
2026-09-13T01:42:34+00:00,417752,Talk Shows & Podcasts,957,2,478.5,478.5,956,0.999,0,0,0,1
2026-09-13T01:42:34+00:00,499973,Always On,797,24,33.2,3.0,347,0.435,202,21,9.6,15
2026-09-13T01:42:34+00:00,138585,Hearthstone,785,5,157.0,8,691,0.88,4,2,2.0,3
2026-09-13T01:42:34+00:00,17828,The Legend of Zelda: Twilight Princess,678,1,678.0,678,678,1.0,0,0,0,0
2026-09-13T01:42:34+00:00,1763263,nanos world,653,9,72.6,55,183,0.28,230,6,38.3,0
2026-09-13T01:42:34+00:00,1357871551,The Blood of Dawnwalker,582,19,30.6,3,188,0.323,99,16,6.2,15
2026-09-13T01:42:34+00:00,513143,Teamfight Tactics,578,10,57.8,2.5,527,0.912,14,7,2.0,8
2026-09-13T01:42:34+00:00,24241,FINAL FANTASY XIV ONLINE,517,7,73.9,15,454,0.878,24,4,6.0,3
2026-09-13T01:42:34+00:00,491487,Dead by Daylight,422,34,12.4,5.0,248,0.588,143,31,4.6,31
2026-09-13T01:42:34+00:00,1312907092,ArcheAge Chronicles,401,2,200.5,200.5,400,0.998,0,0,0,1
2026-09-13T01:42:34+00:00,1282866981,Delta Force,391,10,39.1,6.5,280,0.716,32,7,4.6,6
2026-09-13T01:42:34+00:00,1669431183,DJs,385,10,38.5,17.0,203,0.527,89,7,12.7,4
2026-09-13T01:42:34+00:00,0,Sans catégorie,379,57,6.6,1,289,0.763,64,54,1.2,55
2026-09-13T01:42:34+00:00,18846,Garry's Mod,378,18,21.0,5.5,124,0.328,107,15,7.1,10
2026-09-13T01:42:34+00:00,33214,Fortnite,337,105,3.2,1,78,0.231,173,102,1.7,98
2026-09-13T01:42:34+00:00,498566,Slots,325,4,81.2,50.5,223,0.686,1,1,1.0,1
2026-09-13T01:42:34+00:00,512710,Call of Duty: Warzone,293,34,8.6,1.0,165,0.563,72,31,2.3,30
2026-09-13T01:42:34+00:00,27471,Minecraft,281,52,5.4,1.0,118,0.42,126,49,2.6,47
2026-09-13T01:42:34+00:00,327598602,Onimusha: Way of the Sword,274,21,13.0,2,188,0.686,28,18,1.6,18
2026-09-13T01:42:34+00:00,490377,Sea of Thieves,257,9,28.6,12,174,0.677,33,6,5.5,4
2026-09-13T01:42:34+00:00,518203,Sports,246,3,82.0,7,238,0.967,0,0,0,2
2026-09-13T01:42:34+00:00,902998079,Halloween: The Game,233,23,10.1,2,110,0.472,68,20,3.4,18
2026-09-13T01:42:34+00:00,20596,Dofus,225,11,20.5,15,92,0.409,76,8,9.5,4
2026-09-13T01:42:34+00:00,624536948,EA Sports FC 26,221,28,7.9,1.0,95,0.43,53,25,2.1,25
2026-09-13T01:42:34+00:00,489405,Dragon Ball Z: Dokkan Battle,206,3,68.7,6,196,0.951,0,0,0,2
2026-09-13T01:42:34+00:00,511224,Apex Legends,198,32,6.2,2.0,114,0.576,50,29,1.7,30
2026-09-13T01:42:34+00:00,27284,Retro,182,14,13.0,6.5,53,0.291,72,11,6.5,8
2026-09-13T01:42:34+00:00,508455,Valheim,173,24,7.2,3.5,48,0.277,99,21,4.7,17
2026-09-13T01:42:34+00:00,263490,Rust,165,3,55.0,2,162,0.982,0,0,0,2
2026-09-13T01:42:34+00:00,489401,Call of Duty: Black Ops III,160,2,80.0,80.0,158,0.988,0,0,0,1
2026-09-13T01:42:34+00:00,1784990546,Out There: Ω Edition,158,1,158.0,158,158,1.0,0,0,0,0
2026-09-13T01:42:34+00:00,1264310518,Marvel Rivals,150,14,10.7,7.0,51,0.34,55,11,5.0,9
2026-09-13T01:42:34+00:00,478407715,Arma Reforger,143,9,15.9,2,130,0.909,8,6,1.3,8
2026-09-13T01:42:34+00:00,31339,Project Zomboid,140,14,10.0,5.0,61,0.436,50,11,4.5,9
2026-09-13T01:42:34+00:00,1414860634,The Binding of Isaac: Repentance,136,3,45.3,43,91,0.669,0,0,0,1
2026-09-13T01:42:34+00:00,32399,Counter-Strike,136,20,6.8,2.0,36,0.265,38,17,2.2,17
2026-09-13T01:42:34+00:00,417892,Z1: Battle Royale,121,5,24.2,3,92,0.76,2,2,1.0,3
2026-09-13T01:42:34+00:00,313197,Assetto Corsa,103,2,51.5,51.5,103,1.0,0,0,0,1
2026-09-13T01:42:34+00:00,30921,Rocket League,100,36,2.8,1.0,25,0.25,58,33,1.8,35
2026-09-13T02:12:39+00:00,509658,Just Chatting,16825,135,124.6,5,6489,0.386,4483,132,34.0,83
2026-09-13T02:12:39+00:00,32982,Grand Theft Auto V,6842,123,55.6,3,2525,0.369,2866,120,23.9,87
2026-09-13T02:12:39+00:00,509672,IRL,5124,17,301.4,23,3268,0.638,414,14,29.6,7
2026-09-13T02:12:39+00:00,743893402,WARDOGS,3796,69,55.0,3,3293,0.867,368,66,5.6,56
2026-09-13T02:12:39+00:00,509663,Special Events,3777,14,269.8,26.0,3064,0.811,249,11,22.6,3
2026-09-13T02:12:39+00:00,515025,Overwatch,2604,38,68.5,2.0,2292,0.88,134,35,3.8,33
2026-09-13T02:12:39+00:00,516575,VALORANT,2102,135,15.6,2,817,0.389,914,132,6.9,112
2026-09-13T02:12:39+00:00,21779,League of Legends,1388,67,20.7,3,547,0.394,436,64,6.8,51
2026-09-13T02:12:39+00:00,417752,Talk Shows & Podcasts,923,2,461.5,461.5,922,0.999,0,0,0,1
2026-09-13T02:12:39+00:00,499973,Always On,820,22,37.3,4.5,367,0.448,205,19,10.8,13
2026-09-13T02:12:39+00:00,17828,The Legend of Zelda: Twilight Princess,633,1,633.0,633,633,1.0,0,0,0,0
2026-09-13T02:12:39+00:00,513143,Teamfight Tactics,572,9,63.6,5,511,0.893,16,6,2.7,6
2026-09-13T02:12:39+00:00,1763263,nanos world,552,9,61.3,60,170,0.308,197,6,32.8,1
2026-09-13T02:12:39+00:00,138585,Hearthstone,468,4,117.0,3.5,460,0.983,1,1,1.0,3
2026-09-13T02:12:39+00:00,1357871551,The Blood of Dawnwalker,460,17,27.1,2,169,0.367,82,14,5.9,13
2026-09-13T02:12:39+00:00,491487,Dead by Daylight,374,30,12.5,4.5,240,0.642,106,27,3.9,28
2026-09-13T02:12:39+00:00,0,Sans catégorie,369,51,7.2,1,286,0.775,56,48,1.2,49
2026-09-13T02:12:39+00:00,512710,Call of Duty: Warzone,365,29,12.6,2,159,0.436,64,26,2.5,26
2026-09-13T02:12:39+00:00,33214,Fortnite,351,86,4.1,1.0,180,0.513,130,83,1.6,82
2026-09-13T02:12:39+00:00,18122,World of Warcraft,349,14,24.9,4.5,219,0.628,65,11,5.9,10
2026-09-13T02:12:39+00:00,20596,Dofus,310,13,23.8,17,81,0.261,118,10,11.8,5
2026-09-13T02:12:39+00:00,1669431183,DJs,308,9,34.2,18,127,0.412,83,6,13.8,4
2026-09-13T02:12:39+00:00,498566,Slots,299,3,99.7,59,237,0.793,0,0,0,1
2026-09-13T02:12:39+00:00,327598602,Onimusha: Way of the Sword,276,19,14.5,1,206,0.746,18,16,1.1,16
2026-09-13T02:12:39+00:00,489405,Dragon Ball Z: Dokkan Battle,246,3,82.0,3,241,0.98,0,0,0,2
2026-09-13T02:12:39+00:00,490377,Sea of Thieves,241,7,34.4,10,172,0.714,20,4,5.0,3
2026-09-13T02:12:39+00:00,624536948,EA Sports FC 26,210,19,11.1,2,100,0.476,37,16,2.3,16
2026-09-13T02:12:39+00:00,511224,Apex Legends,181,30,6.0,2.0,102,0.564,46,27,1.7,28
2026-09-13T02:12:39+00:00,1414860634,The Binding of Isaac: Repentance,163,2,81.5,81.5,129,0.791,0,0,0,0
2026-09-13T02:12:39+00:00,263490,Rust,160,2,80.0,80.0,159,0.994,0,0,0,1
2026-09-13T02:12:39+00:00,27471,Minecraft,149,39,3.8,1,26,0.174,88,36,2.4,35
2026-09-13T02:12:39+00:00,31339,Project Zomboid,148,13,11.4,5,59,0.399,52,10,5.2,7
2026-09-13T02:12:39+00:00,18846,Garry's Mod,146,5,29.2,3,137,0.938,2,2,1.0,4
2026-09-13T02:12:39+00:00,478407715,Arma Reforger,142,7,20.3,1,135,0.951,4,4,1.0,6
2026-09-13T02:12:39+00:00,1282866981,Delta Force,142,6,23.7,9.0,98,0.69,10,3,3.3,3
2026-09-13T02:12:39+00:00,508455,Valheim,136,19,7.2,3,47,0.346,59,16,3.7,14
2026-09-13T02:12:39+00:00,27284,Retro,127,11,11.5,5,55,0.433,36,8,4.5,7
2026-09-13T02:12:39+00:00,902998079,Halloween: The Game,127,20,6.3,2.0,40,0.315,49,17,2.9,16
2026-09-13T02:12:39+00:00,1050003477,The Elder Scrolls V: Skyrim - Special Edition,113,9,12.6,2,68,0.602,13,6,2.2,6
2026-09-13T02:12:39+00:00,2012789438,Call of Duty: Black Ops 7,103,22,4.7,2.0,26,0.252,46,19,2.4,19
2026-09-13T02:42:35+00:00,509658,Just Chatting,17973,111,161.9,6,6217,0.346,6017,108,55.7,65
2026-09-13T02:42:35+00:00,32982,Grand Theft Auto V,6061,100,60.6,4.0,2212,0.365,2614,97,26.9,66
2026-09-13T02:42:35+00:00,509672,IRL,4883,15,325.5,21,3139,0.643,263,12,21.9,6
2026-09-13T02:42:35+00:00,967107115,BrokenLore: DON’T LIE,2890,1,2890.0,2890,2890,1.0,0,0,0,0
2026-09-13T02:42:35+00:00,516575,VALORANT,2830,109,26.0,2,1750,0.618,770,106,7.3,88
2026-09-13T02:42:35+00:00,21779,League of Legends,1220,55,22.2,3,455,0.373,344,52,6.6,40
2026-09-13T02:42:35+00:00,499973,Always On,895,24,37.3,3.0,455,0.508,191,21,9.1,17
2026-09-13T02:42:35+00:00,509663,Special Events,666,12,55.5,25.5,381,0.572,164,9,18.2,3
2026-09-13T02:42:35+00:00,489405,Dragon Ball Z: Dokkan Battle,639,9,71.0,7,255,0.399,29,6,4.8,5
2026-09-13T02:42:35+00:00,513143,Teamfight Tactics,554,7,79.1,3,506,0.913,10,4,2.5,5
2026-09-13T02:42:35+00:00,18122,World of Warcraft,484,13,37.2,6,307,0.634,80,10,8.0,7
2026-09-13T02:42:35+00:00,743893402,WARDOGS,454,58,7.8,3.0,97,0.214,276,55,5.0,47
2026-09-13T02:42:35+00:00,1357871551,The Blood of Dawnwalker,438,19,23.1,2,162,0.37,74,16,4.6,15
2026-09-13T02:42:35+00:00,138585,Hearthstone,406,5,81.2,5,394,0.97,2,2,1.0,4
2026-09-13T02:42:35+00:00,1763263,nanos world,383,5,76.6,62,202,0.527,51,2,25.5,0
2026-09-13T02:42:35+00:00,512710,Call of Duty: Warzone,378,28,13.5,3.0,158,0.418,70,25,2.8,25
2026-09-13T02:42:35+00:00,0,Sans catégorie,377,53,7.1,1,294,0.78,57,50,1.1,51
2026-09-13T02:42:35+00:00,33214,Fortnite,341,76,4.5,1.0,186,0.545,111,73,1.5,72
2026-09-13T02:42:35+00:00,491487,Dead by Daylight,328,26,12.6,3.5,221,0.674,85,23,3.7,24
2026-09-13T02:42:35+00:00,498566,Slots,327,3,109.0,69,257,0.786,0,0,0,1
2026-09-13T02:42:35+00:00,327598602,Onimusha: Way of the Sword,284,16,17.8,1.0,208,0.732,16,13,1.2,13
2026-09-13T02:42:35+00:00,515025,Overwatch,276,29,9.5,3,125,0.453,89,26,3.4,25
2026-09-13T02:42:35+00:00,20596,Dofus,274,12,22.8,12.5,114,0.416,90,9,10.0,4
2026-09-13T02:42:35+00:00,490377,Sea of Thieves,251,8,31.4,7.0,184,0.733,17,5,3.4,5
2026-09-13T02:42:35+00:00,1669431183,DJs,167,7,23.9,24,47,0.281,41,4,10.2,3
2026-09-13T02:42:35+00:00,511224,Apex Legends,165,24,6.9,1.0,105,0.636,34,21,1.6,22
2026-09-13T02:42:35+00:00,263490,Rust,160,2,80.0,80.0,159,0.994,0,0,0,1
2026-09-13T02:42:35+00:00,498592,I'm Only Sleeping,149,10,14.9,8.0,50,0.336,36,7,5.1,6
2026-09-13T02:42:35+00:00,478407715,Arma Reforger,141,6,23.5,1.0,136,0.965,3,3,1.0,5
2026-09-13T02:42:35+00:00,508455,Valheim,141,18,7.8,4.5,50,0.355,64,15,4.3,14
2026-09-13T02:42:35+00:00,18846,Garry's Mod,137,2,68.5,68.5,135,0.985,0,0,0,1
2026-09-13T02:42:35+00:00,27284,Retro,131,10,13.1,9.0,48,0.366,43,7,6.1,5
2026-09-13T02:42:35+00:00,624536948,EA Sports FC 26,117,15,7.8,1,96,0.821,12,12,1.0,14
2026-09-13T02:42:35+00:00,902998079,Halloween: The Game,117,12,9.8,3.5,37,0.316,31,9,3.4,8
2026-09-13T02:42:35+00:00,1414860634,The Binding of Isaac: Repentance,115,1,115.0,115,115,1.0,0,0,0,0
2026-09-13T02:42:35+00:00,1282866981,Delta Force,112,6,18.7,4.0,84,0.75,4,3,1.3,4
2026-09-13T02:42:35+00:00,31339,Project Zomboid,109,10,10.9,4.5,57,0.523,24,7,3.4,7
2026-09-13T03:12:33+00:00,509658,Just Chatting,7843,91,86.2,5,3306,0.422,2231,88,25.4,57
2026-09-13T03:12:33+00:00,32982,Grand Theft Auto V,4723,86,54.9,3.0,2091,0.443,1406,83,16.9,59
2026-09-13T03:12:33+00:00,509672,IRL,3981,12,331.8,28.5,2553,0.641,188,9,20.9,5
2026-09-13T03:12:33+00:00,489405,Dragon Ball Z: Dokkan Battle,3462,14,247.3,8.0,2340,0.676,329,11,29.9,8
2026-09-13T03:12:33+00:00,967107115,BrokenLore: DON’T LIE,2629,1,2629.0,2629,2629,1.0,0,0,0,0
2026-09-13T03:12:33+00:00,516575,VALORANT,2255,101,22.3,2,1430,0.634,556,98,5.7,84
2026-09-13T03:12:33+00:00,21779,League of Legends,1218,46,26.5,3.0,472,0.388,287,43,6.7,33
2026-09-13T03:12:33+00:00,499973,Always On,775,25,31.0,4,341,0.44,180,22,8.2,19
2026-09-13T03:12:33+00:00,509663,Special Events,594,12,49.5,16.0,329,0.554,132,9,14.7,4
2026-09-13T03:12:33+00:00,513143,Teamfight Tactics,521,5,104.2,3,486,0.933,4,2,2.0,3
2026-09-13T03:12:33+00:00,18122,World of Warcraft,505,10,50.5,6.5,381,0.754,33,7,4.7,6
2026-09-13T03:12:33+00:00,743893402,WARDOGS,412,53,7.8,3,100,0.243,247,50,4.9,42
2026-09-13T03:12:33+00:00,138585,Hearthstone,374,3,124.7,5,368,0.984,0,0,0,2
2026-09-13T03:12:33+00:00,512710,Call of Duty: Warzone,363,29,12.5,3,135,0.372,73,26,2.8,25
2026-09-13T03:12:33+00:00,33214,Fortnite,353,60,5.9,1.0,184,0.521,80,57,1.4,57
2026-09-13T03:12:33+00:00,327598602,Onimusha: Way of the Sword,299,13,23.0,2,220,0.736,13,10,1.3,10
2026-09-13T03:12:33+00:00,1357871551,The Blood of Dawnwalker,292,12,24.3,2.0,175,0.599,14,9,1.6,9
2026-09-13T03:12:33+00:00,491487,Dead by Daylight,291,19,15.3,5,208,0.715,59,16,3.7,16
2026-09-13T03:12:33+00:00,1763263,nanos world,285,3,95.0,97,154,0.54,0,0,0,0
2026-09-13T03:12:33+00:00,498566,Slots,240,2,120.0,120.0,239,0.996,0,0,0,1
2026-09-13T03:12:33+00:00,515025,Overwatch,235,21,11.2,3,116,0.494,69,18,3.8,16
2026-09-13T03:12:33+00:00,490377,Sea of Thieves,227,5,45.4,14,165,0.727,7,2,3.5,2
2026-09-13T03:12:33+00:00,263490,Rust,162,1,162.0,162,162,1.0,0,0,0,0
2026-09-13T03:12:33+00:00,1910993272,Bodycam,148,4,37.0,2.5,142,0.959,1,1,1.0,3
2026-09-13T03:12:33+00:00,511224,Apex Legends,138,26,5.3,1.0,97,0.703,30,23,1.3,25
2026-09-13T03:12:33+00:00,464339927,ARC Raiders,137,5,27.4,2,120,0.876,2,2,1.0,3
2026-09-13T03:12:33+00:00,18846,Garry's Mod,136,1,136.0,136,136,1.0,0,0,0,0
2026-09-13T03:12:33+00:00,498592,I'm Only Sleeping,136,10,13.6,7.5,45,0.331,37,7,5.3,7
2026-09-13T03:12:33+00:00,478407715,Arma Reforger,134,5,26.8,1,130,0.97,2,2,1.0,4
2026-09-13T03:12:33+00:00,1282866981,Delta Force,128,5,25.6,21,81,0.633,5,2,2.5,2
2026-09-13T03:12:33+00:00,27284,Retro,125,9,13.9,7,46,0.368,35,6,5.8,5
2026-09-13T03:12:33+00:00,902998079,Halloween: The Game,125,11,11.4,6,40,0.32,35,8,4.4,7
2026-09-13T03:12:33+00:00,1669431183,DJs,118,5,23.6,14,45,0.381,16,2,8.0,1
2026-09-13T03:12:33+00:00,624536948,EA Sports FC 26,115,14,8.2,1.0,96,0.835,13,11,1.2,13
2026-09-13T03:12:33+00:00,508455,Valheim,107,15,7.1,3,54,0.505,31,12,2.6,13
2026-09-13T03:12:33+00:00,27471,Minecraft,102,36,2.8,1.0,16,0.157,54,33,1.6,33
2026-09-13T03:12:33+00:00,26936,Music,101,13,7.8,1,80,0.792,12,10,1.2,12
2026-09-13T03:42:35+00:00,509658,Just Chatting,7059,86,82.1,5.0,3114,0.441,1928,83,23.2,51
2026-09-13T03:42:35+00:00,509672,IRL,3951,11,359.2,30,2406,0.609,232,8,29.0,3
2026-09-13T03:42:35+00:00,489405,Dragon Ball Z: Dokkan Battle,3344,14,238.9,6.0,2338,0.699,324,11,29.5,8
2026-09-13T03:42:35+00:00,967107115,BrokenLore: DON’T LIE,2559,1,2559.0,2559,2559,1.0,0,0,0,0
2026-09-13T03:42:35+00:00,32982,Grand Theft Auto V,2244,71,31.6,3,903,0.402,819,68,12.0,49
2026-09-13T03:42:35+00:00,516575,VALORANT,2059,72,28.6,2.0,1375,0.668,405,69,5.9,59
2026-09-13T03:42:35+00:00,21779,League of Legends,1173,44,26.7,3.0,476,0.406,261,41,6.4,33
2026-09-13T03:42:35+00:00,499973,Always On,792,25,31.7,4,357,0.451,174,22,7.9,19
2026-09-13T03:42:35+00:00,509663,Special Events,538,12,44.8,17.5,294,0.546,121,9,13.4,4
2026-09-13T03:42:35+00:00,513143,Teamfight Tactics,510,4,127.5,14.0,482,0.945,0,1,0.0,2
2026-09-13T03:42:35+00:00,743893402,WARDOGS,496,50,9.9,2.0,171,0.345,180,47,3.8,42
2026-09-13T03:42:35+00:00,18122,World of Warcraft,479,9,53.2,7,374,0.781,28,6,4.7,5
2026-09-13T03:42:35+00:00,138585,Hearthstone,359,3,119.7,5,353,0.983,0,0,0,2
2026-09-13T03:42:35+00:00,327598602,Onimusha: Way of the Sword,358,10,35.8,1.5,218,0.609,7,7,1.0,7
2026-09-13T03:42:35+00:00,1763263,nanos world,280,2,140.0,140.0,243,0.868,0,0,0,0
2026-09-13T03:42:35+00:00,1357871551,The Blood of Dawnwalker,274,11,24.9,2,158,0.577,11,8,1.4,8
2026-09-13T03:42:35+00:00,491487,Dead by Daylight,263,11,23.9,4,217,0.825,23,8,2.9,9
2026-09-13T03:42:35+00:00,498566,Slots,238,2,119.0,119.0,237,0.996,0,0,0,1
2026-09-13T03:42:35+00:00,490377,Sea of Thieves,229,6,38.2,10.5,169,0.738,10,3,3.3,3
2026-09-13T03:42:35+00:00,509660,Art,185,5,37.0,2,178,0.962,2,2,1.0,4
2026-09-13T03:42:35+00:00,263490,Rust,168,1,168.0,168,168,1.0,0,0,0,0
2026-09-13T03:42:35+00:00,27284,Retro,145,10,14.5,12.0,45,0.31,53,7,7.6,5
2026-09-13T03:42:35+00:00,1910993272,Bodycam,140,3,46.7,1,138,0.986,0,0,0,2
2026-09-13T03:42:35+00:00,498592,I'm Only Sleeping,136,11,12.4,6,49,0.36,34,8,4.2,8
2026-09-13T03:42:35+00:00,515025,Overwatch,133,19,7.0,3,41,0.308,42,16,2.6,15
2026-09-13T03:42:35+00:00,478407715,Arma Reforger,130,4,32.5,1.0,127,0.977,1,1,1.0,3
2026-09-13T03:42:35+00:00,33214,Fortnite,120,51,2.4,1,47,0.392,56,48,1.2,49
2026-09-13T03:42:35+00:00,18846,Garry's Mod,112,1,112.0,112,112,1.0,0,0,0,0
2026-09-13T03:42:35+00:00,508455,Valheim,112,14,8.0,3.0,49,0.438,31,11,2.8,11
2026-09-13T03:42:35+00:00,26936,Music,111,14,7.9,3.0,78,0.703,21,11,1.9,13
2026-09-13T03:42:35+00:00,511224,Apex Legends,111,25,4.4,1,70,0.631,30,22,1.4,24
2026-09-13T03:42:35+00:00,624536948,EA Sports FC 26,110,11,10.0,1,98,0.891,8,8,1.0,10
2026-09-13T03:42:35+00:00,464339927,ARC Raiders,104,5,20.8,2,93,0.894,2,2,1.0,4
2026-09-13T04:12:34+00:00,509672,IRL,3711,10,371.1,44.0,2146,0.578,156,7,22.3,4
2026-09-13T04:12:34+00:00,509658,Just Chatting,3667,78,47.0,5.0,1452,0.396,1438,75,19.2,47
2026-09-13T04:12:34+00:00,516575,VALORANT,2864,66,43.4,2.0,1255,0.438,343,63,5.4,54
2026-09-13T04:12:34+00:00,489405,Dragon Ball Z: Dokkan Battle,2685,11,244.1,3,1754,0.653,222,8,27.8,6
2026-09-13T04:12:34+00:00,967107115,BrokenLore: DON’T LIE,2480,1,2480.0,2480,2480,1.0,0,0,0,0
2026-09-13T04:12:34+00:00,32982,Grand Theft Auto V,1773,61,29.1,4,533,0.301,679,58,11.7,43
2026-09-13T04:12:34+00:00,21779,League of Legends,1133,35,32.4,3,487,0.43,214,32,6.7,26
2026-09-13T04:12:34+00:00,499973,Always On,849,24,35.4,4.5,387,0.456,190,21,9.0,15
2026-09-13T04:12:34+00:00,18122,World of Warcraft,527,12,43.9,6.5,394,0.748,48,9,5.3,7
2026-09-13T04:12:34+00:00,509663,Special Events,491,12,40.9,16.0,261,0.532,109,9,12.1,4
2026-09-13T04:12:34+00:00,743893402,WARDOGS,490,36,13.6,3.5,138,0.282,206,33,6.2,26
2026-09-13T04:12:34+00:00,513143,Teamfight Tactics,486,6,81.0,4.0,453,0.932,5,3,1.7,4
2026-09-13T04:12:34+00:00,327598602,Onimusha: Way of the Sword,363,9,40.3,2,228,0.628,8,6,1.3,6
2026-09-13T04:12:34+00:00,138585,Hearthstone,329,2,164.5,164.5,328,0.997,0,0,0,1
2026-09-13T04:12:34+00:00,1763263,nanos world,304,3,101.3,45,257,0.845,0,0,0,1
2026-09-13T04:12:34+00:00,1357871551,The Blood of Dawnwalker,286,7,40.9,3,167,0.584,5,4,1.2,4
2026-09-13T04:12:34+00:00,491487,Dead by Daylight,284,10,28.4,3.5,238,0.838,16,7,2.3,7
2026-09-13T04:12:34+00:00,490377,Sea of Thieves,282,5,56.4,13,162,0.574,9,2,4.5,2
2026-09-13T04:12:34+00:00,27284,Retro,223,11,20.3,14,84,0.377,69,8,8.6,5
2026-09-13T04:12:34+00:00,509660,Art,196,5,39.2,1,190,0.969,2,2,1.0,4
2026-09-13T04:12:34+00:00,498566,Slots,171,2,85.5,85.5,168,0.982,0,0,0,1
2026-09-13T04:12:34+00:00,1669431183,DJs,170,4,42.5,46.5,67,0.394,10,1,10.0,0
2026-09-13T04:12:34+00:00,263490,Rust,153,1,153.0,153,153,1.0,0,0,0,0
2026-09-13T04:12:34+00:00,478407715,Arma Reforger,124,1,124.0,124,124,1.0,0,0,0,0
2026-09-13T04:12:34+00:00,498592,I'm Only Sleeping,121,9,13.4,6,52,0.43,20,6,3.3,6
2026-09-13T04:12:34+00:00,262437666,Farming Simulator 25,120,5,24.0,2,106,0.883,2,2,1.0,3
2026-09-13T04:12:34+00:00,508455,Valheim,115,12,9.6,5.0,54,0.47,33,9,3.7,9
2026-09-13T04:12:34+00:00,902998079,Halloween: The Game,112,11,10.2,4,37,0.33,26,8,3.2,8
2026-09-13T04:12:34+00:00,511224,Apex Legends,108,16,6.8,1.0,73,0.676,19,13,1.5,14
2026-09-13T04:42:35+00:00,509672,IRL,3120,9,346.7,56,1840,0.59,128,6,21.3,4
2026-09-13T04:42:35+00:00,489405,Dragon Ball Z: Dokkan Battle,2649,12,220.8,6.0,1746,0.659,281,9,31.2,7
2026-09-13T04:42:35+00:00,967107115,BrokenLore: DON’T LIE,2420,1,2420.0,2420,2420,1.0,0,0,0,0
2026-09-13T04:42:35+00:00,509658,Just Chatting,2395,69,34.7,4,571,0.238,1233,66,18.7,40
2026-09-13T04:42:35+00:00,21779,League of Legends,2360,28,84.3,4.0,639,0.271,553,25,22.1,19
2026-09-13T04:42:35+00:00,516575,VALORANT,2263,52,43.5,2.0,1089,0.481,298,49,6.1,42
2026-09-13T04:42:35+00:00,32982,Grand Theft Auto V,1157,52,22.2,3.0,459,0.397,437,49,8.9,36
2026-09-13T04:42:35+00:00,499973,Always On,857,22,39.0,4.0,357,0.417,190,19,10.0,14
2026-09-13T04:42:35+00:00,513143,Teamfight Tactics,564,9,62.7,6,448,0.794,44,6,7.3,5
2026-09-13T04:42:35+00:00,18122,World of Warcraft,564,13,43.4,5,416,0.738,49,10,4.9,8
2026-09-13T04:42:35+00:00,509663,Special Events,490,12,40.8,19.5,240,0.49,134,9,14.9,3
2026-09-13T04:42:35+00:00,743893402,WARDOGS,456,32,14.2,4.0,122,0.268,182,29,6.3,24
2026-09-13T04:42:35+00:00,327598602,Onimusha: Way of the Sword,370,10,37.0,1.5,236,0.638,8,7,1.1,7
2026-09-13T04:42:35+00:00,498566,Slots,351,3,117.0,104,244,0.695,0,0,0,1
2026-09-13T04:42:35+00:00,138585,Hearthstone,324,3,108.0,6,317,0.978,0,0,0,2
2026-09-13T04:42:35+00:00,491487,Dead by Daylight,279,11,25.4,4,219,0.785,31,8,3.9,7
2026-09-13T04:42:35+00:00,1357871551,The Blood of Dawnwalker,273,6,45.5,23.0,165,0.604,2,3,0.7,3
2026-09-13T04:42:35+00:00,1763263,nanos world,259,1,259.0,259,259,1.0,0,0,0,0
2026-09-13T04:42:35+00:00,490377,Sea of Thieves,229,5,45.8,13,149,0.651,11,2,5.5,2
2026-09-13T04:42:35+00:00,27284,Retro,208,9,23.1,13,92,0.442,47,6,7.8,4
2026-09-13T04:42:35+00:00,509660,Art,173,4,43.2,2.0,168,0.971,1,1,1.0,3
2026-09-13T04:42:35+00:00,1669431183,DJs,148,4,37.0,39.5,63,0.426,6,1,6.0,1
2026-09-13T04:42:35+00:00,262437666,Farming Simulator 25,133,6,22.2,6.0,97,0.729,5,3,1.7,4
2026-09-13T04:42:35+00:00,508455,Valheim,131,12,10.9,5.0,61,0.466,33,9,3.7,10
2026-09-13T04:42:35+00:00,478407715,Arma Reforger,129,1,129.0,129,129,1.0,0,0,0,0
2026-09-13T04:42:35+00:00,498592,I'm Only Sleeping,128,10,12.8,7.0,46,0.359,34,7,4.9,7
2026-09-13T04:42:35+00:00,1282866981,Delta Force,121,6,20.2,9.5,75,0.62,5,3,1.7,3
2026-09-13T05:12:36+00:00,21779,League of Legends,5210,21,248.1,3,1805,0.346,277,18,15.4,16
2026-09-13T05:12:36+00:00,509658,Just Chatting,3051,64,47.7,5.0,708,0.232,1445,61,23.7,36
2026-09-13T05:12:36+00:00,509672,IRL,2805,9,311.7,55,1856,0.662,134,6,22.3,3
2026-09-13T05:12:36+00:00,489405,Dragon Ball Z: Dokkan Battle,2625,8,328.1,110.5,1786,0.68,224,5,44.8,3
2026-09-13T05:12:36+00:00,1319457944,Tales of Fear: Episode Zero,2550,1,2550.0,2550,2550,1.0,0,0,0,0
2026-09-13T05:12:36+00:00,516575,VALORANT,2108,48,43.9,2.5,1187,0.563,228,45,5.1,39
2026-09-13T05:12:36+00:00,32982,Grand Theft Auto V,925,40,23.1,2.0,401,0.434,264,37,7.1,28
2026-09-13T05:12:36+00:00,499973,Always On,895,24,37.3,4.5,388,0.434,212,21,10.1,17
2026-09-13T05:12:36+00:00,18122,World of Warcraft,726,12,60.5,12.5,472,0.65,74,9,8.2,5
2026-09-13T05:12:36+00:00,513143,Teamfight Tactics,651,11,59.2,6,398,0.611,65,8,8.1,6
2026-09-13T05:12:36+00:00,743893402,WARDOGS,435,31,14.0,4,115,0.264,177,28,6.3,23
2026-09-13T05:12:36+00:00,327598602,Onimusha: Way of the Sword,386,9,42.9,2,247,0.64,10,6,1.7,6
2026-09-13T05:12:36+00:00,138585,Hearthstone,322,3,107.3,7,314,0.975,0,0,0,2
2026-09-13T05:12:36+00:00,491487,Dead by Daylight,294,12,24.5,4.0,222,0.755,38,9,4.2,8
2026-09-13T05:12:36+00:00,23020,ROBLOX,283,19,14.9,1,248,0.876,22,16,1.4,17
2026-09-13T05:12:36+00:00,1357871551,The Blood of Dawnwalker,279,7,39.9,3,164,0.588,5,4,1.2,4
2026-09-13T05:12:36+00:00,27284,Retro,236,8,29.5,10.5,160,0.678,33,5,6.6,4
2026-09-13T05:12:36+00:00,498566,Slots,224,1,224.0,224,224,1.0,0,0,0,0
2026-09-13T05:12:36+00:00,509663,Special Events,221,11,20.1,17,64,0.29,100,8,12.5,3
2026-09-13T05:12:36+00:00,490377,Sea of Thieves,217,5,43.4,11,148,0.682,9,2,4.5,2
2026-09-13T05:12:36+00:00,509660,Art,178,3,59.3,3,174,0.978,0,0,0,2
2026-09-13T05:12:36+00:00,262437666,Farming Simulator 25,148,7,21.1,4,108,0.73,8,4,2.0,5
2026-09-13T05:12:36+00:00,1669431183,DJs,143,4,35.8,40.0,58,0.406,5,1,5.0,1
2026-09-13T05:12:36+00:00,508455,Valheim,134,15,8.9,3,64,0.478,39,12,3.2,13
2026-09-13T05:12:36+00:00,498592,I'm Only Sleeping,131,10,13.1,6.0,59,0.45,27,7,3.9,8
2026-09-13T05:12:36+00:00,478407715,Arma Reforger,128,2,64.0,64.0,127,0.992,0,0,0,1
2026-09-13T05:12:36+00:00,12482,The Legend of Zelda: Majora's Mask,124,1,124.0,124,124,1.0,0,0,0,0
2026-09-13T05:12:36+00:00,1282866981,Delta Force,124,9,13.8,2,68,0.548,9,6,1.5,6
2026-09-13T05:12:36+00:00,33214,Fortnite,119,30,4.0,1.0,30,0.252,52,27,1.9,26
2026-09-13T05:42:35+00:00,21779,League of Legends,8211,22,373.2,2.0,3014,0.367,277,19,14.6,16
2026-09-13T05:42:35+00:00,1319457944,Tales of Fear: Episode Zero,2879,1,2879.0,2879,2879,1.0,0,0,0,0
2026-09-13T05:42:35+00:00,509658,Just Chatting,2149,57,37.7,5,564,0.262,1078,54,20.0,34
2026-09-13T05:42:35+00:00,509672,IRL,1986,8,248.2,11.5,1843,0.928,26,5,5.2,4
2026-09-13T05:42:35+00:00,489405,Dragon Ball Z: Dokkan Battle,1867,6,311.2,96.5,1326,0.71,10,3,3.3,3
2026-09-13T05:42:35+00:00,516575,VALORANT,1788,45,39.7,2,1037,0.58,200,42,4.8,38
2026-09-13T05:42:35+00:00,1357871551,The Blood of Dawnwalker,1238,6,206.3,3.5,1168,0.943,2,3,0.7,4
2026-09-13T05:42:35+00:00,18122,World of Warcraft,974,15,64.9,3,482,0.495,61,12,5.1,9
2026-09-13T05:42:35+00:00,499973,Always On,937,25,37.5,5,385,0.411,225,22,10.2,16
2026-09-13T05:42:35+00:00,32982,Grand Theft Auto V,717,31,23.1,2,335,0.467,177,28,6.3,22
2026-09-13T05:42:35+00:00,513143,Teamfight Tactics,712,10,71.2,11.0,381,0.535,60,7,8.6,5
2026-09-13T05:42:35+00:00,743893402,WARDOGS,476,31,15.4,6,138,0.29,197,28,7.0,22
2026-09-13T05:42:35+00:00,138585,Hearthstone,345,4,86.2,5.0,334,0.968,1,1,1.0,3
2026-09-13T05:42:35+00:00,23020,ROBLOX,286,19,15.1,1,268,0.937,12,16,0.8,18
2026-09-13T05:42:35+00:00,498566,Slots,231,1,231.0,231,231,1.0,0,0,0,0
2026-09-13T05:42:35+00:00,509663,Special Events,222,12,18.5,16.5,78,0.351,87,9,9.7,5
2026-09-13T05:42:35+00:00,27284,Retro,215,8,26.9,13.0,138,0.642,34,5,6.8,3
2026-09-13T05:42:35+00:00,509660,Art,185,2,92.5,92.5,181,0.978,0,0,0,1
2026-09-13T05:42:35+00:00,33214,Fortnite,175,36,4.9,1.0,57,0.326,59,33,1.8,33
2026-09-13T05:42:35+00:00,490377,Sea of Thieves,165,3,55.0,12,148,0.897,0,0,0,1
2026-09-13T05:42:35+00:00,262437666,Farming Simulator 25,153,7,21.9,5,119,0.778,8,4,2.0,5
2026-09-13T05:42:35+00:00,508455,Valheim,139,13,10.7,3,72,0.518,25,10,2.5,10
2026-09-13T05:42:35+00:00,327598602,Onimusha: Way of the Sword,133,7,19.0,1,67,0.504,2,4,0.5,5
2026-09-13T05:42:35+00:00,491931,Escape from Tarkov,131,3,43.7,2,128,0.977,0,0,0,2
2026-09-13T05:42:35+00:00,498592,I'm Only Sleeping,121,7,17.3,7,67,0.554,17,4,4.2,5
2026-09-13T05:42:35+00:00,1544653089,Mimic Party,118,1,118.0,118,118,1.0,0,0,0,0
2026-09-13T05:42:35+00:00,24241,FINAL FANTASY XIV ONLINE,117,2,58.5,58.5,95,0.812,0,0,0,0
2026-09-13T05:42:35+00:00,20596,Dofus,110,7,15.7,14,32,0.291,32,4,8.0,2
2026-09-13T05:42:35+00:00,1669431183,DJs,106,3,35.3,52,54,0.509,0,0,0,1
2026-09-13T06:12:34+00:00,21779,League of Legends,11149,26,428.8,2.5,4492,0.403,250,23,10.9,21
2026-09-13T06:12:34+00:00,1319457944,Tales of Fear: Episode Zero,3247,1,3247.0,3247,3247,1.0,0,0,0,0
2026-09-13T06:12:34+00:00,509658,Just Chatting,3240,62,52.3,6.0,717,0.221,1397,59,23.7,35
2026-09-13T06:12:34+00:00,489405,Dragon Ball Z: Dokkan Battle,1776,5,355.2,167,1177,0.663,11,2,5.5,2
2026-09-13T06:12:34+00:00,18122,World of Warcraft,1394,16,87.1,3.5,616,0.442,88,13,6.8,10
2026-09-13T06:12:34+00:00,1357871551,The Blood of Dawnwalker,1349,8,168.6,2.0,1334,0.989,6,5,1.2,7
2026-09-13T06:12:34+00:00,509672,IRL,1255,9,139.4,23,1055,0.841,77,6,12.8,4
2026-09-13T06:12:34+00:00,499973,Always On,1101,23,47.9,4,512,0.465,232,20,11.6,15
2026-09-13T06:12:34+00:00,513143,Teamfight Tactics,778,9,86.4,7,369,0.474,38,6,6.3,5
2026-09-13T06:12:34+00:00,516575,VALORANT,710,56,12.7,1.0,341,0.48,165,53,3.1,50
2026-09-13T06:12:34+00:00,327598602,Onimusha: Way of the Sword,471,11,42.8,2,358,0.76,10,8,1.2,8
2026-09-13T06:12:34+00:00,743893402,WARDOGS,462,27,17.1,6,142,0.307,179,24,7.5,18
2026-09-13T06:12:34+00:00,138585,Hearthstone,415,7,59.3,6,384,0.925,12,4,3.0,5
2026-09-13T06:12:34+00:00,24241,FINAL FANTASY XIV ONLINE,332,2,166.0,166.0,250,0.753,0,0,0,0
2026-09-13T06:12:34+00:00,23020,ROBLOX,249,20,12.4,1.0,231,0.928,12,17,0.7,19
2026-09-13T06:12:34+00:00,498566,Slots,237,1,237.0,237,237,1.0,0,0,0,0
2026-09-13T06:12:34+00:00,27284,Retro,233,8,29.1,12.5,154,0.661,36,5,7.2,3
2026-09-13T06:12:34+00:00,509663,Special Events,229,11,20.8,18,80,0.349,90,8,11.2,4
2026-09-13T06:12:34+00:00,262437666,Farming Simulator 25,192,7,27.4,5,149,0.776,8,4,2.0,4
2026-09-13T06:12:34+00:00,32982,Grand Theft Auto V,192,26,7.4,2.0,41,0.214,97,23,4.2,20
2026-09-13T06:12:34+00:00,491487,Dead by Daylight,190,12,15.8,10.5,69,0.363,75,9,8.3,6
2026-09-13T06:12:34+00:00,33214,Fortnite,177,29,6.1,1,74,0.418,37,26,1.4,26
2026-09-13T06:12:34+00:00,509660,Art,176,1,176.0,176,176,1.0,0,0,0,0
2026-09-13T06:12:34+00:00,508455,Valheim,169,13,13.0,5,77,0.456,42,10,4.2,9
2026-09-13T06:12:34+00:00,490377,Sea of Thieves,166,3,55.3,6,159,0.958,0,0,0,2
2026-09-13T06:12:34+00:00,491931,Escape from Tarkov,153,3,51.0,2,150,0.98,0,0,0,2
2026-09-13T06:12:34+00:00,20596,Dofus,149,7,21.3,18,43,0.289,37,4,9.2,2
2026-09-13T06:12:34+00:00,460630,Rainbow Six Siege,145,7,20.7,2,127,0.876,5,4,1.2,6
2026-09-13T06:12:34+00:00,168648543,Battlefield 6,131,3,43.7,61,68,0.519,0,0,0,1
2026-09-13T06:12:34+00:00,498592,I'm Only Sleeping,122,9,13.6,6,59,0.484,23,6,3.8,6
2026-09-13T06:12:34+00:00,1544653089,Mimic Party,117,1,117.0,117,117,1.0,0,0,0,0
2026-09-13T06:12:34+00:00,1669431183,DJs,107,3,35.7,53,54,0.505,0,0,0,1
2026-09-13T06:12:34+00:00,515025,Overwatch,104,11,9.5,5,47,0.452,22,8,2.8,9
2026-09-13T06:42:37+00:00,21779,League of Legends,13856,30,461.9,2.5,6011,0.434,254,27,9.4,25
2026-09-13T06:42:37+00:00,1319457944,Tales of Fear: Episode Zero,3538,1,3538.0,3538,3538,1.0,0,0,0,0
2026-09-13T06:42:37+00:00,509658,Just Chatting,2879,64,45.0,4.0,1027,0.357,1295,61,21.2,41
2026-09-13T06:42:37+00:00,18122,World of Warcraft,1855,17,109.1,8,874,0.471,136,14,9.7,9
2026-09-13T06:42:37+00:00,1357871551,The Blood of Dawnwalker,1738,8,217.2,3.5,1715,0.987,13,5,2.6,7
2026-09-13T06:42:37+00:00,509672,IRL,1552,10,155.2,38.0,982,0.633,138,7,19.7,4
2026-09-13T06:42:37+00:00,499973,Always On,1189,23,51.7,3,575,0.484,208,20,10.4,16
2026-09-13T06:42:37+00:00,513143,Teamfight Tactics,1046,11,95.1,8,394,0.377,156,8,19.5,6
2026-09-13T06:42:37+00:00,31339,Project Zomboid,995,9,110.6,12,532,0.535,34,6,5.7,4
2026-09-13T06:42:37+00:00,516575,VALORANT,807,59,13.7,2,310,0.384,276,56,4.9,49
2026-09-13T06:42:37+00:00,489405,Dragon Ball Z: Dokkan Battle,662,4,165.5,103.5,454,0.686,1,1,1.0,2
2026-09-13T06:42:37+00:00,743893402,WARDOGS,571,32,17.8,4.5,160,0.28,270,29,9.3,21
2026-09-13T06:42:37+00:00,327598602,Onimusha: Way of the Sword,529,11,48.1,1,469,0.887,9,8,1.1,9
2026-09-13T06:42:37+00:00,138585,Hearthstone,451,9,50.1,4,394,0.874,21,6,3.5,5
2026-09-13T06:42:37+00:00,24241,FINAL FANTASY XIV ONLINE,294,2,147.0,147.0,222,0.755,0,0,0,0
2026-09-13T06:42:37+00:00,23020,ROBLOX,276,21,13.1,1,248,0.899,19,18,1.1,20
2026-09-13T06:42:37+00:00,498566,Slots,265,1,265.0,265,265,1.0,0,0,0,0
2026-09-13T06:42:37+00:00,491487,Dead by Daylight,264,14,18.9,6.5,148,0.561,71,11,6.5,8
2026-09-13T06:42:37+00:00,262437666,Farming Simulator 25,221,10,22.1,5.5,164,0.742,26,7,3.7,6
2026-09-13T06:42:37+00:00,509663,Special Events,220,11,20.0,18,61,0.277,100,8,12.5,3
2026-09-13T06:42:37+00:00,490377,Sea of Thieves,219,5,43.8,10,181,0.826,13,2,6.5,1
2026-09-13T06:42:37+00:00,32982,Grand Theft Auto V,208,25,8.3,2,53,0.255,97,22,4.4,19
2026-09-13T06:42:37+00:00,508455,Valheim,204,14,14.6,6.0,88,0.431,56,11,5.1,10
2026-09-13T06:42:37+00:00,33214,Fortnite,201,37,5.4,1,90,0.448,50,34,1.5,34
2026-09-13T06:42:37+00:00,20596,Dofus,187,7,26.7,25,44,0.235,57,4,14.2,1
2026-09-13T06:42:37+00:00,271304,7 Days to Die,177,3,59.0,3,173,0.977,0,0,0,2
2026-09-13T06:42:37+00:00,460630,Rainbow Six Siege,170,6,28.3,2.0,155,0.912,3,3,1.0,5
2026-09-13T06:42:37+00:00,491931,Escape from Tarkov,159,4,39.8,6.0,146,0.918,1,1,1.0,2
2026-09-13T06:42:37+00:00,498592,I'm Only Sleeping,156,8,19.5,8.5,91,0.583,27,5,5.4,6
2026-09-13T06:42:37+00:00,2692,Super Mario 64,154,1,154.0,154,154,1.0,0,0,0,0
2026-09-13T06:42:37+00:00,27471,Minecraft,120,21,5.7,2,22,0.183,57,18,3.2,17
2026-09-13T06:42:37+00:00,30921,Rocket League,110,14,7.9,3.0,36,0.327,30,11,2.7,11
2026-09-13T06:42:37+00:00,515025,Overwatch,109,11,9.9,4,51,0.468,20,8,2.5,9
2026-09-13T06:42:37+00:00,1702520304,Path of Exile 2,107,6,17.8,4.5,63,0.589,7,3,2.3,4
2026-09-13T07:12:33+00:00,21779,League of Legends,15976,40,399.4,3.0,7109,0.445,387,37,10.5,33
2026-09-13T07:12:33+00:00,509658,Just Chatting,4514,66,68.4,5.5,1470,0.326,1706,63,27.1,38
2026-09-13T07:12:33+00:00,359761628,Retro Arcade Shop Simulator,3806,1,3806.0,3806,3806,1.0,0,0,0,0
2026-09-13T07:12:33+00:00,31339,Project Zomboid,2643,10,264.3,9.0,1976,0.748,39,7,5.6,5
2026-09-13T07:12:33+00:00,18122,World of Warcraft,2501,28,89.3,9.5,1295,0.518,321,25,12.8,14
2026-09-13T07:12:33+00:00,509672,IRL,2307,10,230.7,42.0,1138,0.493,145,7,20.7,4
2026-09-13T07:12:33+00:00,1357871551,The Blood of Dawnwalker,1970,10,197.0,4.0,1933,0.981,21,7,3.0,9
2026-09-13T07:12:33+00:00,513143,Teamfight Tactics,1201,10,120.1,7.0,417,0.347,158,7,22.6,5
2026-09-13T07:12:33+00:00,499973,Always On,1135,23,49.3,3,623,0.549,142,20,7.1,16
2026-09-13T07:12:33+00:00,516575,VALORANT,916,61,15.0,2,277,0.302,322,58,5.6,50
2026-09-13T07:12:33+00:00,327598602,Onimusha: Way of the Sword,682,13,52.5,1,586,0.859,16,10,1.6,10
2026-09-13T07:12:33+00:00,489405,Dragon Ball Z: Dokkan Battle,656,5,131.2,15,435,0.663,3,2,1.5,2
2026-09-13T07:12:33+00:00,743893402,WARDOGS,628,32,19.6,4.0,175,0.279,318,29,11.0,19
2026-09-13T07:12:33+00:00,138585,Hearthstone,502,8,62.8,5.5,457,0.91,14,5,2.8,6
2026-09-13T07:12:33+00:00,491487,Dead by Daylight,414,16,25.9,7.5,263,0.635,97,13,7.5,8
2026-09-13T07:12:33+00:00,30921,Rocket League,334,18,18.6,2.5,226,0.677,37,15,2.5,15
2026-09-13T07:12:33+00:00,1669470662,EverQuest Legends,313,1,313.0,313,313,1.0,0,0,0,0
2026-09-13T07:12:33+00:00,20596,Dofus,299,12,24.9,22.5,63,0.211,119,9,13.2,5
2026-09-13T07:12:33+00:00,24241,FINAL FANTASY XIV ONLINE,286,7,40.9,6,196,0.685,14,4,3.5,5
2026-09-13T07:12:33+00:00,33214,Fortnite,281,56,5.0,1.0,109,0.388,103,53,1.9,50
2026-09-13T07:12:33+00:00,23020,ROBLOX,272,21,13.0,1,241,0.886,22,18,1.2,20
2026-09-13T07:12:33+00:00,498566,Slots,242,1,242.0,242,242,1.0,0,0,0,0
2026-09-13T07:12:33+00:00,262437666,Farming Simulator 25,213,9,23.7,4,168,0.789,18,6,3.0,5
2026-09-13T07:12:33+00:00,498592,I'm Only Sleeping,209,9,23.2,9,130,0.622,29,6,4.8,5
2026-09-13T07:12:33+00:00,1951012895,Disney Lorcana Trading Card Game,199,1,199.0,199,199,1.0,0,0,0,0
2026-09-13T07:12:33+00:00,271304,7 Days to Die,197,4,49.2,5.0,182,0.924,5,1,5.0,3
2026-09-13T07:12:33+00:00,509663,Special Events,194,10,19.4,16.0,66,0.34,71,7,10.1,3
2026-09-13T07:12:33+00:00,490377,Sea of Thieves,186,3,62.0,2,184,0.989,0,0,0,2
2026-09-13T07:12:33+00:00,2692,Super Mario 64,175,1,175.0,175,175,1.0,0,0,0,0
2026-09-13T07:12:33+00:00,508455,Valheim,174,15,11.6,4,80,0.46,44,12,3.7,12
2026-09-13T07:12:33+00:00,460630,Rainbow Six Siege,168,7,24.0,3,155,0.923,6,4,1.5,6
2026-09-13T07:12:33+00:00,32982,Grand Theft Auto V,166,23,7.2,1,41,0.247,67,20,3.4,18
2026-09-13T07:12:33+00:00,27471,Minecraft,161,25,6.4,3,35,0.217,81,22,3.7,21
2026-09-13T07:12:33+00:00,515025,Overwatch,160,15,10.7,4,55,0.344,48,12,4.0,10
2026-09-13T07:12:33+00:00,491931,Escape from Tarkov,157,4,39.2,8.5,139,0.885,1,1,1.0,2
2026-09-13T07:12:33+00:00,1702520304,Path of Exile 2,153,6,25.5,3.0,108,0.706,5,3,1.7,4
2026-09-13T07:12:33+00:00,512953,ELDEN RING,151,5,30.2,1,145,0.96,2,2,1.0,4
2026-09-13T07:12:33+00:00,624536948,EA Sports FC 26,145,10,14.5,2.0,127,0.876,11,7,1.6,9
2026-09-13T07:12:33+00:00,512710,Call of Duty: Warzone,111,22,5.0,2.5,24,0.216,55,19,2.9,18
2026-09-13T07:12:33+00:00,458781,No Man's Sky,109,5,21.8,10,83,0.761,5,2,2.5,2
2026-09-13T07:12:33+00:00,509667,Food & Drink,105,2,52.5,52.5,91,0.867,0,0,0,0
2026-09-13T07:12:33+00:00,27284,Retro,103,8,12.9,6.0,32,0.311,20,5,4.0,5
2026-09-13T07:12:33+00:00,1282866981,Delta Force,102,7,14.6,7,73,0.716,12,4,3.0,5
2026-09-13T07:42:33+00:00,21779,League of Legends,21944,41,535.2,3,9802,0.447,712,38,18.7,31
2026-09-13T07:42:33+00:00,509658,Just Chatting,4582,72,63.6,5.5,1925,0.42,1876,69,27.2,39
2026-09-13T07:42:33+00:00,359761628,Retro Arcade Shop Simulator,4141,1,4141.0,4141,4141,1.0,0,0,0,0
2026-09-13T07:42:33+00:00,31339,Project Zomboid,3935,11,357.7,6,3197,0.812,35,8,4.4,8
2026-09-13T07:42:33+00:00,18122,World of Warcraft,3093,30,103.1,6.0,1645,0.532,378,27,14.0,16
2026-09-13T07:42:33+00:00,1357871551,The Blood of Dawnwalker,2257,13,173.6,3,2069,0.917,28,10,2.8,11
2026-09-13T07:42:33+00:00,509672,IRL,1842,11,167.5,33,1275,0.692,142,8,17.8,5
2026-09-13T07:42:33+00:00,513143,Teamfight Tactics,1310,16,81.9,3.0,461,0.352,191,13,14.7,11
2026-09-13T07:42:33+00:00,499973,Always On,1172,22,53.3,2.0,692,0.59,108,19,5.7,14
2026-09-13T07:42:33+00:00,743893402,WARDOGS,1152,34,33.9,5.5,403,0.35,466,31,15.0,20
2026-09-13T07:42:33+00:00,516575,VALORANT,821,72,11.4,1.5,239,0.291,297,69,4.3,61
2026-09-13T07:42:33+00:00,327598602,Onimusha: Way of the Sword,694,14,49.6,2.0,601,0.866,17,11,1.5,11
2026-09-13T07:42:33+00:00,489405,Dragon Ball Z: Dokkan Battle,694,4,173.5,144.5,403,0.581,2,1,2.0,1
2026-09-13T07:42:33+00:00,138585,Hearthstone,559,7,79.9,9,505,0.903,14,4,3.5,4
2026-09-13T07:42:33+00:00,624536948,EA Sports FC 26,536,9,59.6,5,420,0.784,15,6,2.5,7
2026-09-13T07:42:33+00:00,491487,Dead by Daylight,450,18,25.0,4.0,304,0.676,81,15,5.4,13
2026-09-13T07:42:33+00:00,30921,Rocket League,421,23,18.3,3,261,0.62,90,20,4.5,18
2026-09-13T07:42:33+00:00,1669470662,EverQuest Legends,410,1,410.0,410,410,1.0,0,0,0,0
2026-09-13T07:42:33+00:00,1951012895,Disney Lorcana Trading Card Game,365,1,365.0,365,365,1.0,0,0,0,0
2026-09-13T07:42:33+00:00,1819887434,Tomb Raider I•II•III Remastered,346,3,115.3,3,342,0.988,0,0,0,2
2026-09-13T07:42:33+00:00,33214,Fortnite,314,80,3.9,1.0,88,0.28,132,77,1.7,76
2026-09-13T07:42:33+00:00,23020,ROBLOX,297,22,13.5,1.0,261,0.879,27,19,1.4,21
2026-09-13T07:42:33+00:00,24241,FINAL FANTASY XIV ONLINE,280,10,28.0,7.0,176,0.629,36,7,5.1,6
2026-09-13T07:42:33+00:00,20596,Dofus,245,13,18.8,4,76,0.31,82,10,8.2,7
2026-09-13T07:42:33+00:00,512710,Call of Duty: Warzone,240,30,8.0,1.5,162,0.675,56,27,2.1,28
2026-09-13T07:42:33+00:00,490377,Sea of Thieves,227,5,45.4,15,188,0.828,7,2,3.5,2
2026-09-13T07:42:33+00:00,460630,Rainbow Six Siege,224,12,18.7,2.5,189,0.844,16,9,1.8,10
2026-09-13T07:42:33+00:00,498592,I'm Only Sleeping,217,8,27.1,6.5,151,0.696,19,5,3.8,5
2026-09-13T07:42:33+00:00,515025,Overwatch,216,19,11.4,3,66,0.306,76,16,4.8,12
2026-09-13T07:42:33+00:00,498566,Slots,207,1,207.0,207,207,1.0,0,0,0,0
2026-09-13T07:42:33+00:00,271304,7 Days to Die,199,4,49.8,4.0,189,0.95,2,1,2.0,3
2026-09-13T07:42:33+00:00,27471,Minecraft,189,29,6.5,3,41,0.217,98,26,3.8,25
2026-09-13T07:42:33+00:00,512953,ELDEN RING,184,7,26.3,1,176,0.957,3,4,0.8,6
2026-09-13T07:42:33+00:00,2692,Super Mario 64,182,1,182.0,182,182,1.0,0,0,0,0
2026-09-13T07:42:33+00:00,508455,Valheim,174,12,14.5,4.5,89,0.511,34,9,3.8,9
2026-09-13T07:42:33+00:00,458781,No Man's Sky,170,13,13.1,3,114,0.671,26,10,2.6,10
2026-09-13T07:42:33+00:00,1702520304,Path of Exile 2,168,5,33.6,7,113,0.673,2,2,1.0,3
2026-09-13T07:42:33+00:00,509663,Special Events,165,9,18.3,16,54,0.327,55,6,9.2,3
2026-09-13T07:42:33+00:00,491931,Escape from Tarkov,158,5,31.6,1,140,0.886,2,2,1.0,3
2026-09-13T07:42:33+00:00,509667,Food & Drink,150,2,75.0,75.0,131,0.873,0,0,0,0
2026-09-13T07:42:33+00:00,71375,Star Citizen,148,11,13.5,6,53,0.358,45,8,5.6,7
2026-09-13T07:42:33+00:00,32982,Grand Theft Auto V,145,22,6.6,2.0,40,0.276,38,19,2.0,19
2026-09-13T07:42:33+00:00,262437666,Farming Simulator 25,138,10,13.8,4.0,88,0.638,16,7,2.3,8
2026-09-13T07:42:33+00:00,509660,Art,128,13,9.8,8,24,0.188,63,10,6.3,9
2026-09-13T07:42:33+00:00,27284,Retro,126,9,14.0,8,35,0.278,32,6,5.3,5
2026-09-13T07:42:33+00:00,1282866981,Delta Force,120,9,13.3,6,72,0.6,19,6,3.2,7
2026-09-13T07:42:33+00:00,1447810239,Endless Legend 2,118,1,118.0,118,118,1.0,0,0,0,0
2026-09-13T07:42:33+00:00,2060730947,Le Mans Ultimate,104,3,34.7,23,80,0.769,0,0,0,1
2026-09-13T07:42:33+00:00,509670,Science & Technology,102,3,34.0,6,95,0.931,0,0,0,2
2026-09-13T08:12:34+00:00,21779,League of Legends,21738,48,452.9,2.0,9572,0.44,962,45,21.4,38
2026-09-13T08:12:34+00:00,509658,Just Chatting,5064,91,55.6,10,1859,0.367,2303,88,26.2,45
2026-09-13T08:12:34+00:00,31339,Project Zomboid,4790,16,299.4,4.5,3916,0.818,48,13,3.7,12
2026-09-13T08:12:34+00:00,359761628,Retro Arcade Shop Simulator,4442,2,2221.0,2221.0,4440,1.0,0,0,0,1
2026-09-13T08:12:34+00:00,18122,World of Warcraft,3624,36,100.7,6.5,2036,0.562,488,33,14.8,19
2026-09-13T08:12:34+00:00,509672,IRL,2982,15,198.8,34,1412,0.474,538,12,44.8,6
2026-09-13T08:12:34+00:00,743893402,WARDOGS,2699,42,64.3,5.0,915,0.339,748,39,19.2,25
2026-09-13T08:12:34+00:00,1357871551,The Blood of Dawnwalker,2380,16,148.8,3.0,2135,0.897,42,13,3.2,11
2026-09-13T08:12:34+00:00,513143,Teamfight Tactics,1798,18,99.9,4.0,624,0.347,450,15,30.0,11
2026-09-13T08:12:34+00:00,504461,Super Smash Bros. Ultimate,1720,3,573.3,103,1610,0.936,0,0,0,1
2026-09-13T08:12:34+00:00,499973,Always On,1242,24,51.8,2.5,709,0.571,150,21,7.1,14
2026-09-13T08:12:34+00:00,327598602,Onimusha: Way of the Sword,1157,20,57.9,1.0,667,0.576,185,17,10.9,14
2026-09-13T08:12:34+00:00,516575,VALORANT,1087,123,8.8,1,253,0.233,560,120,4.7,107
2026-09-13T08:12:34+00:00,55453844,Street Fighter 6,1081,4,270.2,4.0,1072,0.992,1,1,1.0,3
2026-09-13T08:12:34+00:00,624536948,EA Sports FC 26,673,10,67.3,3.5,563,0.837,16,7,2.3,7
2026-09-13T08:12:34+00:00,138585,Hearthstone,585,8,73.1,8.5,490,0.838,28,5,5.6,5
2026-09-13T08:12:34+00:00,489405,Dragon Ball Z: Dokkan Battle,523,6,87.2,6.0,464,0.887,5,3,1.7,3
2026-09-13T08:12:34+00:00,30921,Rocket League,522,27,19.3,3,307,0.588,126,24,5.2,20
2026-09-13T08:12:34+00:00,491487,Dead by Daylight,505,18,28.1,4.5,325,0.644,92,15,6.1,12
2026-09-13T08:12:34+00:00,33214,Fortnite,478,110,4.3,1.0,97,0.203,221,107,2.1,102
2026-09-13T08:12:34+00:00,1669470662,EverQuest Legends,476,1,476.0,476,476,1.0,0,0,0,0
2026-09-13T08:12:34+00:00,1819887434,Tomb Raider I•II•III Remastered,431,3,143.7,3,427,0.991,0,0,0,2
2026-09-13T08:12:34+00:00,1951012895,Disney Lorcana Trading Card Game,393,1,393.0,393,393,1.0,0,0,0,0
2026-09-13T08:12:34+00:00,20596,Dofus,393,16,24.6,15.0,76,0.193,201,13,15.5,6
2026-09-13T08:12:34+00:00,23020,ROBLOX,355,35,10.1,1,290,0.817,51,32,1.6,34
2026-09-13T08:12:34+00:00,517159,GUILTY GEAR -STRIVE-,354,1,354.0,354,354,1.0,0,0,0,0
2026-09-13T08:12:34+00:00,512710,Call of Duty: Warzone,312,36,8.7,2.0,186,0.596,94,33,2.8,32
2026-09-13T08:12:34+00:00,490377,Sea of Thieves,265,6,44.2,16.5,209,0.789,18,3,6.0,2
2026-09-13T08:12:34+00:00,27471,Minecraft,265,40,6.6,2.0,70,0.264,123,37,3.3,35
2026-09-13T08:12:34+00:00,498592,I'm Only Sleeping,256,9,28.4,7,171,0.668,24,6,4.0,6
2026-09-13T08:12:34+00:00,24241,FINAL FANTASY XIV ONLINE,256,13,19.7,6,133,0.52,51,10,5.1,8
2026-09-13T08:12:34+00:00,1282866981,Delta Force,247,10,24.7,8.5,127,0.514,32,7,4.6,5
2026-09-13T08:12:34+00:00,489170,DARK SOULS II: Scholar of the First Sin,236,3,78.7,6,229,0.97,0,0,0,2
2026-09-13T08:12:34+00:00,512953,ELDEN RING,236,9,26.2,2,197,0.835,8,6,1.3,7
2026-09-13T08:12:34+00:00,515025,Overwatch,231,28,8.2,3.5,69,0.299,120,25,4.8,20
2026-09-13T08:12:34+00:00,509660,Art,231,20,11.6,9.0,44,0.19,131,17,7.7,10
2026-09-13T08:12:34+00:00,498566,Slots,230,1,230.0,230,230,1.0,0,0,0,0
2026-09-13T08:12:34+00:00,460630,Rainbow Six Siege,210,16,13.1,1.5,169,0.805,21,13,1.6,14
2026-09-13T08:12:34+00:00,491931,Escape from Tarkov,199,8,24.9,4.0,164,0.824,12,5,2.4,6
2026-09-13T08:12:34+00:00,262437666,Farming Simulator 25,192,10,19.2,6.5,79,0.411,27,7,3.9,7
2026-09-13T08:12:34+00:00,1702520304,Path of Exile 2,190,5,38.0,6,132,0.695,3,2,1.5,3
2026-09-13T08:12:34+00:00,32982,Grand Theft Auto V,180,29,6.2,1,46,0.256,64,26,2.5,25
2026-09-13T08:12:34+00:00,509663,Special Events,177,10,17.7,14.0,62,0.35,60,7,8.6,4
2026-09-13T08:12:34+00:00,458781,No Man's Sky,167,13,12.8,2,118,0.707,24,10,2.4,10
2026-09-13T08:12:34+00:00,511224,Apex Legends,158,17,9.3,2,121,0.766,19,14,1.4,15
2026-09-13T08:12:34+00:00,508455,Valheim,150,12,12.5,5.5,49,0.327,54,9,6.0,7
2026-09-13T08:12:34+00:00,509667,Food & Drink,145,2,72.5,72.5,144,0.993,0,0,0,1
2026-09-13T08:12:34+00:00,71375,Star Citizen,142,7,20.3,9,74,0.521,15,4,3.8,4
2026-09-13T08:12:34+00:00,1447810239,Endless Legend 2,135,1,135.0,135,135,1.0,0,0,0,0
2026-09-13T08:12:34+00:00,2060730947,Le Mans Ultimate,133,12,11.1,2.0,97,0.729,12,9,1.3,9
2026-09-13T08:12:34+00:00,369252,The Sims 4,125,5,25.0,12,81,0.648,13,2,6.5,1
2026-09-13T08:12:34+00:00,494141,Monster Hunter Generations Ultimate,115,1,115.0,115,115,1.0,0,0,0,0
2026-09-13T08:12:34+00:00,66366,War Thunder,115,7,16.4,6,77,0.67,13,4,3.2,4
2026-09-13T08:12:34+00:00,982017546,Palia,112,4,28.0,12.5,79,0.705,8,1,8.0,2
2026-09-13T08:12:34+00:00,1414860634,The Binding of Isaac: Repentance,104,6,17.3,10.0,52,0.5,15,3,5.0,3
2026-09-13T08:12:34+00:00,209738946,Wuthering Waves,102,4,25.5,8.0,86,0.843,0,1,0.0,2
2026-09-13T08:12:34+00:00,498417,Vintage Story,102,3,34.0,15,81,0.794,0,0,0,1
2026-09-13T08:42:36+00:00,21779,League of Legends,30331,67,452.7,2,13234,0.436,1184,64,18.5,52
2026-09-13T08:42:36+00:00,509658,Just Chatting,5777,103,56.1,8,1937,0.335,2934,100,29.3,52
2026-09-13T08:42:36+00:00,31339,Project Zomboid,5324,12,443.7,5.5,4470,0.84,42,9,4.7,7
2026-09-13T08:42:36+00:00,18122,World of Warcraft,4946,45,109.9,8,2211,0.447,1069,42,25.5,25
2026-09-13T08:42:36+00:00,359761628,Retro Arcade Shop Simulator,4502,2,2251.0,2251.0,4501,1.0,0,0,0,1
2026-09-13T08:42:36+00:00,743893402,WARDOGS,4481,48,93.4,4.0,1996,0.445,785,45,17.4,32
2026-09-13T08:42:36+00:00,509672,IRL,3476,16,217.2,7.5,1635,0.47,456,13,35.1,8
2026-09-13T08:42:36+00:00,504461,Super Smash Bros. Ultimate,3267,6,544.5,152.0,2559,0.783,26,3,8.7,2
2026-09-13T08:42:36+00:00,1357871551,The Blood of Dawnwalker,2363,22,107.4,2.5,2050,0.868,78,19,4.1,16
2026-09-13T08:42:36+00:00,55453844,Street Fighter 6,1951,3,650.3,3,1947,0.998,0,0,0,2
2026-09-13T08:42:36+00:00,513143,Teamfight Tactics,1726,14,123.3,10.0,643,0.373,338,11,30.7,7
2026-09-13T08:42:36+00:00,327598602,Onimusha: Way of the Sword,1263,23,54.9,1,696,0.551,199,20,9.9,18
2026-09-13T08:42:36+00:00,516575,VALORANT,1208,152,7.9,1.0,317,0.262,630,149,4.2,137
2026-09-13T08:42:36+00:00,499973,Always On,1198,20,59.9,5.5,667,0.557,142,17,8.4,11
2026-09-13T08:42:36+00:00,624536948,EA Sports FC 26,705,19,37.1,1,611,0.867,18,16,1.1,16
2026-09-13T08:42:36+00:00,1258270417,The Elder Scrolls V: Skyrim - Anniversary Edition,678,1,678.0,678,678,1.0,0,0,0,0
2026-09-13T08:42:36+00:00,138585,Hearthstone,674,8,84.2,14.0,555,0.823,36,5,7.2,3
2026-09-13T08:42:36+00:00,33214,Fortnite,652,138,4.7,1.0,145,0.222,325,135,2.4,131
2026-09-13T08:42:36+00:00,511224,Apex Legends,620,24,25.8,1.0,515,0.831,25,21,1.2,22
2026-09-13T08:42:36+00:00,491487,Dead by Daylight,566,18,31.4,6.5,361,0.638,107,15,7.1,10
2026-09-13T08:42:36+00:00,489405,Dragon Ball Z: Dokkan Battle,539,10,53.9,3.5,446,0.827,18,7,2.6,7
2026-09-13T08:42:36+00:00,30921,Rocket League,537,47,11.4,1,312,0.581,132,44,3.0,40
2026-09-13T08:42:36+00:00,1669470662,EverQuest Legends,475,1,475.0,475,475,1.0,0,0,0,0
2026-09-13T08:42:36+00:00,517159,GUILTY GEAR -STRIVE-,468,1,468.0,468,468,1.0,0,0,0,0
2026-09-13T08:42:36+00:00,1951012895,Disney Lorcana Trading Card Game,458,1,458.0,458,458,1.0,0,0,0,0
2026-09-13T08:42:36+00:00,20596,Dofus,426,19,22.4,12,101,0.237,202,16,12.6,9
2026-09-13T08:42:36+00:00,23020,ROBLOX,356,61,5.8,1,284,0.798,60,58,1.0,60
2026-09-13T08:42:36+00:00,512710,Call of Duty: Warzone,356,40,8.9,2.0,207,0.581,118,37,3.2,32
2026-09-13T08:42:36+00:00,1819887434,Tomb Raider I•II•III Remastered,347,2,173.5,173.5,346,0.997,0,0,0,1
2026-09-13T08:42:36+00:00,27471,Minecraft,345,44,7.8,2.5,100,0.29,169,41,4.1,38
2026-09-13T08:42:36+00:00,498592,I'm Only Sleeping,319,9,35.4,11,230,0.721,33,6,5.5,4
2026-09-13T08:42:36+00:00,489170,DARK SOULS II: Scholar of the First Sin,308,3,102.7,9,296,0.961,0,0,0,2
2026-09-13T08:42:36+00:00,515025,Overwatch,307,32,9.6,4.0,95,0.309,161,29,5.6,22
2026-09-13T08:42:36+00:00,509660,Art,290,20,14.5,11.0,50,0.172,167,17,9.8,9
2026-09-13T08:42:36+00:00,458781,No Man's Sky,283,17,16.6,2,122,0.431,54,14,3.9,12
2026-09-13T08:42:36+00:00,491931,Escape from Tarkov,281,10,28.1,4.5,170,0.605,22,7,3.1,7
2026-09-13T08:42:36+00:00,223869970,"Warhammer 40,000: Space Marine II",280,2,140.0,140.0,275,0.982,0,0,0,1
2026-09-13T08:42:36+00:00,490377,Sea of Thieves,280,5,56.0,20,211,0.754,15,2,7.5,1
2026-09-13T08:42:36+00:00,24241,FINAL FANTASY XIV ONLINE,257,14,18.4,6.5,116,0.451,60,11,5.5,8
2026-09-13T08:42:36+00:00,1282866981,Delta Force,253,11,23.0,6,91,0.36,37,8,4.6,6
2026-09-13T08:42:36+00:00,460630,Rainbow Six Siege,250,17,14.7,1,212,0.848,24,14,1.7,16
2026-09-13T08:42:36+00:00,509667,Food & Drink,248,4,62.0,46.5,146,0.589,9,1,9.0,1
2026-09-13T08:42:36+00:00,498566,Slots,240,1,240.0,240,240,1.0,0,0,0,0
2026-09-13T08:42:36+00:00,32982,Grand Theft Auto V,234,43,5.4,1,63,0.269,102,40,2.5,38
2026-09-13T08:42:36+00:00,369252,The Sims 4,213,6,35.5,15.5,137,0.643,30,3,10.0,1
2026-09-13T08:42:36+00:00,512953,ELDEN RING,194,11,17.6,1,177,0.912,8,8,1.0,10
2026-09-13T08:42:36+00:00,262437666,Farming Simulator 25,189,9,21.0,5,80,0.423,15,6,2.5,6
2026-09-13T08:42:36+00:00,1702520304,Path of Exile 2,185,7,26.4,4,118,0.638,10,4,2.5,5
2026-09-13T08:42:36+00:00,508455,Valheim,179,21,8.5,3,52,0.291,78,18,4.3,16
2026-09-13T08:42:36+00:00,71375,Star Citizen,171,9,19.0,11,83,0.485,31,6,5.2,4
2026-09-13T08:42:36+00:00,538054672,TEKKEN 8,169,1,169.0,169,169,1.0,0,0,0,0
2026-09-13T08:42:36+00:00,509663,Special Events,164,11,14.9,12,48,0.293,67,8,8.4,4
2026-09-13T08:42:36+00:00,1447810239,Endless Legend 2,158,1,158.0,158,158,1.0,0,0,0,0
2026-09-13T08:42:36+00:00,982017546,Palia,142,4,35.5,23.0,82,0.577,14,1,14.0,0
2026-09-13T08:42:36+00:00,2060730947,Le Mans Ultimate,131,10,13.1,1.5,108,0.824,8,7,1.1,9
2026-09-13T08:42:36+00:00,902998079,Halloween: The Game,130,12,10.8,4.5,63,0.485,28,9,3.1,9
2026-09-13T08:42:36+00:00,32399,Counter-Strike,127,18,7.1,3.0,35,0.276,57,15,3.8,14
2026-09-13T08:42:36+00:00,771448419,Aion 2,115,3,38.3,28,79,0.687,0,0,0,1
2026-09-13T08:42:36+00:00,209738946,Wuthering Waves,112,5,22.4,1,96,0.857,2,2,1.0,3
2026-09-13T08:42:36+00:00,32502,World of Warships,112,4,28.0,31.5,48,0.429,1,1,1.0,1
2026-09-13T08:42:36+00:00,66366,War Thunder,109,5,21.8,3,90,0.826,3,2,1.5,3
2026-09-13T08:42:36+00:00,513181,Genshin Impact,104,9,11.6,7,40,0.385,18,6,3.0,6
2026-09-13T09:12:54+00:00,21779,League of Legends,17959,86,208.8,3.0,7264,0.404,1713,83,20.6,66
2026-09-13T09:12:54+00:00,509658,Just Chatting,6592,108,61.0,9.5,2118,0.321,3409,105,32.5,54
2026-09-13T09:12:54+00:00,18122,World of Warcraft,6422,56,114.7,4.0,2445,0.381,1873,53,35.3,33
2026-09-13T09:12:54+00:00,743893402,WARDOGS,5687,50,113.7,4.0,2646,0.465,883,47,18.8,31
2026-09-13T09:12:54+00:00,504461,Super Smash Bros. Ultimate,5359,5,1071.8,588,3966,0.74,7,2,3.5,2
2026-09-13T09:12:54+00:00,31339,Project Zomboid,5280,16,330.0,4.0,5134,0.972,51,13,3.9,12
2026-09-13T09:12:54+00:00,359761628,Retro Arcade Shop Simulator,4812,2,2406.0,2406.0,4810,1.0,0,0,0,1
2026-09-13T09:12:54+00:00,509672,IRL,2633,21,125.4,11,1358,0.516,579,18,32.2,9
2026-09-13T09:12:54+00:00,55453844,Street Fighter 6,2590,3,863.3,10,2579,0.996,0,0,0,1
2026-09-13T09:12:54+00:00,513143,Teamfight Tactics,1872,12,156.0,3.5,793,0.424,89,9,9.9,8
2026-09-13T09:12:54+00:00,516575,VALORANT,1622,176,9.2,1.0,437,0.269,867,173,5.0,159
2026-09-13T09:12:54+00:00,499973,Always On,1583,23,68.8,3,724,0.457,211,20,10.6,13
2026-09-13T09:12:54+00:00,1258270417,The Elder Scrolls V: Skyrim - Anniversary Edition,1427,1,1427.0,1427,1427,1.0,0,0,0,0
2026-09-13T09:12:54+00:00,327598602,Onimusha: Way of the Sword,1367,29,47.1,1,747,0.546,209,26,8.0,23
2026-09-13T09:12:54+00:00,511224,Apex Legends,900,33,27.3,1,750,0.833,61,30,2.0,29
2026-09-13T09:12:54+00:00,33214,Fortnite,882,168,5.2,1.0,154,0.175,569,165,3.4,155
2026-09-13T09:12:54+00:00,624536948,EA Sports FC 26,722,22,32.8,1.0,625,0.866,22,19,1.2,19
2026-09-13T09:12:54+00:00,138585,Hearthstone,688,10,68.8,4.0,589,0.856,26,7,3.7,6
2026-09-13T09:12:54+00:00,30921,Rocket League,687,47,14.6,2,335,0.488,194,44,4.4,39
2026-09-13T09:12:54+00:00,491487,Dead by Daylight,635,25,25.4,5,416,0.655,127,22,5.8,19
2026-09-13T09:12:54+00:00,263490,Rust,623,4,155.8,29.5,562,0.902,2,1,2.0,2
2026-09-13T09:12:54+00:00,515025,Overwatch,615,41,15.0,4,207,0.337,251,38,6.6,28
2026-09-13T09:12:54+00:00,20596,Dofus,572,24,23.8,14.5,91,0.159,342,21,16.3,11
2026-09-13T09:12:54+00:00,517159,GUILTY GEAR -STRIVE-,563,1,563.0,563,563,1.0,0,0,0,0
2026-09-13T09:12:54+00:00,1669470662,EverQuest Legends,519,1,519.0,519,519,1.0,0,0,0,0
2026-09-13T09:12:54+00:00,27471,Minecraft,519,64,8.1,2.5,103,0.198,298,61,4.9,54
2026-09-13T09:12:54+00:00,489405,Dragon Ball Z: Dokkan Battle,462,9,51.3,5,374,0.81,25,6,4.2,6
2026-09-13T09:12:54+00:00,1819887434,Tomb Raider I•II•III Remastered,434,3,144.7,4,427,0.984,0,0,0,2
2026-09-13T09:12:54+00:00,32399,Counter-Strike,402,22,18.3,2.5,232,0.577,74,19,3.9,18
2026-09-13T09:12:54+00:00,1951012895,Disney Lorcana Trading Card Game,399,1,399.0,399,399,1.0,0,0,0,0
2026-09-13T09:12:54+00:00,458781,No Man's Sky,391,17,23.0,2,155,0.396,92,14,6.6,12
2026-09-13T09:12:54+00:00,509660,Art,385,25,15.4,12,59,0.153,242,22,11.0,10
2026-09-13T09:12:54+00:00,1357871551,The Blood of Dawnwalker,370,25,14.8,2,221,0.597,60,22,2.7,22
2026-09-13T09:12:54+00:00,23020,ROBLOX,367,67,5.5,1,261,0.711,92,64,1.4,66
2026-09-13T09:12:54+00:00,490377,Sea of Thieves,365,9,40.6,13,221,0.605,36,6,6.0,4
2026-09-13T09:12:54+00:00,223869970,"Warhammer 40,000: Space Marine II",322,2,161.0,161.0,317,0.984,0,0,0,1
2026-09-13T09:12:54+00:00,512710,Call of Duty: Warzone,308,40,7.7,2.0,202,0.656,85,37,2.3,38
2026-09-13T09:12:54+00:00,491931,Escape from Tarkov,305,11,27.7,7,152,0.498,41,8,5.1,6
2026-09-13T09:12:54+00:00,460630,Rainbow Six Siege,302,25,12.1,2,199,0.659,39,22,1.8,23
2026-09-13T09:12:54+00:00,1122982998,Dark Souls: Remastered,298,3,99.3,1,296,0.993,0,0,0,2
2026-09-13T09:12:54+00:00,538054672,TEKKEN 8,278,1,278.0,278,278,1.0,0,0,0,0
2026-09-13T09:12:54+00:00,509667,Food & Drink,276,5,55.2,34,149,0.54,20,2,10.0,1
2026-09-13T09:12:54+00:00,1702520304,Path of Exile 2,275,9,30.6,6,130,0.473,19,6,3.2,6
2026-09-13T09:12:54+00:00,497497,Brawl Stars,263,5,52.6,10,235,0.894,5,2,2.5,2
2026-09-13T09:12:54+00:00,369252,The Sims 4,262,6,43.7,19.5,169,0.645,33,3,11.0,1
2026-09-13T09:12:54+00:00,1282866981,Delta Force,258,11,23.5,4,121,0.469,30,8,3.8,6
2026-09-13T09:12:54+00:00,512953,ELDEN RING,257,12,21.4,2.5,172,0.669,20,9,2.2,9
2026-09-13T09:12:54+00:00,32982,Grand Theft Auto V,242,47,5.1,1,68,0.281,120,44,2.7,41
2026-09-13T09:12:54+00:00,24241,FINAL FANTASY XIV ONLINE,236,11,21.5,12,95,0.403,64,8,8.0,5
2026-09-13T09:12:54+00:00,262437666,Farming Simulator 25,225,19,11.8,3,88,0.391,44,16,2.8,16
2026-09-13T09:12:54+00:00,498566,Slots,223,1,223.0,223,223,1.0,0,0,0,0
2026-09-13T09:12:54+00:00,417752,Talk Shows & Podcasts,212,4,53.0,3.5,205,0.967,0,1,0.0,3
2026-09-13T09:12:54+00:00,71375,Star Citizen,175,8,21.9,10.5,86,0.491,28,5,5.6,4
2026-09-13T09:12:54+00:00,1447810239,Endless Legend 2,171,1,171.0,171,171,1.0,0,0,0,0
2026-09-13T09:12:54+00:00,494141,Monster Hunter Generations Ultimate,157,2,78.5,78.5,155,0.987,0,0,0,1
2026-09-13T09:12:54+00:00,509663,Special Events,154,10,15.4,9.0,58,0.377,44,7,6.3,6
2026-09-13T09:12:54+00:00,508455,Valheim,151,23,6.6,2,40,0.265,62,20,3.1,19
2026-09-13T09:12:54+00:00,2060730947,Le Mans Ultimate,149,13,11.5,2,113,0.758,20,10,2.0,11
2026-09-13T09:12:54+00:00,982017546,Palia,149,5,29.8,18,88,0.591,15,2,7.5,1
2026-09-13T09:12:54+00:00,417528,Albion Online,148,7,21.1,3,76,0.514,9,4,2.2,5
2026-09-13T09:12:54+00:00,902998079,Halloween: The Game,141,10,14.1,6.5,75,0.532,29,7,4.1,8
2026-09-13T09:12:54+00:00,1036710512,Palworld,140,16,8.8,2.5,55,0.393,51,13,3.9,11
2026-09-13T09:12:54+00:00,1414860634,The Binding of Isaac: Repentance,138,7,19.7,9,78,0.565,17,4,4.2,4
2026-09-13T09:12:54+00:00,771448419,Aion 2,129,3,43.0,41,81,0.628,0,0,0,1
2026-09-13T09:12:54+00:00,27546,World of Tanks,126,3,42.0,51,70,0.556,0,0,0,1
2026-09-13T09:12:54+00:00,209738946,Wuthering Waves,125,4,31.2,6.5,110,0.88,2,1,2.0,2
2026-09-13T09:12:54+00:00,376500771,Hades II,120,1,120.0,120,120,1.0,0,0,0,0
2026-09-13T09:12:54+00:00,0,Sans catégorie,117,62,1.9,1.0,15,0.128,83,59,1.4,60
2026-09-13T09:12:54+00:00,498417,Vintage Story,115,3,38.3,25,82,0.713,0,0,0,1
2026-09-13T09:12:54+00:00,417892,Z1: Battle Royale,114,5,22.8,9,48,0.421,14,2,7.0,3
2026-09-13T09:12:54+00:00,490655,Pokémon GO,109,3,36.3,24,84,0.771,0,0,0,1
2026-09-13T09:12:54+00:00,66366,War Thunder,106,5,21.2,2,96,0.906,2,2,1.0,4
2026-09-13T09:12:54+00:00,75467,Euro Truck Simulator 2,104,16,6.5,3.5,56,0.538,35,13,2.7,15
2026-09-13T09:12:54+00:00,23857,Pokémon HeartGold/SoulSilver,103,3,34.3,36,62,0.602,0,0,0,1
2026-09-13T09:12:54+00:00,829561046,Invokers: Titan Legacy,102,2,51.0,51.0,89,0.873,0,0,0,0
2026-09-13T09:42:37+00:00,21779,League of Legends,18061,90,200.7,3.0,7030,0.389,1847,87,21.2,71
2026-09-13T09:42:37+00:00,509658,Just Chatting,8536,115,74.2,12,2230,0.261,5236,112,46.8,54
2026-09-13T09:42:37+00:00,18122,World of Warcraft,7038,57,123.5,5,2395,0.34,2422,54,44.9,30
2026-09-13T09:42:37+00:00,743893402,WARDOGS,6364,55,115.7,4,2744,0.431,1138,52,21.9,35
2026-09-13T09:42:37+00:00,31339,Project Zomboid,5620,15,374.7,4,5446,0.969,50,12,4.2,11
2026-09-13T09:42:37+00:00,504461,Super Smash Bros. Ultimate,5411,6,901.8,232.5,4288,0.792,34,3,11.3,2
2026-09-13T09:42:37+00:00,359761628,Retro Arcade Shop Simulator,5011,1,5011.0,5011,5011,1.0,0,0,0,0
2026-09-13T09:42:37+00:00,55453844,Street Fighter 6,3184,2,1592.0,1592.0,3182,0.999,0,0,0,1
2026-09-13T09:42:37+00:00,509672,IRL,2971,22,135.0,14.0,1565,0.527,678,19,35.7,10
2026-09-13T09:42:37+00:00,513143,Teamfight Tactics,2103,16,131.4,3.0,902,0.429,162,13,12.5,11
2026-09-13T09:42:37+00:00,516575,VALORANT,2008,205,9.8,1,424,0.211,1071,202,5.3,186
2026-09-13T09:42:37+00:00,1258270417,The Elder Scrolls V: Skyrim - Anniversary Edition,1749,1,1749.0,1749,1749,1.0,0,0,0,0
2026-09-13T09:42:37+00:00,499973,Always On,1502,23,65.3,3,697,0.464,225,20,11.2,14
2026-09-13T09:42:37+00:00,327598602,Onimusha: Way of the Sword,1356,26,52.2,2.0,722,0.532,184,23,8.0,20
2026-09-13T09:42:37+00:00,33214,Fortnite,1101,221,5.0,1,129,0.117,794,218,3.6,204
2026-09-13T09:42:37+00:00,511224,Apex Legends,1094,38,28.8,2.0,883,0.807,117,35,3.3,30
2026-09-13T09:42:37+00:00,515025,Overwatch,1086,39,27.8,4,359,0.331,384,36,10.7,25
2026-09-13T09:42:37+00:00,263490,Rust,1019,7,145.6,4,905,0.888,7,4,1.8,4
2026-09-13T09:42:37+00:00,30921,Rocket League,934,49,19.1,1,360,0.385,226,46,4.9,41
2026-09-13T09:42:37+00:00,138585,Hearthstone,865,10,86.5,9.0,751,0.868,39,7,5.6,5
2026-09-13T09:42:37+00:00,624536948,EA Sports FC 26,688,23,29.9,1,610,0.887,35,20,1.8,20
2026-09-13T09:42:37+00:00,490292,DARK SOULS III,686,2,343.0,343.0,682,0.994,0,0,0,1
2026-09-13T09:42:37+00:00,517159,GUILTY GEAR -STRIVE-,653,1,653.0,653,653,1.0,0,0,0,0
2026-09-13T09:42:37+00:00,1669470662,EverQuest Legends,623,1,623.0,623,623,1.0,0,0,0,0
2026-09-13T09:42:37+00:00,20596,Dofus,613,24,25.5,10.0,112,0.183,347,21,16.5,12
2026-09-13T09:42:37+00:00,27471,Minecraft,605,81,7.5,2,113,0.187,354,78,4.5,68
2026-09-13T09:42:37+00:00,489170,DARK SOULS II: Scholar of the First Sin,561,2,280.5,280.5,551,0.982,0,0,0,0
2026-09-13T09:42:37+00:00,1951012895,Disney Lorcana Trading Card Game,472,1,472.0,472,472,1.0,0,0,0,0
2026-09-13T09:42:37+00:00,1819887434,Tomb Raider I•II•III Remastered,456,2,228.0,228.0,454,0.996,0,0,0,1
2026-09-13T09:42:37+00:00,489405,Dragon Ball Z: Dokkan Battle,432,6,72.0,11.0,348,0.806,8,3,2.7,3
2026-09-13T09:42:37+00:00,1357871551,The Blood of Dawnwalker,430,26,16.5,2.5,231,0.537,94,23,4.1,21
2026-09-13T09:42:37+00:00,509660,Art,427,25,17.1,12,66,0.155,271,22,12.3,9
2026-09-13T09:42:37+00:00,512710,Call of Duty: Warzone,419,48,8.7,1.0,207,0.494,129,45,2.9,42
2026-09-13T09:42:37+00:00,23020,ROBLOX,399,73,5.5,1,273,0.684,105,70,1.5,71
2026-09-13T09:42:37+00:00,458781,No Man's Sky,399,17,23.5,2,241,0.604,69,14,4.9,12
2026-09-13T09:42:37+00:00,1122982998,Dark Souls: Remastered,394,3,131.3,3,389,0.987,0,0,0,2
2026-09-13T09:42:37+00:00,32399,Counter-Strike,379,18,21.1,2.5,274,0.723,45,15,3.0,14
2026-09-13T09:42:37+00:00,1702520304,Path of Exile 2,365,7,52.1,6,170,0.466,18,4,4.5,4
2026-09-13T09:42:37+00:00,223869970,"Warhammer 40,000: Space Marine II",358,2,179.0,179.0,353,0.986,0,0,0,1
2026-09-13T09:42:37+00:00,490377,Sea of Thieves,358,7,51.1,13,229,0.64,15,4,3.8,3
2026-09-13T09:42:37+00:00,1282866981,Delta Force,328,12,27.3,6.0,155,0.473,35,9,3.9,8
2026-09-13T09:42:37+00:00,538054672,TEKKEN 8,309,2,154.5,154.5,307,0.994,0,0,0,1
2026-09-13T09:42:37+00:00,509667,Food & Drink,301,6,50.2,25.5,168,0.558,30,3,10.0,1
2026-09-13T09:42:37+00:00,460630,Rainbow Six Siege,299,19,15.7,1,205,0.686,23,16,1.4,16
2026-09-13T09:42:37+00:00,32982,Grand Theft Auto V,273,41,6.7,1,83,0.304,108,38,2.8,35
2026-09-13T09:42:37+00:00,512953,ELDEN RING,270,12,22.5,1.5,160,0.593,25,9,2.8,8
2026-09-13T09:42:37+00:00,497497,Brawl Stars,258,13,19.8,3,200,0.775,27,10,2.7,9
2026-09-13T09:42:37+00:00,417752,Talk Shows & Podcasts,257,4,64.2,4.5,248,0.965,0,1,0.0,3
2026-09-13T09:42:37+00:00,417528,Albion Online,255,6,42.5,4.5,184,0.722,10,3,3.3,4
2026-09-13T09:42:37+00:00,369252,The Sims 4,250,5,50.0,23,172,0.688,12,2,6.0,1
2026-09-13T09:42:37+00:00,24241,FINAL FANTASY XIV ONLINE,244,15,16.3,10,70,0.287,105,12,8.8,6
2026-09-13T09:42:37+00:00,491931,Escape from Tarkov,224,12,18.7,2.5,165,0.737,29,9,3.2,8
2026-09-13T09:42:37+00:00,262437666,Farming Simulator 25,222,16,13.9,1.0,89,0.401,27,13,2.1,13
2026-09-13T09:42:37+00:00,491487,Dead by Daylight,222,24,9.2,4.5,64,0.288,104,21,5.0,19
2026-09-13T09:42:37+00:00,509663,Special Events,202,12,16.8,12.5,54,0.267,93,9,10.3,3
2026-09-13T09:42:37+00:00,71375,Star Citizen,194,10,19.4,6.0,98,0.505,32,7,4.6,6
2026-09-13T09:42:37+00:00,513181,Genshin Impact,184,11,16.7,3,105,0.571,15,8,1.9,8
2026-09-13T09:42:37+00:00,494141,Monster Hunter Generations Ultimate,183,2,91.5,91.5,178,0.973,0,0,0,1
2026-09-13T09:42:37+00:00,508455,Valheim,182,26,7.0,3.0,46,0.253,86,23,3.7,21
2026-09-13T09:42:37+00:00,1447810239,Endless Legend 2,176,1,176.0,176,176,1.0,0,0,0,0
2026-09-13T09:42:37+00:00,376500771,Hades II,176,2,88.0,88.0,165,0.938,0,0,0,0
2026-09-13T09:42:37+00:00,982017546,Palia,169,5,33.8,19,98,0.58,19,2,9.5,1
2026-09-13T09:42:37+00:00,1414860634,The Binding of Isaac: Repentance,154,5,30.8,8,94,0.61,11,2,5.5,3
2026-09-13T09:42:37+00:00,902998079,Halloween: The Game,154,11,14.0,5,83,0.539,25,8,3.1,9
2026-09-13T09:42:37+00:00,2060730947,Le Mans Ultimate,151,12,12.6,3.5,119,0.788,20,9,2.2,11
2026-09-13T09:42:37+00:00,209738946,Wuthering Waves,143,4,35.8,8.5,126,0.881,0,1,0.0,2
2026-09-13T09:42:37+00:00,1036710512,Palworld,140,16,8.8,2.0,55,0.393,51,13,3.9,11
2026-09-13T09:42:37+00:00,0,Sans catégorie,133,71,1.9,1,18,0.135,90,68,1.3,68
2026-09-13T09:42:37+00:00,498417,Vintage Story,121,3,40.3,22,90,0.744,0,0,0,1
2026-09-13T09:42:37+00:00,771448419,Aion 2,121,2,60.5,60.5,76,0.628,0,0,0,0
2026-09-13T09:42:37+00:00,829561046,Invokers: Titan Legacy,118,3,39.3,20,85,0.72,0,0,0,0
2026-09-13T09:42:37+00:00,23857,Pokémon HeartGold/SoulSilver,112,3,37.3,41,65,0.58,0,0,0,1
2026-09-13T09:42:37+00:00,75467,Euro Truck Simulator 2,111,13,8.5,4,63,0.568,32,10,3.2,12
2026-09-13T09:42:37+00:00,66366,War Thunder,108,3,36.0,2,105,0.972,0,0,0,2
2026-09-13T09:42:37+00:00,490655,Pokémon GO,101,3,33.7,21,79,0.782,0,0,0,1
2026-09-13T10:12:35+00:00,21779,League of Legends,18550,85,218.2,3,7963,0.429,1666,82,20.3,62
2026-09-13T10:12:35+00:00,509658,Just Chatting,10863,115,94.5,12,2053,0.189,7152,112,63.9,54
2026-09-13T10:12:35+00:00,743893402,WARDOGS,7227,62,116.6,3.0,3217,0.445,1323,59,22.4,44
2026-09-13T10:12:35+00:00,18122,World of Warcraft,6576,58,113.4,7.0,2417,0.368,1980,55,36.0,33
2026-09-13T10:12:35+00:00,31339,Project Zomboid,6030,17,354.7,5,5806,0.963,94,14,6.7,10
2026-09-13T10:12:35+00:00,504461,Super Smash Bros. Ultimate,5700,5,1140.0,506,4394,0.771,27,2,13.5,1
2026-09-13T10:12:35+00:00,359761628,Retro Arcade Shop Simulator,5196,1,5196.0,5196,5196,1.0,0,0,0,0
2026-09-13T10:12:35+00:00,55453844,Street Fighter 6,3171,3,1057.0,5,3164,0.998,0,0,0,2
2026-09-13T10:12:35+00:00,509672,IRL,3030,22,137.7,15.0,1401,0.462,874,19,46.0,11
2026-09-13T10:12:35+00:00,516575,VALORANT,2737,232,11.8,1.0,391,0.143,1702,229,7.4,205
2026-09-13T10:12:35+00:00,513143,Teamfight Tactics,2185,16,136.6,5.5,921,0.422,167,13,12.8,10
2026-09-13T10:12:35+00:00,1258270417,The Elder Scrolls V: Skyrim - Anniversary Edition,1830,1,1830.0,1830,1830,1.0,0,0,0,0
2026-09-13T10:12:35+00:00,13389,Age of Empires II,1682,2,841.0,841.0,1681,0.999,0,0,0,1
2026-09-13T10:12:35+00:00,499973,Always On,1548,22,70.4,4.5,779,0.503,215,19,11.3,14
2026-09-13T10:12:35+00:00,327598602,Onimusha: Way of the Sword,1281,25,51.2,1,740,0.578,94,22,4.3,21
2026-09-13T10:12:35+00:00,511224,Apex Legends,1177,42,28.0,2.5,1005,0.854,123,39,3.2,38
2026-09-13T10:12:35+00:00,33214,Fortnite,1107,206,5.4,1.0,192,0.173,649,203,3.2,195
2026-09-13T10:12:35+00:00,515025,Overwatch,1047,41,25.5,3,253,0.242,430,38,11.3,27
2026-09-13T10:12:35+00:00,30921,Rocket League,1046,56,18.7,1.5,340,0.325,218,53,4.1,51
2026-09-13T10:12:35+00:00,490292,DARK SOULS III,1033,2,516.5,516.5,1026,0.993,0,0,0,1
2026-09-13T10:12:35+00:00,263490,Rust,938,7,134.0,4,769,0.82,6,4,1.5,4
2026-09-13T10:12:35+00:00,138585,Hearthstone,900,11,81.8,13,771,0.857,59,8,7.4,5
2026-09-13T10:12:35+00:00,489170,DARK SOULS II: Scholar of the First Sin,824,3,274.7,7,816,0.99,0,0,0,2
2026-09-13T10:12:35+00:00,517159,GUILTY GEAR -STRIVE-,619,1,619.0,619,619,1.0,0,0,0,0
2026-09-13T10:12:35+00:00,20596,Dofus,612,23,26.6,9,127,0.208,307,20,15.3,12
2026-09-13T10:12:35+00:00,27471,Minecraft,604,84,7.2,2.0,136,0.225,302,81,3.7,74
2026-09-13T10:12:35+00:00,32399,Counter-Strike,578,25,23.1,3,304,0.526,88,22,4.0,20
2026-09-13T10:12:35+00:00,1669470662,EverQuest Legends,547,1,547.0,547,547,1.0,0,0,0,0
2026-09-13T10:12:35+00:00,1751366933,Riftbound,545,2,272.5,272.5,523,0.96,0,0,0,0
2026-09-13T10:12:35+00:00,1122982998,Dark Souls: Remastered,465,5,93.0,2,456,0.981,3,2,1.5,4
2026-09-13T10:12:35+00:00,1819887434,Tomb Raider I•II•III Remastered,445,2,222.5,222.5,444,0.998,0,0,0,1
2026-09-13T10:12:35+00:00,1357871551,The Blood of Dawnwalker,438,27,16.2,2,233,0.532,97,24,4.0,21
2026-09-13T10:12:35+00:00,602040818,NBA 2K27,422,8,52.8,2.5,403,0.955,9,5,1.8,7
2026-09-13T10:12:35+00:00,458781,No Man's Sky,422,14,30.1,4.0,257,0.609,68,11,6.2,10
2026-09-13T10:12:35+00:00,1951012895,Disney Lorcana Trading Card Game,412,1,412.0,412,412,1.0,0,0,0,0
2026-09-13T10:12:35+00:00,23020,ROBLOX,410,75,5.5,1,282,0.688,112,72,1.6,74
2026-09-13T10:12:35+00:00,513181,Genshin Impact,392,12,32.7,2.0,323,0.824,19,9,2.1,9
2026-09-13T10:12:35+00:00,490377,Sea of Thieves,392,10,39.2,2.0,236,0.602,22,7,3.1,6
2026-09-13T10:12:35+00:00,509660,Art,349,23,15.2,12,63,0.181,218,20,10.9,9
2026-09-13T10:12:35+00:00,223869970,"Warhammer 40,000: Space Marine II",346,2,173.0,173.0,341,0.986,0,0,0,1
2026-09-13T10:12:35+00:00,32982,Grand Theft Auto V,342,48,7.1,2.0,91,0.266,159,45,3.5,41
2026-09-13T10:12:35+00:00,1702520304,Path of Exile 2,337,5,67.4,40,169,0.501,6,2,3.0,2
2026-09-13T10:12:35+00:00,460630,Rainbow Six Siege,335,19,17.6,1,232,0.693,20,16,1.2,16
2026-09-13T10:12:35+00:00,512953,ELDEN RING,317,15,21.1,2,186,0.587,40,12,3.3,10
2026-09-13T10:12:35+00:00,1282866981,Delta Force,316,13,24.3,6,161,0.509,54,10,5.4,8
2026-09-13T10:12:35+00:00,538054672,TEKKEN 8,312,3,104.0,3,308,0.987,0,0,0,2
2026-09-13T10:12:35+00:00,417528,Albion Online,310,3,103.3,51,256,0.826,0,0,0,1
2026-09-13T10:12:35+00:00,417752,Talk Shows & Podcasts,299,3,99.7,1,298,0.997,0,0,0,2
2026-09-13T10:12:35+00:00,509667,Food & Drink,294,5,58.8,39,150,0.51,37,2,18.5,0
2026-09-13T10:12:35+00:00,512710,Call of Duty: Warzone,286,50,5.7,1.5,127,0.444,131,47,2.8,46
2026-09-13T10:12:35+00:00,491487,Dead by Daylight,274,31,8.8,4,65,0.237,158,28,5.6,21
2026-09-13T10:12:35+00:00,508455,Valheim,270,27,10.0,3,91,0.337,107,24,4.5,22
2026-09-13T10:12:35+00:00,369252,The Sims 4,256,5,51.2,17,174,0.68,20,2,10.0,0
2026-09-13T10:12:35+00:00,262437666,Farming Simulator 25,252,16,15.8,2.0,94,0.373,54,13,4.2,12
2026-09-13T10:12:35+00:00,497497,Brawl Stars,242,9,26.9,4,194,0.802,15,6,2.5,6
2026-09-13T10:12:35+00:00,624536948,EA Sports FC 26,235,22,10.7,1.0,187,0.796,20,19,1.1,20
2026-09-13T10:12:35+00:00,491931,Escape from Tarkov,233,11,21.2,4,171,0.734,32,8,4.0,7
2026-09-13T10:12:35+00:00,123184772,EA Sports FC 27,233,2,116.5,116.5,230,0.987,0,0,0,1
2026-09-13T10:12:35+00:00,27546,World of Tanks,228,5,45.6,5,178,0.781,5,2,2.5,3
2026-09-13T10:12:35+00:00,417892,Z1: Battle Royale,209,10,20.9,7.5,81,0.388,36,7,5.1,6
2026-09-13T10:12:35+00:00,509663,Special Events,202,14,14.4,10.0,55,0.272,90,11,8.2,7
2026-09-13T10:12:35+00:00,24241,FINAL FANTASY XIV ONLINE,201,14,14.4,3.5,60,0.299,72,11,6.5,8
2026-09-13T10:12:35+00:00,494141,Monster Hunter Generations Ultimate,179,1,179.0,179,179,1.0,0,0,0,0
2026-09-13T10:12:35+00:00,376500771,Hades II,174,1,174.0,174,174,1.0,0,0,0,0
2026-09-13T10:12:35+00:00,902998079,Halloween: The Game,174,12,14.5,4.5,98,0.563,34,9,3.8,10
2026-09-13T10:12:35+00:00,1447810239,Endless Legend 2,167,1,167.0,167,167,1.0,0,0,0,0
2026-09-13T10:12:35+00:00,982017546,Palia,166,5,33.2,22,95,0.572,17,2,8.5,1
2026-09-13T10:12:35+00:00,2060730947,Le Mans Ultimate,157,11,14.3,4,113,0.72,26,8,3.2,9
2026-09-13T10:12:35+00:00,71375,Star Citizen,154,8,19.2,2.0,105,0.682,7,5,1.4,5
2026-09-13T10:12:35+00:00,209738946,Wuthering Waves,151,5,30.2,7,130,0.861,1,2,0.5,3
2026-09-13T10:12:35+00:00,1414860634,The Binding of Isaac: Repentance,140,4,35.0,21.5,94,0.671,3,1,3.0,2
2026-09-13T10:12:35+00:00,66366,War Thunder,135,6,22.5,2.0,117,0.867,4,3,1.3,4
2026-09-13T10:12:35+00:00,515024,Diablo IV,123,5,24.6,6,87,0.707,6,2,3.0,3
2026-09-13T10:12:35+00:00,0,Sans catégorie,121,72,1.7,1.0,19,0.157,88,69,1.3,71
2026-09-13T10:12:35+00:00,75467,Euro Truck Simulator 2,119,12,9.9,5.0,67,0.563,35,9,3.9,10
2026-09-13T10:12:35+00:00,936945829,MELTY BLOOD: TYPE LUMINA,118,1,118.0,118,118,1.0,0,0,0,0
2026-09-13T10:12:35+00:00,490422,StarCraft II,116,2,58.0,58.0,113,0.974,0,0,0,1
2026-09-13T10:12:35+00:00,771448419,Aion 2,116,3,38.7,41,69,0.595,0,0,0,1
2026-09-13T10:12:35+00:00,1036710512,Palworld,112,13,8.6,1,61,0.545,13,10,1.3,10
2026-09-13T10:12:35+00:00,1329153872,Pokémon Pokopia,106,5,21.2,11,48,0.453,8,2,4.0,2
2026-09-13T10:12:35+00:00,1583524579,After-H: Battle Arena,100,2,50.0,50.0,64,0.64,0,0,0,0
2026-09-13T10:42:39+00:00,21779,League of Legends,20439,96,212.9,3.0,8935,0.437,2333,93,25.1,69
2026-09-13T10:42:39+00:00,264440038,Deep Blue Sushi,11802,2,5901.0,5901.0,5912,0.501,0,0,0,0
2026-09-13T10:42:39+00:00,509658,Just Chatting,11453,123,93.1,11,2013,0.176,7604,120,63.4,59
2026-09-13T10:42:39+00:00,504461,Super Smash Bros. Ultimate,7292,6,1215.3,343.5,5829,0.799,60,3,20.0,2
2026-09-13T10:42:39+00:00,743893402,WARDOGS,7101,57,124.6,2,3197,0.45,1112,54,20.6,40
2026-09-13T10:42:39+00:00,18122,World of Warcraft,6724,55,122.3,9,2712,0.403,1700,52,32.7,29
2026-09-13T10:42:39+00:00,55453844,Street Fighter 6,4294,1,4294.0,4294,4294,1.0,0,0,0,0
2026-09-13T10:42:39+00:00,516575,VALORANT,3200,254,12.6,1.0,477,0.149,2101,251,8.4,219
2026-09-13T10:42:39+00:00,509672,IRL,3079,20,153.9,31.0,1582,0.514,840,17,49.4,8
2026-09-13T10:42:39+00:00,513143,Teamfight Tactics,2216,21,105.5,2,986,0.445,186,18,10.3,16
2026-09-13T10:42:39+00:00,1258270417,The Elder Scrolls V: Skyrim - Anniversary Edition,1982,1,1982.0,1982,1982,1.0,0,0,0,0
2026-09-13T10:42:39+00:00,499973,Always On,1570,24,65.4,2.5,765,0.487,225,21,10.7,15
2026-09-13T10:42:39+00:00,27471,Minecraft,1428,88,16.2,2.0,736,0.515,421,85,5.0,75
2026-09-13T10:42:39+00:00,327598602,Onimusha: Way of the Sword,1339,30,44.6,1.0,772,0.577,100,27,3.7,26
2026-09-13T10:42:39+00:00,33214,Fortnite,1304,210,6.2,1.0,265,0.203,738,207,3.6,197
2026-09-13T10:42:39+00:00,511224,Apex Legends,1228,41,30.0,2,1084,0.883,102,38,2.7,36
2026-09-13T10:42:39+00:00,263490,Rust,1168,7,166.9,2,978,0.837,6,4,1.5,4
2026-09-13T10:42:39+00:00,30921,Rocket League,1068,57,18.7,1,354,0.331,125,54,2.3,52
2026-09-13T10:42:39+00:00,515025,Overwatch,1019,45,22.6,3,224,0.22,477,42,11.4,30
2026-09-13T10:42:39+00:00,490292,DARK SOULS III,1012,3,337.3,4,1006,0.994,0,0,0,2
2026-09-13T10:42:39+00:00,138585,Hearthstone,971,11,88.3,4,833,0.858,56,8,7.0,6
2026-09-13T10:42:39+00:00,26936,Music,908,17,53.4,1,853,0.939,32,14,2.3,13
2026-09-13T10:42:39+00:00,489170,DARK SOULS II: Scholar of the First Sin,867,3,289.0,9,857,0.988,0,0,0,2
2026-09-13T10:42:39+00:00,417528,Albion Online,782,5,156.4,57,417,0.533,7,2,3.5,2
2026-09-13T10:42:39+00:00,1751366933,Riftbound,781,2,390.5,390.5,755,0.967,0,0,0,0
2026-09-13T10:42:39+00:00,602040818,NBA 2K27,744,11,67.6,3,720,0.968,15,8,1.9,10
2026-09-13T10:42:39+00:00,517159,GUILTY GEAR -STRIVE-,623,1,623.0,623,623,1.0,0,0,0,0
2026-09-13T10:42:39+00:00,513181,Genshin Impact,538,12,44.8,3.5,377,0.701,37,9,4.1,7
2026-09-13T10:42:39+00:00,512710,Call of Duty: Warzone,532,53,10.0,3,148,0.278,187,50,3.7,46
2026-09-13T10:42:39+00:00,20596,Dofus,516,19,27.2,12,121,0.234,242,16,15.1,9
2026-09-13T10:42:39+00:00,1819887434,Tomb Raider I•II•III Remastered,491,1,491.0,491,491,1.0,0,0,0,0
2026-09-13T10:42:39+00:00,1122982998,Dark Souls: Remastered,483,5,96.6,3,474,0.981,2,2,1.0,4
2026-09-13T10:42:39+00:00,1357871551,The Blood of Dawnwalker,459,28,16.4,2.0,244,0.532,92,25,3.7,23
2026-09-13T10:42:39+00:00,518203,Sports,442,11,40.2,4,238,0.538,31,8,3.9,7
2026-09-13T10:42:39+00:00,509660,Art,434,27,16.1,13,69,0.159,289,24,12.0,12
2026-09-13T10:42:39+00:00,23020,ROBLOX,413,65,6.4,1,309,0.748,89,62,1.4,64
2026-09-13T10:42:39+00:00,32982,Grand Theft Auto V,407,49,8.3,1,119,0.292,156,46,3.4,42
2026-09-13T10:42:39+00:00,417752,Talk Shows & Podcasts,402,4,100.5,1.0,400,0.995,0,1,0.0,3
2026-09-13T10:42:39+00:00,1951012895,Disney Lorcana Trading Card Game,396,1,396.0,396,396,1.0,0,0,0,0
2026-09-13T10:42:39+00:00,490377,Sea of Thieves,396,8,49.5,9.5,244,0.616,20,5,4.0,4
2026-09-13T10:42:39+00:00,32399,Counter-Strike,380,24,15.8,2.5,171,0.45,115,21,5.5,18
2026-09-13T10:42:39+00:00,223869970,"Warhammer 40,000: Space Marine II",378,1,378.0,378,378,1.0,0,0,0,0
2026-09-13T10:42:39+00:00,460630,Rainbow Six Siege,368,20,18.4,3.0,235,0.639,41,17,2.4,17
2026-09-13T10:42:39+00:00,1931693784,Pokémon Champions,360,3,120.0,17,339,0.942,0,0,0,1
2026-09-13T10:42:39+00:00,1702520304,Path of Exile 2,359,8,44.9,5.0,205,0.571,14,5,2.8,5
2026-09-13T10:42:39+00:00,1282866981,Delta Force,349,11,31.7,7,178,0.51,49,8,6.1,7
2026-09-13T10:42:39+00:00,458781,No Man's Sky,347,13,26.7,5,149,0.429,68,10,6.8,8
2026-09-13T10:42:39+00:00,624536948,EA Sports FC 26,327,25,13.1,1,251,0.768,34,22,1.5,22
2026-09-13T10:42:39+00:00,512953,ELDEN RING,323,17,19.0,2,200,0.619,23,14,1.6,14
2026-09-13T10:42:39+00:00,24241,FINAL FANTASY XIV ONLINE,310,21,14.8,4,76,0.245,130,18,7.2,13
2026-09-13T10:42:39+00:00,491487,Dead by Daylight,297,28,10.6,5.0,90,0.303,152,25,6.1,20
2026-09-13T10:42:39+00:00,508455,Valheim,285,31,9.2,2,128,0.449,97,28,3.5,26
2026-09-13T10:42:39+00:00,27546,World of Tanks,270,6,45.0,9.0,207,0.767,15,3,5.0,3
2026-09-13T10:42:39+00:00,31339,Project Zomboid,258,15,17.2,6,126,0.488,69,12,5.8,9
2026-09-13T10:42:39+00:00,369252,The Sims 4,257,4,64.2,33.0,180,0.7,11,1,11.0,0
2026-09-13T10:42:39+00:00,0,Sans catégorie,251,72,3.5,1.0,110,0.438,114,69,1.7,68
2026-09-13T10:42:39+00:00,491931,Escape from Tarkov,244,11,22.2,5,175,0.717,33,8,4.1,7
2026-09-13T10:42:39+00:00,902998079,Halloween: The Game,208,16,13.0,3.0,118,0.567,42,13,3.2,14
2026-09-13T10:42:39+00:00,509663,Special Events,201,15,13.4,12,44,0.219,90,12,7.5,7
2026-09-13T10:42:39+00:00,494141,Monster Hunter Generations Ultimate,182,2,91.0,91.0,176,0.967,0,0,0,1
2026-09-13T10:42:39+00:00,376500771,Hades II,176,2,88.0,88.0,163,0.926,0,0,0,0
2026-09-13T10:42:39+00:00,2060730947,Le Mans Ultimate,175,11,15.9,6,124,0.709,30,8,3.8,8
2026-09-13T10:42:39+00:00,66366,War Thunder,161,7,23.0,4,123,0.764,8,4,2.0,4
2026-09-13T10:42:39+00:00,515024,Diablo IV,161,5,32.2,20,89,0.553,7,2,3.5,2
2026-09-13T10:42:39+00:00,209738946,Wuthering Waves,159,4,39.8,13.0,132,0.83,1,1,1.0,2
2026-09-13T10:42:39+00:00,982017546,Palia,159,5,31.8,28,95,0.597,3,2,1.5,2
2026-09-13T10:42:39+00:00,262437666,Farming Simulator 25,157,18,8.7,1.0,89,0.567,35,15,2.3,16
2026-09-13T10:42:39+00:00,1447810239,Endless Legend 2,151,1,151.0,151,151,1.0,0,0,0,0
2026-09-13T10:42:39+00:00,71375,Star Citizen,144,8,18.0,3.0,108,0.75,9,5,1.8,6
2026-09-13T10:42:39+00:00,417892,Z1: Battle Royale,140,12,11.7,2.5,82,0.586,25,9,2.8,9
2026-09-13T10:42:39+00:00,1414860634,The Binding of Isaac: Repentance,136,3,45.3,35,90,0.662,0,0,0,0
2026-09-13T10:42:39+00:00,123184772,EA Sports FC 27,135,2,67.5,67.5,132,0.978,0,0,0,1
2026-09-13T10:42:39+00:00,936945829,MELTY BLOOD: TYPE LUMINA,133,1,133.0,133,133,1.0,0,0,0,0
2026-09-13T10:42:39+00:00,75467,Euro Truck Simulator 2,130,13,10.0,5,68,0.523,40,10,4.0,9
2026-09-13T10:42:39+00:00,21136,WAKFU,129,5,25.8,8,63,0.488,12,2,6.0,3
2026-09-13T10:42:39+00:00,490422,StarCraft II,119,3,39.7,4,114,0.958,0,0,0,2
2026-09-13T10:42:39+00:00,1583524579,After-H: Battle Arena,119,2,59.5,59.5,79,0.664,0,0,0,0
2026-09-13T10:42:39+00:00,771448419,Aion 2,117,3,39.0,39,65,0.556,0,0,0,0
2026-09-13T10:42:39+00:00,13332,Pokémon FireRed/LeafGreen,113,3,37.7,28,84,0.743,0,0,0,1
2026-09-13T10:42:39+00:00,498417,Vintage Story,105,2,52.5,52.5,80,0.762,0,0,0,0
2026-09-13T10:42:39+00:00,1535225577,The Last of Us Part II Remastered,101,3,33.7,7,87,0.861,0,0,0,2
2026-09-13T10:42:39+00:00,1329153872,Pokémon Pokopia,100,3,33.3,45,55,0.55,0,0,0,1
2026-09-13T10:42:39+00:00,1441208453,Once Human,100,30,3.3,1.0,39,0.39,45,27,1.7,28
2026-09-13T11:12:36+00:00,21779,League of Legends,22745,107,212.6,3,9552,0.42,3222,104,31.0,78
2026-09-13T11:12:36+00:00,509658,Just Chatting,16600,117,141.9,6,6229,0.375,7068,114,62.0,64
2026-09-13T11:12:36+00:00,264440038,Deep Blue Sushi,11144,2,5572.0,5572.0,5711,0.512,0,0,0,0
2026-09-13T11:12:36+00:00,504461,Super Smash Bros. Ultimate,7286,7,1040.9,8,5499,0.755,12,4,3.0,4
2026-09-13T11:12:36+00:00,743893402,WARDOGS,6588,82,80.3,2.0,3255,0.494,1039,79,13.2,59
2026-09-13T11:12:36+00:00,18122,World of Warcraft,5988,54,110.9,5.5,1636,0.273,1868,51,36.6,32
2026-09-13T11:12:36+00:00,55453844,Street Fighter 6,4907,2,2453.5,2453.5,4895,0.998,0,0,0,0
2026-09-13T11:12:36+00:00,516575,VALORANT,3661,289,12.7,1,426,0.116,2565,286,9.0,249
2026-09-13T11:12:36+00:00,1357871551,The Blood of Dawnwalker,3498,34,102.9,2.5,2087,0.597,363,31,11.7,26
2026-09-13T11:12:36+00:00,509672,IRL,2823,17,166.1,22,1481,0.525,728,14,52.0,8
2026-09-13T11:12:36+00:00,513143,Teamfight Tactics,2145,26,82.5,2.0,1016,0.474,117,23,5.1,22
2026-09-13T11:12:36+00:00,515025,Overwatch,1568,46,34.1,3.0,874,0.557,359,43,8.3,31
2026-09-13T11:12:36+00:00,27471,Minecraft,1520,94,16.2,2.0,671,0.441,574,91,6.3,82
2026-09-13T11:12:36+00:00,499973,Always On,1447,23,62.9,4,699,0.483,224,20,11.2,14
2026-09-13T11:12:36+00:00,327598602,Onimusha: Way of the Sword,1328,30,44.3,1.0,765,0.576,53,27,2.0,27
2026-09-13T11:12:36+00:00,511224,Apex Legends,1306,42,31.1,2.0,1133,0.868,107,39,2.7,37
2026-09-13T11:12:36+00:00,33214,Fortnite,1275,243,5.2,1,308,0.242,683,240,2.8,228
2026-09-13T11:12:36+00:00,263490,Rust,1231,6,205.2,34.5,1032,0.838,7,3,2.3,3
2026-09-13T11:12:36+00:00,490292,DARK SOULS III,1007,3,335.7,8,998,0.991,0,0,0,2
2026-09-13T11:12:36+00:00,138585,Hearthstone,1007,12,83.9,3.5,862,0.856,48,9,5.3,7
2026-09-13T11:12:36+00:00,1751366933,Riftbound,936,3,312.0,21,913,0.975,0,0,0,1
2026-09-13T11:12:36+00:00,489170,DARK SOULS II: Scholar of the First Sin,917,3,305.7,10,906,0.988,0,0,0,1
2026-09-13T11:12:36+00:00,602040818,NBA 2K27,910,13,70.0,2,886,0.974,15,10,1.5,12
2026-09-13T11:12:36+00:00,30921,Rocket League,899,61,14.7,1,338,0.376,162,58,2.8,53
2026-09-13T11:12:36+00:00,417528,Albion Online,740,5,148.0,5,379,0.512,6,2,3.0,3
2026-09-13T11:12:36+00:00,20596,Dofus,590,20,29.5,15.5,108,0.183,323,17,19.0,7
2026-09-13T11:12:36+00:00,513181,Genshin Impact,548,16,34.2,2.0,404,0.737,33,13,2.5,13
2026-09-13T11:12:36+00:00,630009802,MARVEL TŌKON: Fighting Souls,521,1,521.0,521,521,1.0,0,0,0,0
2026-09-13T11:12:36+00:00,1951012895,Disney Lorcana Trading Card Game,491,1,491.0,491,491,1.0,0,0,0,0
2026-09-13T11:12:36+00:00,1122982998,Dark Souls: Remastered,488,6,81.3,3.0,475,0.973,7,3,2.3,5
2026-09-13T11:12:36+00:00,32982,Grand Theft Auto V,472,60,7.9,1.0,156,0.331,190,57,3.3,50
2026-09-13T11:12:36+00:00,32399,Counter-Strike,450,35,12.9,2,107,0.238,228,32,7.1,26
2026-09-13T11:12:36+00:00,1819887434,Tomb Raider I•II•III Remastered,429,1,429.0,429,429,1.0,0,0,0,0
2026-09-13T11:12:36+00:00,417752,Talk Shows & Podcasts,424,4,106.0,1.0,422,0.995,0,1,0.0,3
2026-09-13T11:12:36+00:00,509660,Art,414,25,16.6,10,113,0.273,236,22,10.7,11
2026-09-13T11:12:36+00:00,460630,Rainbow Six Siege,395,23,17.2,2,263,0.666,39,20,1.9,20
2026-09-13T11:12:36+00:00,512710,Call of Duty: Warzone,393,57,6.9,2,95,0.242,179,54,3.3,51
2026-09-13T11:12:36+00:00,1931693784,Pokémon Champions,389,4,97.2,7.0,374,0.961,1,1,1.0,2
2026-09-13T11:12:36+00:00,223869970,"Warhammer 40,000: Space Marine II",376,2,188.0,188.0,376,1.0,0,0,0,1
2026-09-13T11:12:36+00:00,24241,FINAL FANTASY XIV ONLINE,358,21,17.0,9,110,0.307,154,18,8.6,11
2026-09-13T11:12:36+00:00,1282866981,Delta Force,352,10,35.2,6.0,224,0.636,31,7,4.4,7
2026-09-13T11:12:36+00:00,624536948,EA Sports FC 26,351,27,13.0,1,281,0.801,41,24,1.7,24
2026-09-13T11:12:36+00:00,490377,Sea of Thieves,330,4,82.5,36.5,256,0.776,1,1,1.0,2
2026-09-13T11:12:36+00:00,27546,World of Tanks,304,6,50.7,14.5,227,0.747,19,3,6.3,3
2026-09-13T11:12:36+00:00,508455,Valheim,296,33,9.0,2,137,0.463,91,30,3.0,28
2026-09-13T11:12:36+00:00,491931,Escape from Tarkov,285,13,21.9,4,164,0.575,55,10,5.5,7
2026-09-13T11:12:36+00:00,369252,The Sims 4,279,4,69.8,35.0,207,0.742,2,1,2.0,1
2026-09-13T11:12:36+00:00,491487,Dead by Daylight,279,33,8.5,6,64,0.229,175,30,5.8,24
2026-09-13T11:12:36+00:00,31339,Project Zomboid,275,17,16.2,4,121,0.44,79,14,5.6,10
2026-09-13T11:12:36+00:00,1826300051,Mario Kart World,258,2,129.0,129.0,234,0.907,0,0,0,0
2026-09-13T11:12:36+00:00,518203,Sports,258,11,23.5,8,136,0.527,45,8,5.6,7
2026-09-13T11:12:36+00:00,417892,Z1: Battle Royale,257,13,19.8,3,96,0.374,52,10,5.2,7
2026-09-13T11:12:36+00:00,458781,No Man's Sky,244,15,16.3,4,103,0.422,44,12,3.7,11
2026-09-13T11:12:36+00:00,0,Sans catégorie,237,80,3.0,1.0,100,0.422,111,77,1.4,77
2026-09-13T11:12:36+00:00,1702520304,Path of Exile 2,232,7,33.1,1,208,0.897,4,4,1.0,5
2026-09-13T11:12:36+00:00,13332,Pokémon FireRed/LeafGreen,213,6,35.5,10.5,105,0.493,8,3,2.7,3
2026-09-13T11:12:36+00:00,818770426,Granblue Fantasy Versus: Rising,206,1,206.0,206,206,1.0,0,0,0,0
2026-09-13T11:12:36+00:00,509663,Special Events,206,13,15.8,11,57,0.277,92,10,9.2,5
2026-09-13T11:12:36+00:00,902998079,Halloween: The Game,189,16,11.8,3.0,108,0.571,30,13,2.3,14
2026-09-13T11:12:36+00:00,515024,Diablo IV,183,5,36.6,32,90,0.492,8,2,4.0,2
2026-09-13T11:12:36+00:00,506415, SEKIRO: SHADOWS DIE TWICE,176,3,58.7,1,174,0.989,0,0,0,2
2026-09-13T11:12:36+00:00,2060730947,Le Mans Ultimate,176,16,11.0,3.5,118,0.67,40,13,3.1,14
2026-09-13T11:12:36+00:00,494141,Monster Hunter Generations Ultimate,169,2,84.5,84.5,161,0.953,0,0,0,1
2026-09-13T11:12:36+00:00,209738946,Wuthering Waves,166,6,27.7,6.5,138,0.831,7,3,2.3,4
2026-09-13T11:12:36+00:00,376500771,Hades II,165,2,82.5,82.5,151,0.915,0,0,0,0
2026-09-13T11:12:36+00:00,982017546,Palia,162,4,40.5,33.5,93,0.574,2,1,2.0,1
2026-09-13T11:12:36+00:00,262437666,Farming Simulator 25,144,15,9.6,2,100,0.694,26,12,2.2,13
2026-09-13T11:12:36+00:00,65632,DayZ,141,16,8.8,2.5,37,0.262,54,13,4.2,11
2026-09-13T11:12:36+00:00,1447810239,Endless Legend 2,138,1,138.0,138,138,1.0,0,0,0,0
2026-09-13T11:12:36+00:00,1414860634,The Binding of Isaac: Repentance,138,4,34.5,22.5,89,0.645,4,1,4.0,1
2026-09-13T11:12:36+00:00,490422,StarCraft II,134,4,33.5,8.5,116,0.866,1,1,1.0,2
2026-09-13T11:12:36+00:00,71375,Star Citizen,133,9,14.8,3,96,0.722,15,6,2.5,6
2026-09-13T11:12:36+00:00,509538,Animal Crossing: New Horizons,131,3,43.7,52,55,0.42,0,0,0,0
2026-09-13T11:12:36+00:00,1036710512,Palworld,130,19,6.8,2,58,0.446,42,16,2.6,15
2026-09-13T11:12:36+00:00,512953,ELDEN RING,128,15,8.5,2,57,0.445,21,12,1.8,13
2026-09-13T11:12:36+00:00,771448419,Aion 2,127,4,31.8,32.5,54,0.425,8,1,8.0,1
2026-09-13T11:12:36+00:00,21136,WAKFU,122,5,24.4,14,59,0.484,9,2,4.5,2
2026-09-13T11:12:36+00:00,1441208453,Once Human,122,29,4.2,1,41,0.336,51,26,2.0,25
2026-09-13T11:12:36+00:00,1535225577,The Last of Us Part II Remastered,121,5,24.2,7,104,0.86,3,2,1.5,4
2026-09-13T11:12:36+00:00,29595,Dota 2,120,3,40.0,17,87,0.725,0,0,0,0
2026-09-13T11:12:36+00:00,23020,ROBLOX,115,73,1.6,1,19,0.165,87,70,1.2,72
2026-09-13T11:12:36+00:00,2012789438,Call of Duty: Black Ops 7,114,19,6.0,2,63,0.553,29,16,1.8,17
2026-09-13T11:12:36+00:00,1264310518,Marvel Rivals,112,14,8.0,2.0,25,0.223,48,11,4.4,9
2026-09-13T11:12:36+00:00,1494,Call of Duty,111,83,1.3,1,8,0.072,91,80,1.1,83
2026-09-13T11:12:36+00:00,4293,Medieval II: Total War,110,1,110.0,110,110,1.0,0,0,0,0
2026-09-13T11:12:36+00:00,509667,Food & Drink,110,3,36.7,26,67,0.609,0,0,0,0
2026-09-13T11:12:36+00:00,75467,Euro Truck Simulator 2,110,10,11.0,3.5,57,0.518,18,7,2.6,8
2026-09-13T11:12:36+00:00,464339927,ARC Raiders,105,21,5.0,1,23,0.219,52,18,2.9,16
2026-09-13T11:12:36+00:00,1583524579,After-H: Battle Arena,102,2,51.0,51.0,66,0.647,0,0,0,0
2026-09-13T11:12:36+00:00,743,Chess,100,4,25.0,13.5,72,0.72,1,1,1.0,1
2026-09-13T11:42:35+00:00,21779,League of Legends,23438,111,211.2,3,9754,0.416,3307,108,30.6,83
2026-09-13T11:42:35+00:00,509658,Just Chatting,20634,118,174.9,6.0,8653,0.419,8186,115,71.2,72
2026-09-13T11:42:35+00:00,264440038,Deep Blue Sushi,10792,2,5396.0,5396.0,5587,0.518,0,0,0,0
2026-09-13T11:42:35+00:00,743893402,WARDOGS,7565,85,89.0,3,3327,0.44,1786,82,21.8,57
2026-09-13T11:42:35+00:00,504461,Super Smash Bros. Ultimate,7293,6,1215.5,262.0,6069,0.832,5,3,1.7,3
2026-09-13T11:42:35+00:00,18122,World of Warcraft,6857,61,112.4,4,1428,0.208,2867,58,49.4,34
2026-09-13T11:42:35+00:00,55453844,Street Fighter 6,5312,1,5312.0,5312,5312,1.0,0,0,0,0
2026-09-13T11:42:35+00:00,1357871551,The Blood of Dawnwalker,4220,46,91.7,2.0,2195,0.52,635,43,14.8,36
2026-09-13T11:42:35+00:00,516575,VALORANT,3898,306,12.7,1.0,458,0.117,2756,303,9.1,267
2026-09-13T11:42:35+00:00,509672,IRL,2802,16,175.1,41.5,1459,0.521,729,13,56.1,7
2026-09-13T11:42:35+00:00,513143,Teamfight Tactics,2414,28,86.2,2.5,1099,0.455,144,25,5.8,23
2026-09-13T11:42:35+00:00,27471,Minecraft,1686,110,15.3,2.0,692,0.41,663,107,6.2,97
2026-09-13T11:42:35+00:00,33214,Fortnite,1548,302,5.1,1.0,316,0.204,809,299,2.7,285
2026-09-13T11:42:35+00:00,499973,Always On,1495,24,62.3,2.0,738,0.494,219,21,10.4,15
2026-09-13T11:42:35+00:00,327598602,Onimusha: Way of the Sword,1460,32,45.6,1.0,746,0.511,209,29,7.2,28
2026-09-13T11:42:35+00:00,511224,Apex Legends,1454,57,25.5,1,1219,0.838,127,54,2.4,52
2026-09-13T11:42:35+00:00,263490,Rust,1345,8,168.1,9.0,1123,0.835,28,5,5.6,4
2026-09-13T11:42:35+00:00,1751366933,Riftbound,1295,1,1295.0,1295,1295,1.0,0,0,0,0
2026-09-13T11:42:35+00:00,30921,Rocket League,1213,75,16.2,1,449,0.37,200,72,2.8,69
2026-09-13T11:42:35+00:00,490292,DARK SOULS III,1091,4,272.8,9.5,1071,0.982,1,1,1.0,2
2026-09-13T11:42:35+00:00,602040818,NBA 2K27,1019,13,78.4,2,992,0.974,17,10,1.7,12
2026-09-13T11:42:35+00:00,138585,Hearthstone,1004,9,111.6,15,871,0.868,49,6,8.2,4
2026-09-13T11:42:35+00:00,489170,DARK SOULS II: Scholar of the First Sin,998,3,332.7,12,985,0.987,0,0,0,1
2026-09-13T11:42:35+00:00,417528,Albion Online,894,7,127.7,64,381,0.426,76,4,19.0,3
2026-09-13T11:42:35+00:00,498566,Slots,842,2,421.0,421.0,841,0.999,0,0,0,1
2026-09-13T11:42:35+00:00,515025,Overwatch,798,53,15.1,3,172,0.216,371,50,7.4,40
2026-09-13T11:42:35+00:00,630009802,MARVEL TŌKON: Fighting Souls,762,2,381.0,381.0,759,0.996,0,0,0,1
2026-09-13T11:42:35+00:00,1099705332,Tomodachi Life: Living the Dream,759,1,759.0,759,759,1.0,0,0,0,0
2026-09-13T11:42:35+00:00,512710,Call of Duty: Warzone,667,67,10.0,2,171,0.256,326,64,5.1,56
2026-09-13T11:42:35+00:00,513181,Genshin Impact,643,16,40.2,2.5,433,0.673,69,13,5.3,11
2026-09-13T11:42:35+00:00,32982,Grand Theft Auto V,548,70,7.8,2.0,159,0.29,250,67,3.7,62
2026-09-13T11:42:35+00:00,509660,Art,503,26,19.3,7.0,99,0.197,235,23,10.2,14
2026-09-13T11:42:35+00:00,1122982998,Dark Souls: Remastered,496,5,99.2,4,483,0.974,3,2,1.5,4
2026-09-13T11:42:35+00:00,32399,Counter-Strike,480,37,13.0,2,91,0.19,237,34,7.0,27
2026-09-13T11:42:35+00:00,1931693784,Pokémon Champions,467,5,93.4,4,429,0.919,5,2,2.5,3
2026-09-13T11:42:35+00:00,1951012895,Disney Lorcana Trading Card Game,442,1,442.0,442,442,1.0,0,0,0,0
2026-09-13T11:42:35+00:00,20596,Dofus,439,20,21.9,12.0,106,0.241,196,17,11.5,10
2026-09-13T11:42:35+00:00,1819887434,Tomb Raider I•II•III Remastered,431,2,215.5,215.5,430,0.998,0,0,0,1
2026-09-13T11:42:35+00:00,624536948,EA Sports FC 26,421,34,12.4,2.0,274,0.651,83,31,2.7,29
2026-09-13T11:42:35+00:00,490377,Sea of Thieves,406,9,45.1,2,294,0.724,10,6,1.7,6
2026-09-13T11:42:35+00:00,24241,FINAL FANTASY XIV ONLINE,405,25,16.2,4,138,0.341,182,22,8.3,15
2026-09-13T11:42:35+00:00,223869970,"Warhammer 40,000: Space Marine II",376,1,376.0,376,376,1.0,0,0,0,0
2026-09-13T11:42:35+00:00,460630,Rainbow Six Siege,372,29,12.8,2,228,0.613,52,26,2.0,27
2026-09-13T11:42:35+00:00,508455,Valheim,363,39,9.3,3,140,0.386,155,36,4.3,33
2026-09-13T11:42:35+00:00,31339,Project Zomboid,350,19,18.4,6,143,0.409,117,16,7.3,12
2026-09-13T11:42:35+00:00,27546,World of Tanks,324,7,46.3,8,250,0.772,17,4,4.2,4
2026-09-13T11:42:35+00:00,491931,Escape from Tarkov,320,14,22.9,3.5,177,0.553,61,11,5.5,8
2026-09-13T11:42:35+00:00,1282866981,Delta Force,307,10,30.7,6.0,201,0.655,30,7,4.3,8
2026-09-13T11:42:35+00:00,1826300051,Mario Kart World,296,4,74.0,21.5,247,0.834,6,1,6.0,1
2026-09-13T11:42:35+00:00,818770426,Granblue Fantasy Versus: Rising,279,2,139.5,139.5,266,0.953,0,0,0,0
2026-09-13T11:42:35+00:00,458781,No Man's Sky,278,14,19.9,4.0,126,0.453,44,11,4.0,10
2026-09-13T11:42:35+00:00,0,Sans catégorie,276,88,3.1,1.0,132,0.478,122,85,1.4,86
2026-09-13T11:42:35+00:00,1702520304,Path of Exile 2,273,8,34.1,2.5,243,0.89,9,5,1.8,6
2026-09-13T11:42:35+00:00,489405,Dragon Ball Z: Dokkan Battle,262,6,43.7,18.0,171,0.653,23,3,7.7,2
2026-09-13T11:42:35+00:00,491487,Dead by Daylight,248,38,6.5,3.0,34,0.137,152,35,4.3,31
2026-09-13T11:42:35+00:00,13332,Pokémon FireRed/LeafGreen,239,5,47.8,23,114,0.477,3,2,1.5,2
2026-09-13T11:42:35+00:00,417892,Z1: Battle Royale,231,15,15.4,2,81,0.351,58,12,4.8,11
2026-09-13T11:42:35+00:00,902998079,Halloween: The Game,228,20,11.4,2.0,113,0.496,42,17,2.5,17
2026-09-13T11:42:35+00:00,506415, SEKIRO: SHADOWS DIE TWICE,219,3,73.0,1,217,0.991,0,0,0,2
2026-09-13T11:42:35+00:00,509663,Special Events,208,14,14.9,9.5,54,0.26,93,11,8.5,7
2026-09-13T11:42:35+00:00,23020,ROBLOX,195,86,2.3,1.0,58,0.297,118,83,1.4,84
2026-09-13T11:42:35+00:00,2060730947,Le Mans Ultimate,187,16,11.7,3.0,114,0.61,54,13,4.2,14
2026-09-13T11:42:35+00:00,494141,Monster Hunter Generations Ultimate,165,2,82.5,82.5,160,0.97,0,0,0,1
2026-09-13T11:42:35+00:00,376500771,Hades II,159,4,39.8,8.0,143,0.899,0,1,0.0,2
2026-09-13T11:42:35+00:00,512953,ELDEN RING,158,26,6.1,2.5,54,0.342,57,23,2.5,24
2026-09-13T11:42:35+00:00,21136,WAKFU,156,5,31.2,9,95,0.609,11,2,5.5,3
2026-09-13T11:42:35+00:00,518203,Sports,156,11,14.2,4,68,0.436,23,8,2.9,8
2026-09-13T11:42:35+00:00,29595,Dota 2,150,5,30.0,18,112,0.747,1,2,0.5,2
2026-09-13T11:42:35+00:00,75467,Euro Truck Simulator 2,149,11,13.5,1,72,0.483,16,8,2.0,9
2026-09-13T11:42:35+00:00,458353,Darkest Dungeon,147,1,147.0,147,147,1.0,0,0,0,0
2026-09-13T11:42:35+00:00,1036710512,Palworld,143,20,7.2,2.5,57,0.399,51,17,3.0,16
2026-09-13T11:42:35+00:00,209738946,Wuthering Waves,142,3,47.3,5,136,0.958,0,0,0,2
2026-09-13T11:42:35+00:00,982017546,Palia,133,5,26.6,8,81,0.609,6,2,3.0,3
2026-09-13T11:42:35+00:00,2012789438,Call of Duty: Black Ops 7,129,21,6.1,2,72,0.558,33,18,1.8,19
2026-09-13T11:42:35+00:00,1264310518,Marvel Rivals,129,16,8.1,3.0,36,0.279,55,13,4.2,10
2026-09-13T11:42:35+00:00,1447810239,Endless Legend 2,126,1,126.0,126,126,1.0,0,0,0,0
2026-09-13T11:42:35+00:00,490422,StarCraft II,126,3,42.0,15,102,0.81,0,0,0,1
2026-09-13T11:42:35+00:00,1494,Call of Duty,125,93,1.3,1,9,0.072,106,90,1.2,93
2026-09-13T11:42:35+00:00,994874099,Tiny House Simulator,124,1,124.0,124,124,1.0,0,0,0,0
2026-09-13T11:42:35+00:00,4293,Medieval II: Total War,121,1,121.0,121,121,1.0,0,0,0,0
2026-09-13T11:42:35+00:00,1535225577,The Last of Us Part II Remastered,121,4,30.2,4.0,112,0.926,1,1,1.0,3
2026-09-13T11:42:35+00:00,515024,Diablo IV,116,4,29.0,26.0,64,0.552,0,1,0.0,2
2026-09-13T11:42:35+00:00,386821,Black Desert,116,6,19.3,11.5,41,0.353,22,3,7.3,2
2026-09-13T11:42:35+00:00,464339927,ARC Raiders,113,22,5.1,1.5,23,0.204,55,19,2.9,17
2026-09-13T11:42:35+00:00,65632,DayZ,112,13,8.6,3,33,0.295,33,10,3.3,10
2026-09-13T11:42:35+00:00,509667,Food & Drink,109,3,36.3,28,66,0.606,0,0,0,0
2026-09-13T11:42:35+00:00,26936,Music,109,15,7.3,2,63,0.578,23,12,1.9,13
2026-09-13T11:42:35+00:00,27284,Retro,101,7,14.4,11,48,0.475,23,4,5.8,3
2026-09-13T11:42:35+00:00,76929895,The Seven Deadly Sins: Origin,100,5,20.0,3,72,0.72,6,2,3.0,3
2026-09-13T11:42:35+00:00,500188,Hunt: Showdown 1896,100,10,10.0,3.5,60,0.6,17,7,2.4,8
2026-09-13T12:12:34+00:00,21779,League of Legends,24474,131,186.8,2,10250,0.419,4078,128,31.9,99
2026-09-13T12:12:34+00:00,509658,Just Chatting,24330,150,162.2,6.0,10254,0.421,9850,147,67.0,86
2026-09-13T12:12:34+00:00,264440038,Deep Blue Sushi,10536,2,5268.0,5268.0,5511,0.523,0,0,0,0
2026-09-13T12:12:34+00:00,18122,World of Warcraft,7412,67,110.6,7,1318,0.178,3514,64,54.9,39
2026-09-13T12:12:34+00:00,743893402,WARDOGS,6751,95,71.1,4,2335,0.346,2132,92,23.2,65
2026-09-13T12:12:34+00:00,55453844,Street Fighter 6,5879,3,1959.7,17,5856,0.996,0,0,0,1
2026-09-13T12:12:34+00:00,1357871551,The Blood of Dawnwalker,4716,62,76.1,2.0,2332,0.494,832,59,14.1,47
2026-09-13T12:12:34+00:00,516575,VALORANT,4316,390,11.1,2.0,458,0.106,3097,387,8.0,345
2026-09-13T12:12:34+00:00,509672,IRL,2753,17,161.9,18,1501,0.545,630,14,45.0,8
2026-09-13T12:12:34+00:00,513143,Teamfight Tactics,2575,29,88.8,2,1241,0.482,200,26,7.7,22
2026-09-13T12:12:34+00:00,33214,Fortnite,1752,335,5.2,1,349,0.199,932,332,2.8,318
2026-09-13T12:12:34+00:00,263490,Rust,1364,8,170.5,11.5,1145,0.839,29,5,5.8,4
2026-09-13T12:12:34+00:00,327598602,Onimusha: Way of the Sword,1360,32,42.5,1.0,773,0.568,52,29,1.8,29
2026-09-13T12:12:34+00:00,30921,Rocket League,1324,98,13.5,1.0,448,0.338,235,95,2.5,91
2026-09-13T12:12:34+00:00,1751366933,Riftbound,1254,3,418.0,17,1234,0.984,0,0,0,1
2026-09-13T12:12:34+00:00,602040818,NBA 2K27,1163,13,89.5,2,1126,0.968,15,10,1.5,11
2026-09-13T12:12:34+00:00,490292,DARK SOULS III,1094,5,218.8,1,1077,0.984,2,2,1.0,3
2026-09-13T12:12:34+00:00,489170,DARK SOULS II: Scholar of the First Sin,1078,3,359.3,15,1061,0.984,0,0,0,1
2026-09-13T12:12:34+00:00,515025,Overwatch,1045,60,17.4,3.0,346,0.331,427,57,7.5,49
2026-09-13T12:12:34+00:00,27471,Minecraft,1017,130,7.8,1.0,171,0.168,519,127,4.1,115
2026-09-13T12:12:34+00:00,499973,Always On,1000,22,45.5,1.5,711,0.711,143,19,7.5,15
2026-09-13T12:12:34+00:00,513181,Genshin Impact,964,21,45.9,5,511,0.53,116,18,6.4,13
2026-09-13T12:12:34+00:00,417528,Albion Online,949,10,94.9,6.5,397,0.418,84,7,12.0,6
2026-09-13T12:12:34+00:00,138585,Hearthstone,899,8,112.4,18.5,801,0.891,40,5,8.0,3
2026-09-13T12:12:34+00:00,498566,Slots,853,2,426.5,426.5,852,0.999,0,0,0,1
2026-09-13T12:12:34+00:00,1931693784,Pokémon Champions,841,8,105.1,13.5,458,0.545,33,5,6.6,4
2026-09-13T12:12:34+00:00,630009802,MARVEL TŌKON: Fighting Souls,810,2,405.0,405.0,804,0.993,0,0,0,1
2026-09-13T12:12:34+00:00,1099705332,Tomodachi Life: Living the Dream,788,1,788.0,788,788,1.0,0,0,0,0
2026-09-13T12:12:34+00:00,504461,Super Smash Bros. Ultimate,775,3,258.3,3,771,0.995,0,0,0,2
2026-09-13T12:12:34+00:00,512710,Call of Duty: Warzone,753,82,9.2,2.0,185,0.246,392,79,5.0,70
2026-09-13T12:12:34+00:00,32399,Counter-Strike,628,40,15.7,2.0,174,0.277,317,37,8.6,28
2026-09-13T12:12:34+00:00,509660,Art,618,30,20.6,8.0,134,0.217,301,27,11.1,16
2026-09-13T12:12:34+00:00,20596,Dofus,588,26,22.6,14.5,110,0.187,363,23,15.8,12
2026-09-13T12:12:34+00:00,490377,Sea of Thieves,546,14,39.0,2.5,357,0.654,53,11,4.8,10
2026-09-13T12:12:34+00:00,518203,Sports,538,14,38.4,15.0,175,0.325,139,11,12.6,6
2026-09-13T12:12:34+00:00,1122982998,Dark Souls: Remastered,534,3,178.0,8,525,0.983,0,0,0,2
2026-09-13T12:12:34+00:00,508455,Valheim,495,51,9.7,3,140,0.283,242,48,5.0,44
2026-09-13T12:12:34+00:00,32982,Grand Theft Auto V,483,77,6.3,2,81,0.168,318,74,4.3,66
2026-09-13T12:12:34+00:00,24241,FINAL FANTASY XIV ONLINE,482,31,15.5,4,157,0.326,215,28,7.7,20
2026-09-13T12:12:34+00:00,1951012895,Disney Lorcana Trading Card Game,478,1,478.0,478,478,1.0,0,0,0,0
2026-09-13T12:12:34+00:00,1819887434,Tomb Raider I•II•III Remastered,478,2,239.0,239.0,437,0.914,0,0,0,0
2026-09-13T12:12:34+00:00,460630,Rainbow Six Siege,431,31,13.9,2,256,0.594,74,28,2.6,27
2026-09-13T12:12:34+00:00,31339,Project Zomboid,420,20,21.0,10.0,138,0.329,186,17,10.9,9
2026-09-13T12:12:34+00:00,458781,No Man's Sky,381,22,17.3,5.0,141,0.37,120,19,6.3,16
2026-09-13T12:12:34+00:00,674491029,Star Wars Zero Company,377,11,34.3,4,306,0.812,26,8,3.2,8
2026-09-13T12:12:34+00:00,491487,Dead by Daylight,366,58,6.3,3.0,36,0.098,277,55,5.0,45
2026-09-13T12:12:34+00:00,65632,DayZ,356,21,17.0,2,125,0.351,98,18,5.4,14
2026-09-13T12:12:34+00:00,509663,Special Events,341,13,26.2,10,132,0.387,122,10,12.2,6
2026-09-13T12:12:34+00:00,27546,World of Tanks,331,9,36.8,4,256,0.773,20,6,3.3,6
2026-09-13T12:12:34+00:00,491931,Escape from Tarkov,320,13,24.6,4,177,0.553,59,10,5.9,7
2026-09-13T12:12:34+00:00,1282866981,Delta Force,315,6,52.5,10.5,213,0.676,15,3,5.0,3
2026-09-13T12:12:34+00:00,1702520304,Path of Exile 2,311,12,25.9,4.5,227,0.73,39,9,4.3,8
2026-09-13T12:12:34+00:00,492553,Sid Meier's Civilization VI,306,1,306.0,306,306,1.0,0,0,0,0
2026-09-13T12:12:34+00:00,511224,Apex Legends,303,67,4.5,1,94,0.31,131,64,2.0,62
2026-09-13T12:12:34+00:00,818770426,Granblue Fantasy Versus: Rising,299,2,149.5,149.5,286,0.957,0,0,0,0
2026-09-13T12:12:34+00:00,13332,Pokémon FireRed/LeafGreen,291,7,41.6,9,157,0.54,20,4,5.0,4
2026-09-13T12:12:34+00:00,1264310518,Marvel Rivals,283,24,11.8,6.5,47,0.166,179,21,8.5,13
2026-09-13T12:12:34+00:00,1826300051,Mario Kart World,281,4,70.2,13.5,249,0.886,5,1,5.0,2
2026-09-13T12:12:34+00:00,509538,Animal Crossing: New Horizons,280,4,70.0,64.5,132,0.471,19,1,19.0,0
2026-09-13T12:12:34+00:00,417892,Z1: Battle Royale,266,16,16.6,4.5,69,0.259,92,13,7.1,10
2026-09-13T12:12:34+00:00,1648266296,Bonobros,260,1,260.0,260,260,1.0,0,0,0,0
2026-09-13T12:12:34+00:00,506415, SEKIRO: SHADOWS DIE TWICE,233,5,46.6,0,232,0.996,0,2,0.0,4
2026-09-13T12:12:34+00:00,458353,Darkest Dungeon,219,2,109.5,109.5,217,0.991,0,0,0,1
2026-09-13T12:12:34+00:00,464339927,ARC Raiders,205,18,11.4,1.5,119,0.58,42,15,2.8,14
2026-09-13T12:12:34+00:00,2012789438,Call of Duty: Black Ops 7,202,26,7.8,2.0,68,0.337,60,23,2.6,22
2026-09-13T12:12:34+00:00,0,Sans catégorie,199,88,2.3,1.0,63,0.317,115,85,1.4,85
2026-09-13T12:12:34+00:00,512953,ELDEN RING,188,25,7.5,3,54,0.287,71,22,3.2,22
2026-09-13T12:12:34+00:00,2060730947,Le Mans Ultimate,187,18,10.4,4.0,111,0.594,57,15,3.8,16
2026-09-13T12:12:34+00:00,498482,Age of Empires IV,186,4,46.5,17.5,143,0.769,8,1,8.0,1
2026-09-13T12:12:34+00:00,624536948,EA Sports FC 26,186,39,4.8,1,48,0.258,92,36,2.6,35
2026-09-13T12:12:34+00:00,75467,Euro Truck Simulator 2,185,14,13.2,5.5,61,0.33,43,11,3.9,11
2026-09-13T12:12:34+00:00,1036710512,Palworld,177,24,7.4,2.0,65,0.367,62,21,3.0,19
2026-09-13T12:12:34+00:00,21136,WAKFU,169,4,42.2,22.0,121,0.716,4,1,4.0,2
2026-09-13T12:12:34+00:00,209738946,Wuthering Waves,159,6,26.5,4.0,142,0.893,6,3,2.0,5
2026-09-13T12:12:34+00:00,494141,Monster Hunter Generations Ultimate,157,1,157.0,157,157,1.0,0,0,0,0
2026-09-13T12:12:34+00:00,376500771,Hades II,157,5,31.4,5,137,0.873,5,2,2.5,3
2026-09-13T12:12:34+00:00,29595,Dota 2,146,4,36.5,7.5,130,0.89,1,1,1.0,2
2026-09-13T12:12:34+00:00,23020,ROBLOX,146,98,1.5,1.0,10,0.068,120,95,1.3,97
2026-09-13T12:12:34+00:00,902998079,Halloween: The Game,142,19,7.5,2,54,0.38,39,16,2.4,17
2026-09-13T12:12:34+00:00,27284,Retro,142,12,11.8,8.5,51,0.359,56,9,6.2,6
2026-09-13T12:12:34+00:00,1494,Call of Duty,140,110,1.3,1.0,6,0.043,124,107,1.2,110
2026-09-13T12:12:34+00:00,982017546,Palia,139,6,23.2,10.0,79,0.568,13,3,4.3,3
2026-09-13T12:12:34+00:00,515024,Diablo IV,139,5,27.8,5,72,0.518,3,2,1.5,3
2026-09-13T12:12:34+00:00,489405,Dragon Ball Z: Dokkan Battle,138,5,27.6,27,49,0.355,13,2,6.5,1
2026-09-13T12:12:34+00:00,386821,Black Desert,138,9,15.3,6,46,0.333,30,6,5.0,5
2026-09-13T12:12:34+00:00,1535225577,The Last of Us Part II Remastered,137,5,27.4,5,120,0.876,5,2,2.5,4
2026-09-13T12:12:34+00:00,1441208453,Once Human,130,38,3.4,1.0,25,0.192,70,35,2.0,35
2026-09-13T12:12:34+00:00,490422,StarCraft II,123,3,41.0,14,105,0.854,0,0,0,1
2026-09-13T12:12:34+00:00,743,Chess,117,4,29.2,9.5,98,0.838,0,1,0.0,2
2026-09-13T12:12:34+00:00,994874099,Tiny House Simulator,116,1,116.0,116,116,1.0,0,0,0,0
2026-09-13T12:12:34+00:00,500188,Hunt: Showdown 1896,115,16,7.2,3.0,49,0.426,43,13,3.3,13
2026-09-13T12:12:34+00:00,4293,Medieval II: Total War,113,1,113.0,113,113,1.0,0,0,0,0
2026-09-13T12:12:34+00:00,76929895,The Seven Deadly Sins: Origin,112,4,28.0,3.0,104,0.929,2,1,2.0,3
2026-09-13T12:12:34+00:00,509667,Food & Drink,111,4,27.8,22.0,64,0.577,3,1,3.0,2
2026-09-13T12:12:34+00:00,1119642287,Yu-Gi-Oh! Master Duel,105,2,52.5,52.5,104,0.99,0,0,0,1
2026-09-13T12:12:34+00:00,493057,PUBG: BATTLEGROUNDS,104,10,10.4,3.5,76,0.731,15,7,2.1,9
2026-09-13T12:12:34+00:00,71375,Star Citizen,104,10,10.4,6.0,47,0.452,28,7,4.0,7
2026-09-13T12:12:34+00:00,493959,Red Dead Redemption II,102,14,7.3,3.0,31,0.304,25,11,2.3,11
2026-09-13T12:42:35+00:00,509658,Just Chatting,27671,169,163.7,6,10878,0.393,12230,166,73.7,99
2026-09-13T12:42:35+00:00,21779,League of Legends,22403,143,156.7,2,9059,0.404,4369,140,31.2,112
2026-09-13T12:42:35+00:00,264440038,Deep Blue Sushi,10248,2,5124.0,5124.0,5533,0.54,0,0,0,0
2026-09-13T12:42:35+00:00,743893402,WARDOGS,7797,122,63.9,4.0,2469,0.317,2573,119,21.6,90
2026-09-13T12:42:35+00:00,18122,World of Warcraft,7609,84,90.6,5.0,1628,0.214,3203,81,39.5,55
2026-09-13T12:42:35+00:00,55453844,Street Fighter 6,5404,3,1801.3,14,5385,0.996,0,0,0,1
2026-09-13T12:42:35+00:00,1357871551,The Blood of Dawnwalker,4641,64,72.5,2.0,2427,0.523,545,61,8.9,50
2026-09-13T12:42:35+00:00,516575,VALORANT,4123,448,9.2,1.0,445,0.108,2898,445,6.5,405
2026-09-13T12:42:35+00:00,513143,Teamfight Tactics,2608,26,100.3,3.0,1245,0.477,259,23,11.3,20
2026-09-13T12:42:35+00:00,509672,IRL,2565,17,150.9,2,1443,0.563,516,14,36.9,10
2026-09-13T12:42:35+00:00,33214,Fortnite,2422,414,5.9,1.0,452,0.187,1340,411,3.3,394
2026-09-13T12:42:35+00:00,515025,Overwatch,1397,70,20.0,3.0,378,0.271,680,67,10.1,55
2026-09-13T12:42:35+00:00,263490,Rust,1396,11,126.9,5,1121,0.803,40,8,5.0,7
2026-09-13T12:42:35+00:00,30921,Rocket League,1383,95,14.6,1,552,0.399,241,92,2.6,88
2026-09-13T12:42:35+00:00,327598602,Onimusha: Way of the Sword,1357,38,35.7,1.0,747,0.55,85,35,2.4,33
2026-09-13T12:42:35+00:00,1751366933,Riftbound,1271,3,423.7,3,1265,0.995,0,0,0,2
2026-09-13T12:42:35+00:00,20596,Dofus,1208,34,35.5,6.0,627,0.519,429,31,13.8,20
2026-09-13T12:42:35+00:00,509663,Special Events,1196,13,92.0,14,824,0.689,119,10,11.9,6
2026-09-13T12:42:35+00:00,1931693784,Pokémon Champions,1184,11,107.6,3,727,0.614,43,8,5.4,7
2026-09-13T12:42:35+00:00,513181,Genshin Impact,1146,28,40.9,3.0,511,0.446,248,25,9.9,19
2026-09-13T12:42:35+00:00,489170,DARK SOULS II: Scholar of the First Sin,1100,3,366.7,13,1085,0.986,0,0,0,1
2026-09-13T12:42:35+00:00,602040818,NBA 2K27,1085,12,90.4,3.5,982,0.905,35,9,3.9,8
2026-09-13T12:42:35+00:00,490292,DARK SOULS III,1082,6,180.3,3.5,1067,0.986,7,3,2.3,5
2026-09-13T12:42:35+00:00,27471,Minecraft,1066,132,8.1,2.0,183,0.172,557,129,4.3,115
2026-09-13T12:42:35+00:00,499973,Always On,949,21,45.2,3,683,0.72,135,18,7.5,14
2026-09-13T12:42:35+00:00,138585,Hearthstone,927,10,92.7,1.5,844,0.91,29,7,4.1,6
2026-09-13T12:42:35+00:00,32982,Grand Theft Auto V,793,101,7.9,2,203,0.256,474,98,4.8,85
2026-09-13T12:42:35+00:00,1099705332,Tomodachi Life: Living the Dream,774,1,774.0,774,774,1.0,0,0,0,0
2026-09-13T12:42:35+00:00,630009802,MARVEL TŌKON: Fighting Souls,767,2,383.5,383.5,761,0.992,0,0,0,1
2026-09-13T12:42:35+00:00,32399,Counter-Strike,743,45,16.5,2,230,0.31,369,42,8.8,32
2026-09-13T12:42:35+00:00,512710,Call of Duty: Warzone,711,108,6.6,2.0,90,0.127,453,105,4.3,93
2026-09-13T12:42:35+00:00,509660,Art,659,36,18.3,6.5,149,0.226,325,33,9.8,22
2026-09-13T12:42:35+00:00,417528,Albion Online,643,8,80.4,29.0,336,0.523,70,5,14.0,3
2026-09-13T12:42:35+00:00,65632,DayZ,639,24,26.6,1.5,314,0.491,101,21,4.8,17
2026-09-13T12:42:35+00:00,458781,No Man's Sky,600,23,26.1,3,185,0.308,152,20,7.6,17
2026-09-13T12:42:35+00:00,518203,Sports,592,15,39.5,8,212,0.358,112,12,9.3,8
2026-09-13T12:42:35+00:00,508455,Valheim,567,64,8.9,3.0,134,0.236,262,61,4.3,57
2026-09-13T12:42:35+00:00,1951012895,Disney Lorcana Trading Card Game,564,1,564.0,564,564,1.0,0,0,0,0
2026-09-13T12:42:35+00:00,1122982998,Dark Souls: Remastered,531,5,106.2,5,515,0.97,4,2,2.0,4
2026-09-13T12:42:35+00:00,490377,Sea of Thieves,523,15,34.9,3,369,0.706,49,12,4.1,11
2026-09-13T12:42:35+00:00,24241,FINAL FANTASY XIV ONLINE,504,36,14.0,3.0,160,0.317,234,33,7.1,25
2026-09-13T12:42:35+00:00,32959,Heroes of the Storm,489,3,163.0,59,419,0.857,0,0,0,0
2026-09-13T12:42:35+00:00,1819887434,Tomb Raider I•II•III Remastered,481,4,120.2,27.0,421,0.875,6,1,6.0,2
2026-09-13T12:42:35+00:00,509538,Animal Crossing: New Horizons,468,4,117.0,69.0,313,0.669,17,1,17.0,0
2026-09-13T12:42:35+00:00,492553,Sid Meier's Civilization VI,463,1,463.0,463,463,1.0,0,0,0,0
2026-09-13T12:42:35+00:00,491487,Dead by Daylight,459,68,6.8,3.0,86,0.187,311,65,4.8,53
2026-09-13T12:42:35+00:00,31339,Project Zomboid,436,25,17.4,6,144,0.33,201,22,9.1,14
2026-09-13T12:42:35+00:00,674491029,Star Wars Zero Company,434,13,33.4,4,301,0.694,43,10,4.3,9
2026-09-13T12:42:35+00:00,460630,Rainbow Six Siege,403,46,8.8,1.0,245,0.608,127,43,3.0,39
2026-09-13T12:42:35+00:00,1282866981,Delta Force,336,6,56.0,6.0,233,0.693,4,3,1.3,4
2026-09-13T12:42:35+00:00,511224,Apex Legends,335,74,4.5,1.0,84,0.251,188,71,2.6,65
2026-09-13T12:42:35+00:00,491931,Escape from Tarkov,332,15,22.1,6,177,0.533,63,12,5.2,10
2026-09-13T12:42:35+00:00,1264310518,Marvel Rivals,331,28,11.8,3.0,76,0.23,176,25,7.0,18
2026-09-13T12:42:35+00:00,417892,Z1: Battle Royale,330,15,22.0,3,80,0.242,120,12,10.0,10
2026-09-13T12:42:35+00:00,0,Sans catégorie,328,103,3.2,1,170,0.518,137,100,1.4,99
2026-09-13T12:42:35+00:00,27546,World of Tanks,322,12,26.8,3.5,235,0.73,27,9,3.0,9
2026-09-13T12:42:35+00:00,13332,Pokémon FireRed/LeafGreen,322,8,40.2,11.5,127,0.394,35,5,7.0,4
2026-09-13T12:42:35+00:00,1702520304,Path of Exile 2,310,12,25.8,3.5,232,0.748,33,9,3.7,8
2026-09-13T12:42:35+00:00,1648266296,Bonobros,294,1,294.0,294,294,1.0,0,0,0,0
2026-09-13T12:42:35+00:00,1826300051,Mario Kart World,294,4,73.5,13.0,262,0.891,6,1,6.0,2
2026-09-13T12:42:35+00:00,902998079,Halloween: The Game,274,29,9.4,2,94,0.343,88,26,3.4,25
2026-09-13T12:42:35+00:00,818770426,Granblue Fantasy Versus: Rising,262,2,131.0,131.0,247,0.943,0,0,0,0
2026-09-13T12:42:35+00:00,21136,WAKFU,261,5,52.2,10,148,0.567,10,2,5.0,2
2026-09-13T12:42:35+00:00,506415, SEKIRO: SHADOWS DIE TWICE,257,4,64.2,1.5,254,0.988,0,1,0.0,3
2026-09-13T12:42:35+00:00,458353,Darkest Dungeon,253,2,126.5,126.5,249,0.984,0,0,0,1
2026-09-13T12:42:35+00:00,464339927,ARC Raiders,253,22,11.5,2.0,151,0.597,59,19,3.1,17
2026-09-13T12:42:35+00:00,497497,Brawl Stars,239,12,19.9,3.0,179,0.749,21,9,2.3,10
2026-09-13T12:42:35+00:00,1910993272,Bodycam,225,5,45.0,1,219,0.973,1,2,0.5,4
2026-09-13T12:42:35+00:00,2012789438,Call of Duty: Black Ops 7,214,22,9.7,1.5,69,0.322,60,19,3.2,17
2026-09-13T12:42:35+00:00,624536948,EA Sports FC 26,210,42,5.0,1.0,40,0.19,119,39,3.1,35
2026-09-13T12:42:35+00:00,2060730947,Le Mans Ultimate,198,19,10.4,4,100,0.505,71,16,4.4,15
2026-09-13T12:42:35+00:00,498482,Age of Empires IV,192,5,38.4,13,137,0.714,14,2,7.0,1
2026-09-13T12:42:35+00:00,23020,ROBLOX,191,115,1.7,1,8,0.042,168,112,1.5,115
2026-09-13T12:42:35+00:00,76929895,The Seven Deadly Sins: Origin,188,5,37.6,3,92,0.489,2,2,1.0,3
2026-09-13T12:42:35+00:00,494141,Monster Hunter Generations Ultimate,167,2,83.5,83.5,162,0.97,0,0,0,1
2026-09-13T12:42:35+00:00,209738946,Wuthering Waves,158,6,26.3,5.5,139,0.88,5,3,1.7,5
2026-09-13T12:42:35+00:00,29595,Dota 2,157,3,52.3,18,137,0.873,0,0,0,1
2026-09-13T12:42:35+00:00,512953,ELDEN RING,156,33,4.7,3,43,0.276,87,30,2.9,30
2026-09-13T12:42:35+00:00,515024,Diablo IV,155,9,17.2,2,77,0.497,10,6,1.7,7
2026-09-13T12:42:35+00:00,1441208453,Once Human,154,42,3.7,1.5,29,0.188,78,39,2.0,38
2026-09-13T12:42:35+00:00,1494,Call of Duty,154,118,1.3,1.0,8,0.052,135,115,1.2,118
2026-09-13T12:42:35+00:00,1535225577,The Last of Us Part II Remastered,135,7,19.3,4,115,0.852,7,4,1.8,6
2026-09-13T12:42:35+00:00,1119642287,Yu-Gi-Oh! Master Duel,133,2,66.5,66.5,119,0.895,0,0,0,0
2026-09-13T12:42:35+00:00,1036710512,Palworld,131,24,5.5,2.0,57,0.435,46,21,2.2,21
2026-09-13T12:42:35+00:00,27284,Retro,125,12,10.4,4.5,61,0.488,34,9,3.8,8
2026-09-13T12:42:35+00:00,994874099,Tiny House Simulator,123,1,123.0,123,123,1.0,0,0,0,0
2026-09-13T12:42:35+00:00,500188,Hunt: Showdown 1896,123,18,6.8,3.0,48,0.39,48,15,3.2,14
2026-09-13T12:42:35+00:00,493057,PUBG: BATTLEGROUNDS,121,13,9.3,1,89,0.736,17,10,1.7,12
2026-09-13T12:42:35+00:00,4293,Medieval II: Total War,118,1,118.0,118,118,1.0,0,0,0,0
2026-09-13T12:42:35+00:00,513753,THE KING OF FIGHTERS XV,117,1,117.0,117,117,1.0,0,0,0,0
2026-09-13T12:42:35+00:00,386821,Black Desert,113,7,16.1,8,46,0.407,21,4,5.2,4
2026-09-13T12:42:35+00:00,982017546,Palia,112,5,22.4,7,73,0.652,6,2,3.0,3
2026-09-13T12:42:35+00:00,66170,Warframe,112,16,7.0,3.5,32,0.286,42,13,3.2,13
2026-09-13T12:42:35+00:00,71375,Star Citizen,110,11,10.0,7,35,0.318,33,8,4.1,7
2026-09-13T12:42:35+00:00,743,Chess,108,2,54.0,54.0,106,0.981,0,0,0,1
2026-09-13T12:42:35+00:00,1286077738,Monster Hunter Wilds,104,17,6.1,2,30,0.288,40,14,2.9,13
2026-09-13T12:42:35+00:00,18846,Garry's Mod,103,2,51.5,51.5,101,0.981,0,0,0,1
2026-09-13T12:42:35+00:00,26936,Music,102,16,6.4,1.0,58,0.569,23,13,1.8,14
2026-09-13T12:42:35+00:00,401587136,Arena Breakout: Infinite,101,6,16.8,8.0,69,0.683,14,3,4.7,5
2026-09-13T12:42:35+00:00,65876,Cyberpunk 2077,100,20,5.0,1.0,54,0.54,28,17,1.6,18
2026-09-13T13:12:36+00:00,509658,Just Chatting,37424,201,186.2,5,12689,0.339,12140,198,61.3,126
2026-09-13T13:12:36+00:00,264440038,Deep Blue Sushi,10208,3,3402.7,4678,5527,0.541,0,0,0,1
2026-09-13T13:12:36+00:00,743893402,WARDOGS,8641,144,60.0,3.0,2602,0.301,2991,141,21.2,106
2026-09-13T13:12:36+00:00,18122,World of Warcraft,7942,85,93.4,5,1756,0.221,3331,82,40.6,54
2026-09-13T13:12:36+00:00,21779,League of Legends,7403,161,46.0,2,2089,0.282,3030,158,19.2,131
2026-09-13T13:12:36+00:00,55453844,Street Fighter 6,5582,4,1395.5,4.0,5573,0.998,1,1,1.0,3
2026-09-13T13:12:36+00:00,1357871551,The Blood of Dawnwalker,5064,81,62.5,2,2512,0.496,897,78,11.5,64
2026-09-13T13:12:36+00:00,670845514,Les aventures de T'choupi a l'ecole,5001,1,5001.0,5001,5001,1.0,0,0,0,0
2026-09-13T13:12:36+00:00,516575,VALORANT,4961,521,9.5,1,950,0.191,3294,518,6.4,474
2026-09-13T13:12:36+00:00,33214,Fortnite,3529,509,6.9,1,675,0.191,2208,506,4.4,483
2026-09-13T13:12:36+00:00,509672,IRL,2499,20,125.0,2.5,1511,0.605,370,17,21.8,12
2026-09-13T13:12:36+00:00,513143,Teamfight Tactics,2250,23,97.8,3,1310,0.582,131,20,6.5,17
2026-09-13T13:12:36+00:00,518203,Sports,1840,24,76.7,8.0,566,0.308,668,21,31.8,13
2026-09-13T13:12:36+00:00,515025,Overwatch,1648,88,18.7,3.0,388,0.235,857,85,10.1,67
2026-09-13T13:12:36+00:00,20596,Dofus,1626,44,37.0,3.0,970,0.597,454,41,11.1,30
2026-09-13T13:12:36+00:00,30921,Rocket League,1476,106,13.9,1.0,547,0.371,372,103,3.6,97
2026-09-13T13:12:36+00:00,263490,Rust,1386,12,115.5,4.0,1139,0.822,29,9,3.2,9
2026-09-13T13:12:36+00:00,1931693784,Pokémon Champions,1382,10,138.2,4.5,969,0.701,32,7,4.6,6
2026-09-13T13:12:36+00:00,1751366933,Riftbound,1349,4,337.2,16.5,1313,0.973,3,1,3.0,2
2026-09-13T13:12:36+00:00,513181,Genshin Impact,1246,24,51.9,6.0,506,0.406,308,21,14.7,13
2026-09-13T13:12:36+00:00,509663,Special Events,1201,15,80.1,7,799,0.665,121,12,10.1,8
2026-09-13T13:12:36+00:00,602040818,NBA 2K27,1133,16,70.8,2.5,945,0.834,33,13,2.5,12
2026-09-13T13:12:36+00:00,489170,DARK SOULS II: Scholar of the First Sin,1117,3,372.3,14,1101,0.986,0,0,0,1
2026-09-13T13:12:36+00:00,27471,Minecraft,1104,163,6.8,2,200,0.181,595,160,3.7,147
2026-09-13T13:12:36+00:00,490292,DARK SOULS III,1091,7,155.9,4,1061,0.973,12,4,3.0,5
2026-09-13T13:12:36+00:00,138585,Hearthstone,1054,11,95.8,5,976,0.926,35,8,4.4,7
2026-09-13T13:12:36+00:00,490713,UNDERTALE,1006,2,503.0,503.0,1001,0.995,0,0,0,1
2026-09-13T13:12:36+00:00,499973,Always On,933,21,44.4,4,674,0.722,125,18,6.9,14
2026-09-13T13:12:36+00:00,32982,Grand Theft Auto V,887,119,7.5,2,110,0.124,617,116,5.3,100
2026-09-13T13:12:36+00:00,512710,Call of Duty: Warzone,854,115,7.4,2,95,0.111,577,112,5.2,100
2026-09-13T13:12:36+00:00,327598602,Onimusha: Way of the Sword,853,41,20.8,1,744,0.872,66,38,1.7,39
2026-09-13T13:12:36+00:00,1099705332,Tomodachi Life: Living the Dream,732,1,732.0,732,732,1.0,0,0,0,0
2026-09-13T13:12:36+00:00,630009802,MARVEL TŌKON: Fighting Souls,715,3,238.3,6,706,0.987,0,0,0,2
2026-09-13T13:12:36+00:00,458781,No Man's Sky,692,23,30.1,3,227,0.328,135,20,6.8,17
2026-09-13T13:12:36+00:00,509660,Art,652,31,21.0,8,154,0.236,300,28,10.7,17
2026-09-13T13:12:36+00:00,508455,Valheim,627,67,9.4,3,140,0.223,327,64,5.1,53
2026-09-13T13:12:36+00:00,1951012895,Disney Lorcana Trading Card Game,598,1,598.0,598,598,1.0,0,0,0,0
2026-09-13T13:12:36+00:00,32399,Counter-Strike,595,49,12.1,3,91,0.153,367,46,8.0,35
2026-09-13T13:12:36+00:00,65632,DayZ,566,22,25.7,2.0,279,0.493,58,19,3.1,18
2026-09-13T13:12:36+00:00,490377,Sea of Thieves,562,22,25.5,3.0,362,0.644,97,19,5.1,17
2026-09-13T13:12:36+00:00,1122982998,Dark Souls: Remastered,557,5,111.4,6,541,0.971,2,2,1.0,4
2026-09-13T13:12:36+00:00,492553,Sid Meier's Civilization VI,539,1,539.0,539,539,1.0,0,0,0,0
2026-09-13T13:12:36+00:00,32959,Heroes of the Storm,523,4,130.8,35.5,450,0.86,2,1,2.0,1
2026-09-13T13:12:36+00:00,24241,FINAL FANTASY XIV ONLINE,513,32,16.0,4.0,149,0.29,252,29,8.7,19
2026-09-13T13:12:36+00:00,417528,Albion Online,509,11,46.3,6,299,0.587,37,8,4.6,7
2026-09-13T13:12:36+00:00,1819887434,Tomb Raider I•II•III Remastered,495,4,123.8,44.0,403,0.814,4,1,4.0,1
2026-09-13T13:12:36+00:00,509538,Animal Crossing: New Horizons,485,4,121.2,67.5,346,0.713,4,1,4.0,1
2026-09-13T13:12:36+00:00,491487,Dead by Daylight,470,62,7.6,3.0,121,0.257,281,59,4.8,50
2026-09-13T13:12:36+00:00,417892,Z1: Battle Royale,429,20,21.4,3.0,112,0.261,152,17,8.9,15
2026-09-13T13:12:36+00:00,1264310518,Marvel Rivals,426,30,14.2,4.0,97,0.228,235,27,8.7,19
2026-09-13T13:12:36+00:00,512953,ELDEN RING,424,38,11.2,2.5,285,0.672,102,35,2.9,34
2026-09-13T13:12:36+00:00,31339,Project Zomboid,403,22,18.3,7.0,136,0.337,179,19,9.4,13
2026-09-13T13:12:36+00:00,1648266296,Bonobros,370,1,370.0,370,370,1.0,0,0,0,0
2026-09-13T13:12:36+00:00,674491029,Star Wars Zero Company,340,12,28.3,3.0,293,0.862,18,9,2.0,10
2026-09-13T13:12:36+00:00,21136,WAKFU,334,6,55.7,13.5,223,0.668,8,3,2.7,3
2026-09-13T13:12:36+00:00,13332,Pokémon FireRed/LeafGreen,332,10,33.2,15.0,109,0.328,60,7,8.6,5
2026-09-13T13:12:36+00:00,491931,Escape from Tarkov,322,15,21.5,7,176,0.547,60,12,5.0,10
2026-09-13T13:12:36+00:00,818770426,Granblue Fantasy Versus: Rising,317,2,158.5,158.5,302,0.953,0,0,0,0
2026-09-13T13:12:36+00:00,902998079,Halloween: The Game,306,35,8.7,2,153,0.5,87,32,2.7,31
2026-09-13T13:12:36+00:00,1702520304,Path of Exile 2,302,15,20.1,4,215,0.712,39,12,3.2,12
2026-09-13T13:12:36+00:00,1826300051,Mario Kart World,298,5,59.6,9,263,0.883,7,2,3.5,3
2026-09-13T13:12:36+00:00,458353,Darkest Dungeon,283,3,94.3,4,278,0.982,0,0,0,2
2026-09-13T13:12:36+00:00,497497,Brawl Stars,283,19,14.9,3,154,0.544,51,16,3.2,15
2026-09-13T13:12:36+00:00,511224,Apex Legends,264,71,3.7,1,46,0.174,155,68,2.3,65
2026-09-13T13:12:36+00:00,27546,World of Tanks,260,6,43.3,3.5,239,0.919,4,3,1.3,4
2026-09-13T13:12:36+00:00,464339927,ARC Raiders,257,28,9.2,1.0,160,0.623,70,25,2.8,24
2026-09-13T13:12:36+00:00,2012789438,Call of Duty: Black Ops 7,256,26,9.8,2.5,72,0.281,82,23,3.6,20
2026-09-13T13:12:36+00:00,498566,Slots,245,2,122.5,122.5,244,0.996,0,0,0,1
2026-09-13T13:12:36+00:00,506415, SEKIRO: SHADOWS DIE TWICE,236,7,33.7,2,221,0.936,5,4,1.2,6
2026-09-13T13:12:36+00:00,1282866981,Delta Force,234,5,46.8,2,226,0.966,2,2,1.0,4
2026-09-13T13:12:36+00:00,0,Sans catégorie,231,106,2.2,1.0,67,0.29,140,103,1.4,103
2026-09-13T13:12:36+00:00,460630,Rainbow Six Siege,229,44,5.2,2.0,72,0.314,122,41,3.0,40
2026-09-13T13:12:36+00:00,1494,Call of Duty,217,142,1.5,1.0,26,0.12,176,139,1.3,141
2026-09-13T13:12:36+00:00,76929895,The Seven Deadly Sins: Origin,211,5,42.2,2,119,0.564,2,2,1.0,3
2026-09-13T13:12:36+00:00,33882,FTL: Faster Than Light,209,2,104.5,104.5,208,0.995,0,0,0,1
2026-09-13T13:12:36+00:00,23020,ROBLOX,208,131,1.6,1,13,0.062,170,128,1.3,128
2026-09-13T13:12:36+00:00,624536948,EA Sports FC 26,206,46,4.5,1.0,40,0.194,121,43,2.8,41
2026-09-13T13:12:36+00:00,10322,FINAL FANTASY X,199,5,39.8,2,190,0.955,2,2,1.0,4
2026-09-13T13:12:36+00:00,209738946,Wuthering Waves,194,7,27.7,4,148,0.763,9,4,2.2,5
2026-09-13T13:12:36+00:00,515024,Diablo IV,181,10,18.1,3.0,106,0.586,14,7,2.0,8
2026-09-13T13:12:36+00:00,498482,Age of Empires IV,175,4,43.8,15.0,144,0.823,1,1,1.0,1
2026-09-13T13:12:36+00:00,29595,Dota 2,160,4,40.0,11.0,137,0.856,1,1,1.0,2
2026-09-13T13:12:36+00:00,493057,PUBG: BATTLEGROUNDS,150,14,10.7,2.0,103,0.687,22,11,2.0,11
2026-09-13T13:12:36+00:00,513753,THE KING OF FIGHTERS XV,148,1,148.0,148,148,1.0,0,0,0,0
2026-09-13T13:12:36+00:00,18846,Garry's Mod,144,2,72.0,72.0,142,0.986,0,0,0,1
2026-09-13T13:12:36+00:00,982017546,Palia,140,8,17.5,6.5,81,0.579,20,5,4.0,6
2026-09-13T13:12:36+00:00,1286077738,Monster Hunter Wilds,138,12,11.5,2.5,60,0.435,24,9,2.7,9
2026-09-13T13:12:36+00:00,1119642287,Yu-Gi-Oh! Master Duel,135,4,33.8,7.0,120,0.889,1,1,1.0,2
2026-09-13T13:12:36+00:00,801541637,DRAGON BALL GEKISHIN SQUADRA,133,9,14.8,6,52,0.391,27,6,4.5,5
2026-09-13T13:12:36+00:00,75467,Euro Truck Simulator 2,133,10,13.3,5.5,57,0.429,27,7,3.9,6
2026-09-13T13:12:36+00:00,1515862749,Disney Dreamlight Valley,133,16,8.3,5.5,33,0.248,58,13,4.5,12
2026-09-13T13:12:36+00:00,1535225577,The Last of Us Part II Remastered,132,7,18.9,4,109,0.826,7,4,1.8,6
2026-09-13T13:12:36+00:00,500188,Hunt: Showdown 1896,129,21,6.1,2,55,0.426,47,18,2.6,17
2026-09-13T13:12:36+00:00,493959,Red Dead Redemption II,127,25,5.1,2,29,0.228,64,22,2.9,23
2026-09-13T13:12:36+00:00,26936,Music,122,18,6.8,1.0,56,0.459,22,15,1.5,16
2026-09-13T13:12:36+00:00,386821,Black Desert,120,6,20.0,12.0,49,0.408,24,3,8.0,2
2026-09-13T13:12:36+00:00,1441208453,Once Human,118,40,3.0,1.0,27,0.229,54,37,1.5,37
2026-09-13T13:12:36+00:00,1846293708,Fields of Mistria,117,4,29.2,4.0,107,0.915,2,1,2.0,3
2026-09-13T13:12:36+00:00,994874099,Tiny House Simulator,111,1,111.0,111,111,1.0,0,0,0,0
2026-09-13T13:12:36+00:00,223869970,"Warhammer 40,000: Space Marine II",111,4,27.8,6.0,97,0.874,2,1,2.0,3
2026-09-13T13:12:36+00:00,401587136,Arena Breakout: Infinite,109,8,13.6,9.0,55,0.505,29,5,5.8,5
2026-09-13T13:12:36+00:00,27284,Retro,106,11,9.6,3,51,0.481,17,8,2.1,8
2026-09-13T13:12:36+00:00,26476,TERA,104,6,17.3,4.5,73,0.702,4,3,1.3,4
2026-09-13T13:12:36+00:00,66170,Warframe,104,22,4.7,2.5,27,0.26,52,19,2.7,20
2026-09-13T13:12:36+00:00,518379,Pokémon UNITE,103,4,25.8,10.5,81,0.786,1,1,1.0,2
2026-09-13T13:12:36+00:00,1583524579,After-H: Battle Arena,103,2,51.5,51.5,64,0.621,0,0,0,0
2026-09-13T13:12:36+00:00,510218,Among Us,101,6,16.8,13.0,48,0.475,8,3,2.7,3
2026-09-13T13:42:34+00:00,509658,Just Chatting,43257,208,208.0,5.0,16251,0.376,14538,205,70.9,133
2026-09-13T13:42:34+00:00,516575,VALORANT,9649,544,17.7,2.0,3942,0.409,3074,541,5.7,497
2026-09-13T13:42:34+00:00,743893402,WARDOGS,9037,136,66.4,3.0,2715,0.3,3367,133,25.3,96
2026-09-13T13:42:34+00:00,18122,World of Warcraft,9033,97,93.1,4,1665,0.184,4543,94,48.3,65
2026-09-13T13:42:34+00:00,21779,League of Legends,8521,188,45.3,2.0,1948,0.229,3931,185,21.2,154
2026-09-13T13:42:34+00:00,493057,PUBG: BATTLEGROUNDS,7495,13,576.5,4,7357,0.982,25,10,2.5,10
2026-09-13T13:42:34+00:00,55453844,Street Fighter 6,5746,4,1436.5,11.5,5720,0.995,3,1,3.0,2
2026-09-13T13:42:34+00:00,1357871551,The Blood of Dawnwalker,5082,81,62.7,2,2522,0.496,806,78,10.3,65
2026-09-13T13:42:34+00:00,33214,Fortnite,4256,534,8.0,1.0,637,0.15,2846,531,5.4,503
2026-09-13T13:42:34+00:00,509672,IRL,2884,16,180.2,7.0,1551,0.538,601,13,46.2,8
2026-09-13T13:42:34+00:00,513143,Teamfight Tactics,2380,29,82.1,3,1270,0.534,330,26,12.7,24
2026-09-13T13:42:34+00:00,518203,Sports,1904,26,73.2,8.0,593,0.311,685,23,29.8,14
2026-09-13T13:42:34+00:00,515025,Overwatch,1738,90,19.3,3.0,466,0.268,779,87,9.0,71
2026-09-13T13:42:34+00:00,20596,Dofus,1660,52,31.9,4.0,945,0.569,466,49,9.5,38
2026-09-13T13:42:34+00:00,1751366933,Riftbound,1362,4,340.5,18.5,1323,0.971,2,1,2.0,2
2026-09-13T13:42:34+00:00,263490,Rust,1357,17,79.8,3,1083,0.798,53,14,3.8,13
2026-09-13T13:42:34+00:00,509663,Special Events,1308,16,81.8,9.5,821,0.628,184,13,14.2,8
2026-09-13T13:42:34+00:00,458353,Darkest Dungeon,1278,4,319.5,142.0,993,0.777,1,1,1.0,2
2026-09-13T13:42:34+00:00,27471,Minecraft,1238,174,7.1,2.0,185,0.149,723,171,4.2,159
2026-09-13T13:42:34+00:00,489170,DARK SOULS II: Scholar of the First Sin,1195,4,298.8,11.5,1172,0.981,0,1,0.0,2
2026-09-13T13:42:34+00:00,513181,Genshin Impact,1192,32,37.2,4.0,386,0.324,310,29,10.7,22
2026-09-13T13:42:34+00:00,30921,Rocket League,1171,117,10.0,1,595,0.508,295,114,2.6,110
2026-09-13T13:42:34+00:00,1931693784,Pokémon Champions,1074,7,153.4,8,972,0.905,16,4,4.0,4
2026-09-13T13:42:34+00:00,493959,Red Dead Redemption II,1067,28,38.1,2.5,936,0.877,85,25,3.4,24
2026-09-13T13:42:34+00:00,138585,Hearthstone,1050,10,105.0,9.5,955,0.91,44,7,6.3,5
2026-09-13T13:42:34+00:00,490292,DARK SOULS III,1029,9,114.3,3,988,0.96,16,6,2.7,7
2026-09-13T13:42:34+00:00,32982,Grand Theft Auto V,1009,132,7.6,2.0,161,0.16,624,129,4.8,108
2026-09-13T13:42:34+00:00,499973,Always On,932,22,42.4,4.5,654,0.702,153,19,8.1,14
2026-09-13T13:42:34+00:00,518630,Manor Lords,854,2,427.0,427.0,847,0.992,0,0,0,1
2026-09-13T13:42:34+00:00,32399,Counter-Strike,838,56,15.0,2.5,210,0.251,438,53,8.3,41
2026-09-13T13:42:34+00:00,327598602,Onimusha: Way of the Sword,828,44,18.8,1.0,687,0.83,85,41,2.1,42
2026-09-13T13:42:34+00:00,458781,No Man's Sky,794,27,29.4,3,293,0.369,154,24,6.4,19
2026-09-13T13:42:34+00:00,630009802,MARVEL TŌKON: Fighting Souls,706,4,176.5,6.5,687,0.973,6,1,6.0,3
2026-09-13T13:42:34+00:00,417528,Albion Online,696,12,58.0,4.0,302,0.434,69,9,7.7,8
2026-09-13T13:42:34+00:00,512710,Call of Duty: Warzone,680,123,5.5,2,92,0.135,440,120,3.7,114
2026-09-13T13:42:34+00:00,460630,Rainbow Six Siege,627,49,12.8,2,211,0.337,180,46,3.9,42
2026-09-13T13:42:34+00:00,490377,Sea of Thieves,601,21,28.6,2,400,0.666,88,18,4.9,16
2026-09-13T13:42:34+00:00,1951012895,Disney Lorcana Trading Card Game,593,1,593.0,593,593,1.0,0,0,0,0
2026-09-13T13:42:34+00:00,65632,DayZ,573,17,33.7,2,296,0.517,39,14,2.8,12
2026-09-13T13:42:34+00:00,509660,Art,572,34,16.8,4.5,157,0.274,258,31,8.3,21
2026-09-13T13:42:34+00:00,492553,Sid Meier's Civilization VI,569,1,569.0,569,569,1.0,0,0,0,0
2026-09-13T13:42:34+00:00,1122982998,Dark Souls: Remastered,559,6,93.2,4.5,536,0.959,7,3,2.3,4
2026-09-13T13:42:34+00:00,32959,Heroes of the Storm,516,3,172.0,3,512,0.992,0,0,0,2
2026-09-13T13:42:34+00:00,508455,Valheim,514,73,7.0,3,115,0.224,308,70,4.4,63
2026-09-13T13:42:34+00:00,1819887434,Tomb Raider I•II•III Remastered,488,5,97.6,31,390,0.799,10,2,5.0,2
2026-09-13T13:42:34+00:00,498566,Slots,468,3,156.0,228,239,0.511,0,0,0,1
2026-09-13T13:42:34+00:00,417892,Z1: Battle Royale,468,22,21.3,3.0,151,0.323,137,19,7.2,16
2026-09-13T13:42:34+00:00,509538,Animal Crossing: New Horizons,453,5,90.6,11,365,0.806,9,2,4.5,2
2026-09-13T13:42:34+00:00,491487,Dead by Daylight,433,59,7.3,3,114,0.263,256,56,4.6,50
2026-09-13T13:42:34+00:00,902998079,Halloween: The Game,374,38,9.8,2.0,171,0.457,118,35,3.4,32
2026-09-13T13:42:34+00:00,512953,ELDEN RING,372,38,9.8,3.0,224,0.602,112,35,3.2,33
2026-09-13T13:42:34+00:00,818770426,Granblue Fantasy Versus: Rising,371,2,185.5,185.5,356,0.96,0,0,0,0
2026-09-13T13:42:34+00:00,511224,Apex Legends,370,87,4.3,2,92,0.249,206,84,2.5,79
2026-09-13T13:42:34+00:00,89297,Danganronpa 2: Goodbye Despair,354,1,354.0,354,354,1.0,0,0,0,0
2026-09-13T13:42:34+00:00,417752,Talk Shows & Podcasts,349,8,43.6,3.5,276,0.791,8,5,1.6,5
2026-09-13T13:42:34+00:00,21136,WAKFU,349,8,43.6,5.0,225,0.645,15,5,3.0,5
2026-09-13T13:42:34+00:00,674491029,Star Wars Zero Company,339,14,24.2,2.0,287,0.847,23,11,2.1,12
2026-09-13T13:42:34+00:00,1702520304,Path of Exile 2,337,17,19.8,4,229,0.68,60,14,4.3,12
2026-09-13T13:42:34+00:00,13332,Pokémon FireRed/LeafGreen,327,10,32.7,9.5,116,0.355,41,7,5.9,5
2026-09-13T13:42:34+00:00,491931,Escape from Tarkov,324,17,19.1,4,187,0.577,59,14,4.2,12
2026-09-13T13:42:34+00:00,23020,ROBLOX,324,153,2.1,1,34,0.105,260,150,1.7,149
2026-09-13T13:42:34+00:00,24241,FINAL FANTASY XIV ONLINE,308,34,9.1,4.0,48,0.156,199,31,6.4,24
2026-09-13T13:42:34+00:00,1282866981,Delta Force,301,8,37.6,1.5,285,0.947,6,5,1.2,7
2026-09-13T13:42:34+00:00,31339,Project Zomboid,295,24,12.3,3.0,74,0.251,138,21,6.6,17
2026-09-13T13:42:34+00:00,27546,World of Tanks,289,8,36.1,1.5,275,0.952,6,5,1.2,7
2026-09-13T13:42:34+00:00,1264310518,Marvel Rivals,281,25,11.2,4,53,0.189,146,22,6.6,17
2026-09-13T13:42:34+00:00,2012789438,Call of Duty: Black Ops 7,275,31,8.9,2,91,0.331,93,28,3.3,26
2026-09-13T13:42:34+00:00,0,Sans catégorie,274,124,2.2,1.0,68,0.248,173,121,1.4,120
2026-09-13T13:42:34+00:00,209738946,Wuthering Waves,256,12,21.3,3.5,159,0.621,23,9,2.6,10
2026-09-13T13:42:34+00:00,624536948,EA Sports FC 26,252,53,4.8,1,30,0.119,170,50,3.4,45
2026-09-13T13:42:34+00:00,76929895,The Seven Deadly Sins: Origin,240,5,48.0,4,144,0.6,3,2,1.5,3
2026-09-13T13:42:34+00:00,18846,Garry's Mod,228,2,114.0,114.0,227,0.996,0,0,0,1
2026-09-13T13:42:34+00:00,506415, SEKIRO: SHADOWS DIE TWICE,225,4,56.2,6.0,212,0.942,1,1,1.0,3
2026-09-13T13:42:34+00:00,33882,FTL: Faster Than Light,213,2,106.5,106.5,210,0.986,0,0,0,1
2026-09-13T13:42:34+00:00,602040818,NBA 2K27,206,18,11.4,1.0,168,0.816,22,15,1.5,16
2026-09-13T13:42:34+00:00,2060730947,Le Mans Ultimate,196,19,10.3,3,72,0.367,46,16,2.9,16
2026-09-13T13:42:34+00:00,497497,Brawl Stars,194,21,9.2,2,142,0.732,35,18,1.9,20
2026-09-13T13:42:34+00:00,489405,Dragon Ball Z: Dokkan Battle,192,5,38.4,2,161,0.839,4,2,2.0,3
2026-09-13T13:42:34+00:00,621875034,Lost and Found Co.,180,1,180.0,180,180,1.0,0,0,0,0
2026-09-13T13:42:34+00:00,498482,Age of Empires IV,179,3,59.7,17,161,0.899,0,0,0,1
2026-09-13T13:42:34+00:00,1494,Call of Duty,175,155,1.1,1,7,0.04,158,152,1.0,155
2026-09-13T13:42:34+00:00,10322,FINAL FANTASY X,172,5,34.4,5,159,0.924,2,2,1.0,4
2026-09-13T13:42:34+00:00,1826300051,Mario Kart World,168,7,24.0,3,116,0.69,8,4,2.0,4
2026-09-13T13:42:34+00:00,27284,Retro,165,14,11.8,4.0,67,0.406,58,11,5.3,9
2026-09-13T13:42:34+00:00,29595,Dota 2,162,6,27.0,6.5,132,0.815,5,3,1.7,3
2026-09-13T13:42:34+00:00,66170,Warframe,158,24,6.6,3.5,28,0.177,82,21,3.9,19
2026-09-13T13:42:34+00:00,513753,THE KING OF FIGHTERS XV,156,1,156.0,156,156,1.0,0,0,0,0
2026-09-13T13:42:34+00:00,518379,Pokémon UNITE,153,7,21.9,4,86,0.562,12,4,3.0,4
2026-09-13T13:42:34+00:00,75467,Euro Truck Simulator 2,153,17,9.0,1,58,0.379,36,14,2.6,13
2026-09-13T13:42:34+00:00,1119642287,Yu-Gi-Oh! Master Duel,147,4,36.8,9.0,128,0.871,1,1,1.0,2
2026-09-13T13:42:34+00:00,386821,Black Desert,141,9,15.7,9,50,0.355,40,6,6.7,5
2026-09-13T13:42:34+00:00,1763263,nanos world,140,2,70.0,70.0,83,0.593,0,0,0,0
2026-09-13T13:42:34+00:00,1515862749,Disney Dreamlight Valley,131,17,7.7,4,38,0.29,49,14,3.5,15
2026-09-13T13:42:34+00:00,982017546,Palia,126,7,18.0,5,75,0.595,12,4,3.0,5
2026-09-13T13:42:34+00:00,26936,Music,123,16,7.7,1.5,54,0.439,24,13,1.8,13
2026-09-13T13:42:34+00:00,1441208453,Once Human,118,45,2.6,1,19,0.161,72,42,1.7,42
2026-09-13T13:42:34+00:00,65876,Cyberpunk 2077,117,19,6.2,2,56,0.479,32,16,2.0,16
2026-09-13T13:42:34+00:00,994874099,Tiny House Simulator,116,1,116.0,116,116,1.0,0,0,0,0
2026-09-13T13:42:34+00:00,1846293708,Fields of Mistria,114,5,22.8,2,104,0.912,4,2,2.0,4
2026-09-13T13:42:34+00:00,515024,Diablo IV,114,8,14.2,3.0,81,0.711,10,5,2.0,6
2026-09-13T13:42:34+00:00,232697171,Football,109,1,109.0,109,109,1.0,0,0,0,0
2026-09-13T13:42:34+00:00,1286077738,Monster Hunter Wilds,106,11,9.6,1,59,0.557,15,8,1.9,9
2026-09-13T13:42:34+00:00,1036710512,Palworld,105,28,3.8,2.0,15,0.143,68,25,2.7,26
2026-09-13T13:42:34+00:00,570615518,Resonance: A Plague Tale Legacy,104,16,6.5,2.0,31,0.298,36,13,2.8,12
2026-09-13T13:42:34+00:00,464339927,ARC Raiders,104,26,4.0,2.5,15,0.144,63,23,2.7,22
2026-09-13T13:42:34+00:00,66366,War Thunder,103,14,7.4,2.0,46,0.447,23,11,2.1,12
2026-09-13T13:42:34+00:00,500188,Hunt: Showdown 1896,103,18,5.7,3.5,18,0.175,57,15,3.8,14
2026-09-13T13:42:34+00:00,66082,Games + Demos,101,58,1.7,1.0,8,0.079,79,55,1.4,58
2026-09-13T13:42:34+00:00,110758,The Legend of Zelda: Breath of the Wild,100,5,20.0,3,87,0.87,6,2,3.0,4
2026-09-13T13:42:34+00:00,71375,Star Citizen,100,12,8.3,2.5,36,0.36,29,9,3.2,8
2026-09-13T14:12:37+00:00,509658,Just Chatting,41361,220,188.0,5.0,16201,0.392,14350,217,66.1,135
2026-09-13T14:12:37+00:00,516575,VALORANT,10425,538,19.4,2.0,3493,0.335,4283,535,8.0,481
2026-09-13T14:12:37+00:00,743893402,WARDOGS,9192,147,62.5,4,2819,0.307,3485,144,24.2,104
2026-09-13T14:12:37+00:00,493057,PUBG: BATTLEGROUNDS,8924,20,446.2,2.0,6695,0.75,63,17,3.7,15
2026-09-13T14:12:37+00:00,21779,League of Legends,8415,188,44.8,2.0,1698,0.202,3961,185,21.4,150
2026-09-13T14:12:37+00:00,18122,World of Warcraft,7532,100,75.3,3.5,1724,0.229,3061,97,31.6,69
2026-09-13T14:12:37+00:00,1114331153,Solasta II,7424,4,1856.0,1778.0,2720,0.366,1148,1,1148.0,0
2026-09-13T14:12:37+00:00,55453844,Street Fighter 6,5443,6,907.2,9.0,5384,0.989,12,3,4.0,3
2026-09-13T14:12:37+00:00,33214,Fortnite,3778,565,6.7,1,521,0.138,2391,562,4.3,535
2026-09-13T14:12:37+00:00,1357871551,The Blood of Dawnwalker,3270,81,40.4,2,2392,0.731,506,78,6.5,69
2026-09-13T14:12:37+00:00,518203,Sports,2564,30,85.5,10.0,581,0.227,1036,27,38.4,15
2026-09-13T14:12:37+00:00,509672,IRL,2549,19,134.2,5,1039,0.408,656,16,41.0,11
2026-09-13T14:12:37+00:00,513143,Teamfight Tactics,2480,29,85.5,3,1414,0.57,326,26,12.5,23
2026-09-13T14:12:37+00:00,1751366933,Riftbound,2449,3,816.3,2,2445,0.998,0,0,0,2
2026-09-13T14:12:37+00:00,417528,Albion Online,1923,13,147.9,16,1071,0.557,340,10,34.0,6
2026-09-13T14:12:37+00:00,515025,Overwatch,1832,101,18.1,3,404,0.221,957,98,9.8,80
2026-09-13T14:12:37+00:00,20596,Dofus,1750,45,38.9,5,1043,0.596,424,42,10.1,32
2026-09-13T14:12:37+00:00,509663,Special Events,1464,14,104.6,15.5,993,0.678,147,11,13.4,6
2026-09-13T14:12:37+00:00,263490,Rust,1356,16,84.8,5.5,1074,0.792,62,13,4.8,12
2026-09-13T14:12:37+00:00,32982,Grand Theft Auto V,1304,135,9.7,2,241,0.185,752,132,5.7,111
2026-09-13T14:12:37+00:00,27471,Minecraft,1260,180,7.0,2.0,197,0.156,775,177,4.4,163
2026-09-13T14:12:37+00:00,489170,DARK SOULS II: Scholar of the First Sin,1237,5,247.4,2,1216,0.983,3,2,1.5,3
2026-09-13T14:12:37+00:00,1931693784,Pokémon Champions,1196,6,199.3,10.5,1112,0.93,7,3,2.3,3
2026-09-13T14:12:37+00:00,458353,Darkest Dungeon,1180,3,393.3,264,915,0.775,0,0,0,1
2026-09-13T14:12:37+00:00,30921,Rocket League,1063,141,7.5,1,543,0.511,306,138,2.2,134
2026-09-13T14:12:37+00:00,138585,Hearthstone,1045,10,104.5,1.5,991,0.948,9,7,1.3,7
2026-09-13T14:12:37+00:00,490292,DARK SOULS III,1039,8,129.9,3.0,1001,0.963,10,5,2.0,6
2026-09-13T14:12:37+00:00,512710,Call of Duty: Warzone,1015,132,7.7,2.0,121,0.119,697,129,5.4,117
2026-09-13T14:12:37+00:00,518630,Manor Lords,941,1,941.0,941,941,1.0,0,0,0,0
2026-09-13T14:12:37+00:00,32399,Counter-Strike,934,58,16.1,1.0,205,0.219,458,55,8.3,44
2026-09-13T14:12:37+00:00,458781,No Man's Sky,932,29,32.1,5,356,0.382,218,26,8.4,19
2026-09-13T14:12:37+00:00,493959,Red Dead Redemption II,900,30,30.0,3.0,770,0.856,90,27,3.3,26
2026-09-13T14:12:37+00:00,499973,Always On,861,20,43.0,3.5,640,0.743,99,17,5.8,14
2026-09-13T14:12:37+00:00,630009802,MARVEL TŌKON: Fighting Souls,738,4,184.5,7.0,717,0.972,7,1,7.0,3
2026-09-13T14:12:37+00:00,513181,Genshin Impact,724,28,25.9,4.5,307,0.424,192,25,7.7,19
2026-09-13T14:12:37+00:00,490377,Sea of Thieves,674,26,25.9,2.5,424,0.629,132,23,5.7,19
2026-09-13T14:12:37+00:00,1951012895,Disney Lorcana Trading Card Game,606,1,606.0,606,606,1.0,0,0,0,0
2026-09-13T14:12:37+00:00,32959,Heroes of the Storm,573,4,143.2,30.5,511,0.892,1,1,1.0,2
2026-09-13T14:12:37+00:00,1264310518,Marvel Rivals,554,32,17.3,4.5,108,0.195,305,29,10.5,21
2026-09-13T14:12:37+00:00,1122982998,Dark Souls: Remastered,536,6,89.3,5.0,513,0.957,10,3,3.3,5
2026-09-13T14:12:37+00:00,509660,Art,532,29,18.3,4,158,0.297,217,26,8.3,17
2026-09-13T14:12:37+00:00,492553,Sid Meier's Civilization VI,529,1,529.0,529,529,1.0,0,0,0,0
2026-09-13T14:12:37+00:00,460630,Rainbow Six Siege,516,53,9.7,1,179,0.347,203,50,4.1,44
2026-09-13T14:12:37+00:00,491487,Dead by Daylight,494,67,7.4,3,117,0.237,306,64,4.8,54
2026-09-13T14:12:37+00:00,417892,Z1: Battle Royale,489,21,23.3,2,135,0.276,139,18,7.7,16
2026-09-13T14:12:37+00:00,498566,Slots,468,3,156.0,231,236,0.504,0,0,0,1
2026-09-13T14:12:37+00:00,508455,Valheim,460,71,6.5,3,46,0.1,342,68,5.0,59
2026-09-13T14:12:37+00:00,509538,Animal Crossing: New Horizons,453,9,50.3,7,356,0.786,26,6,4.3,6
2026-09-13T14:12:37+00:00,511224,Apex Legends,430,97,4.4,1,84,0.195,262,94,2.8,87
2026-09-13T14:12:37+00:00,65632,DayZ,427,23,18.6,1,338,0.792,44,20,2.2,19
2026-09-13T14:12:37+00:00,1702520304,Path of Exile 2,425,15,28.3,5,287,0.675,78,12,6.5,9
2026-09-13T14:12:37+00:00,538054672,TEKKEN 8,420,11,38.2,5,365,0.869,36,8,4.5,9
2026-09-13T14:12:37+00:00,1819887434,Tomb Raider I•II•III Remastered,383,5,76.6,7,357,0.932,4,2,2.0,3
2026-09-13T14:12:37+00:00,13332,Pokémon FireRed/LeafGreen,370,12,30.8,13.5,123,0.332,78,9,8.7,5
2026-09-13T14:12:37+00:00,417752,Talk Shows & Podcasts,366,7,52.3,1,301,0.822,2,4,0.5,5
2026-09-13T14:12:37+00:00,902998079,Halloween: The Game,350,30,11.7,2.0,193,0.551,86,27,3.2,26
2026-09-13T14:12:37+00:00,21136,WAKFU,346,6,57.7,19.5,223,0.645,17,3,5.7,2
2026-09-13T14:12:37+00:00,66366,War Thunder,342,11,31.1,2,276,0.807,13,8,1.6,8
2026-09-13T14:12:37+00:00,24241,FINAL FANTASY XIV ONLINE,341,38,9.0,4.0,38,0.111,232,35,6.6,28
2026-09-13T14:12:37+00:00,89297,Danganronpa 2: Goodbye Despair,335,1,335.0,335,335,1.0,0,0,0,0
2026-09-13T14:12:37+00:00,674491029,Star Wars Zero Company,335,13,25.8,1,292,0.872,12,10,1.2,11
2026-09-13T14:12:37+00:00,512953,ELDEN RING,333,36,9.2,2.0,207,0.622,88,33,2.7,32
2026-09-13T14:12:37+00:00,491931,Escape from Tarkov,331,16,20.7,3.0,189,0.571,55,13,4.2,10
2026-09-13T14:12:37+00:00,1763263,nanos world,318,2,159.0,159.0,164,0.516,0,0,0,0
2026-09-13T14:12:37+00:00,774680424,2XKO,309,1,309.0,309,309,1.0,0,0,0,0
2026-09-13T14:12:37+00:00,65876,Cyberpunk 2077,306,18,17.0,2.0,162,0.529,43,15,2.9,14
2026-09-13T14:12:37+00:00,498482,Age of Empires IV,285,3,95.0,127,157,0.551,0,0,0,1
2026-09-13T14:12:37+00:00,1898040946,How to Fish,281,14,20.1,2.0,239,0.851,19,11,1.7,12
2026-09-13T14:12:37+00:00,1282866981,Delta Force,277,9,30.8,3,243,0.877,12,6,2.0,7
2026-09-13T14:12:37+00:00,27546,World of Tanks,276,11,25.1,2,254,0.92,11,8,1.4,10
2026-09-13T14:12:37+00:00,31339,Project Zomboid,267,26,10.3,2.5,73,0.273,104,23,4.5,20
2026-09-13T14:12:37+00:00,209738946,Wuthering Waves,265,13,20.4,2,157,0.592,23,10,2.3,11
2026-09-13T14:12:37+00:00,76929895,The Seven Deadly Sins: Origin,256,7,36.6,2,150,0.586,4,4,1.0,5
2026-09-13T14:12:37+00:00,489405,Dragon Ball Z: Dokkan Battle,254,4,63.5,13.0,226,0.89,2,1,2.0,2
2026-09-13T14:12:37+00:00,18846,Garry's Mod,240,3,80.0,3,236,0.983,0,0,0,2
2026-09-13T14:12:37+00:00,624536948,EA Sports FC 26,239,62,3.9,1.0,45,0.188,146,59,2.5,54
2026-09-13T14:12:37+00:00,0,Sans catégorie,238,120,2.0,1.0,30,0.126,178,117,1.5,115
2026-09-13T14:12:37+00:00,506415, SEKIRO: SHADOWS DIE TWICE,236,5,47.2,6,217,0.919,4,2,2.0,4
2026-09-13T14:12:37+00:00,1846293708,Fields of Mistria,229,7,32.7,5,104,0.454,11,4,2.8,4
2026-09-13T14:12:37+00:00,497497,Brawl Stars,225,23,9.8,2,143,0.636,45,20,2.2,21
2026-09-13T14:12:37+00:00,602040818,NBA 2K27,221,18,12.3,1.0,186,0.842,18,15,1.2,16
2026-09-13T14:12:37+00:00,23020,ROBLOX,220,141,1.6,1,14,0.064,185,138,1.3,139
2026-09-13T14:12:37+00:00,33882,FTL: Faster Than Light,212,3,70.7,3,209,0.986,0,0,0,2
2026-09-13T14:12:37+00:00,621875034,Lost and Found Co.,206,1,206.0,206,206,1.0,0,0,0,0
2026-09-13T14:12:37+00:00,2012789438,Call of Duty: Black Ops 7,200,28,7.1,2.0,56,0.28,70,25,2.8,24
2026-09-13T14:12:37+00:00,1494,Call of Duty,184,152,1.2,1.0,8,0.043,167,149,1.1,152
2026-09-13T14:12:37+00:00,1826300051,Mario Kart World,181,13,13.9,3,115,0.635,28,10,2.8,10
2026-09-13T14:12:37+00:00,327598602,Onimusha: Way of the Sword,176,47,3.7,1,48,0.273,90,44,2.0,43
2026-09-13T14:12:37+00:00,29595,Dota 2,168,5,33.6,11,135,0.804,6,2,3.0,2
2026-09-13T14:12:37+00:00,1441208453,Once Human,162,48,3.4,1.0,28,0.173,92,45,2.0,44
2026-09-13T14:12:37+00:00,518379,Pokémon UNITE,157,7,22.4,18,80,0.51,31,4,7.8,3
2026-09-13T14:12:37+00:00,27284,Retro,157,14,11.2,4.5,67,0.427,54,11,4.9,8
2026-09-13T14:12:37+00:00,10322,FINAL FANTASY X,152,3,50.7,5,143,0.941,0,0,0,2
2026-09-13T14:12:37+00:00,2060730947,Le Mans Ultimate,151,23,6.6,3,79,0.523,55,20,2.8,21
2026-09-13T14:12:37+00:00,982017546,Palia,148,7,21.1,3,89,0.601,9,4,2.2,4
2026-09-13T14:12:37+00:00,66170,Warframe,145,25,5.8,3,29,0.2,89,22,4.0,21
2026-09-13T14:12:37+00:00,515024,Diablo IV,143,11,13.0,2,70,0.49,12,8,1.5,8
2026-09-13T14:12:37+00:00,801541637,DRAGON BALL GEKISHIN SQUADRA,143,7,20.4,9,43,0.301,24,4,6.0,4
2026-09-13T14:12:37+00:00,500188,Hunt: Showdown 1896,143,22,6.5,4.5,16,0.112,97,19,5.1,16
2026-09-13T14:12:37+00:00,464339927,ARC Raiders,135,28,4.8,1.5,23,0.17,83,25,3.3,22
2026-09-13T14:12:37+00:00,75467,Euro Truck Simulator 2,132,18,7.3,2.0,60,0.455,39,15,2.6,14
2026-09-13T14:12:37+00:00,1119642287,Yu-Gi-Oh! Master Duel,128,4,32.0,7.5,112,0.875,1,1,1.0,2
2026-09-13T14:12:37+00:00,331373906,eFootball,128,5,25.6,6,102,0.797,2,2,1.0,3
2026-09-13T14:12:37+00:00,32502,World of Warships,122,2,61.0,61.0,121,0.992,0,0,0,1
2026-09-13T14:12:37+00:00,401587136,Arena Breakout: Infinite,118,10,11.8,6.0,60,0.508,34,7,4.9,7
2026-09-13T14:12:37+00:00,262437666,Farming Simulator 25,111,21,5.3,2,45,0.405,39,18,2.2,18
2026-09-13T14:12:37+00:00,1036710512,Palworld,111,30,3.7,2.0,14,0.126,77,27,2.9,27
2026-09-13T14:12:37+00:00,28105,Wii Party,110,1,110.0,110,110,1.0,0,0,0,0
2026-09-13T14:12:37+00:00,994874099,Tiny House Simulator,109,1,109.0,109,109,1.0,0,0,0,0
2026-09-13T14:12:37+00:00,1228709591,A Plague Tale: Requiem,109,6,18.2,1.0,103,0.945,3,3,1.0,5
2026-09-13T14:12:37+00:00,669337588,Microsoft Flight Simulator 2024,101,11,9.2,2,58,0.574,13,8,1.6,9
2026-09-13T14:42:35+00:00,509658,Just Chatting,32422,230,141.0,5.0,17724,0.547,12216,227,53.8,146
2026-09-13T14:42:35+00:00,493057,PUBG: BATTLEGROUNDS,17731,20,886.5,1.5,8832,0.498,78,17,4.6,14
2026-09-13T14:42:35+00:00,1114331153,Solasta II,10189,6,1698.2,2181.5,3061,0.3,2050,3,683.3,2
2026-09-13T14:42:35+00:00,743893402,WARDOGS,9317,140,66.5,3.5,2838,0.305,3613,137,26.4,101
2026-09-13T14:42:35+00:00,516575,VALORANT,8927,568,15.7,1.0,3103,0.348,4365,565,7.7,512
2026-09-13T14:42:35+00:00,21779,League of Legends,8299,191,43.5,2,2063,0.249,3063,188,16.3,153
2026-09-13T14:42:35+00:00,18122,World of Warcraft,8141,101,80.6,4,1828,0.225,3414,98,34.8,66
2026-09-13T14:42:35+00:00,55453844,Street Fighter 6,5134,3,1711.3,34,5088,0.991,0,0,0,0
2026-09-13T14:42:35+00:00,33214,Fortnite,3617,535,6.8,1,679,0.188,1945,532,3.7,508
2026-09-13T14:42:35+00:00,1751366933,Riftbound,2854,4,713.5,15.5,2821,0.988,2,1,2.0,2
2026-09-13T14:42:35+00:00,518203,Sports,2851,27,105.6,12,693,0.243,1130,24,47.1,12
2026-09-13T14:42:35+00:00,509672,IRL,2788,20,139.4,4.0,810,0.291,814,17,47.9,12
2026-09-13T14:42:35+00:00,513143,Teamfight Tactics,2350,25,94.0,3,1329,0.566,309,22,14.0,19
2026-09-13T14:42:35+00:00,20596,Dofus,2071,54,38.4,4.5,1092,0.527,708,51,13.9,32
2026-09-13T14:42:35+00:00,515025,Overwatch,2019,109,18.5,3,459,0.227,996,106,9.4,87
2026-09-13T14:42:35+00:00,509663,Special Events,1797,14,128.4,20.0,1287,0.716,159,11,14.5,6
2026-09-13T14:42:35+00:00,32982,Grand Theft Auto V,1580,149,10.6,2,313,0.198,949,146,6.5,117
2026-09-13T14:42:35+00:00,263490,Rust,1373,14,98.1,5.0,1190,0.867,38,11,3.5,11
2026-09-13T14:42:35+00:00,458353,Darkest Dungeon,1286,4,321.5,130.5,1024,0.796,1,1,1.0,2
2026-09-13T14:42:35+00:00,27471,Minecraft,1265,197,6.4,2,189,0.149,820,194,4.2,177
2026-09-13T14:42:35+00:00,32399,Counter-Strike,1261,69,18.3,2,370,0.293,625,66,9.5,53
2026-09-13T14:42:35+00:00,489170,DARK SOULS II: Scholar of the First Sin,1226,4,306.5,8.0,1209,0.986,1,1,1.0,2
2026-09-13T14:42:35+00:00,417528,Albion Online,1207,12,100.6,14.0,700,0.58,86,9,9.6,5
2026-09-13T14:42:35+00:00,30921,Rocket League,1196,125,9.6,1,600,0.502,242,122,2.0,119
2026-09-13T14:42:35+00:00,512710,Call of Duty: Warzone,1192,127,9.4,1,278,0.233,707,124,5.7,107
2026-09-13T14:42:35+00:00,1931693784,Pokémon Champions,1138,6,189.7,4.0,1113,0.978,6,3,2.0,4
2026-09-13T14:42:35+00:00,138585,Hearthstone,1091,10,109.1,1.5,1024,0.939,23,7,3.3,6
2026-09-13T14:42:35+00:00,490292,DARK SOULS III,1056,12,88.0,2.5,969,0.918,20,9,2.2,9
2026-09-13T14:42:35+00:00,458781,No Man's Sky,970,31,31.3,3,378,0.39,222,28,7.9,20
2026-09-13T14:42:35+00:00,518630,Manor Lords,942,1,942.0,942,942,1.0,0,0,0,0
2026-09-13T14:42:35+00:00,499973,Always On,904,22,41.1,2.0,662,0.732,123,19,6.5,16
2026-09-13T14:42:35+00:00,1143686580,Gamble With Your Friends,886,8,110.8,1.0,872,0.984,4,5,0.8,7
2026-09-13T14:42:35+00:00,1357871551,The Blood of Dawnwalker,871,86,10.1,2.0,207,0.238,447,83,5.4,75
2026-09-13T14:42:35+00:00,630009802,MARVEL TŌKON: Fighting Souls,833,3,277.7,8,823,0.988,0,0,0,2
2026-09-13T14:42:35+00:00,513181,Genshin Impact,815,31,26.3,5,290,0.356,276,28,9.9,21
2026-09-13T14:42:35+00:00,493959,Red Dead Redemption II,758,29,26.1,4,595,0.785,113,26,4.3,23
2026-09-13T14:42:35+00:00,1122982998,Dark Souls: Remastered,615,6,102.5,7.5,518,0.842,15,3,5.0,4
2026-09-13T14:42:35+00:00,538054672,TEKKEN 8,608,13,46.8,7,482,0.793,67,10,6.7,8
2026-09-13T14:42:35+00:00,32959,Heroes of the Storm,592,5,118.4,3,526,0.889,2,2,1.0,3
2026-09-13T14:42:35+00:00,492553,Sid Meier's Civilization VI,582,1,582.0,582,582,1.0,0,0,0,0
2026-09-13T14:42:35+00:00,509660,Art,566,36,15.7,4.0,161,0.284,207,33,6.3,24
2026-09-13T14:42:35+00:00,490377,Sea of Thieves,532,27,19.7,3,386,0.726,72,24,3.0,24
2026-09-13T14:42:35+00:00,417892,Z1: Battle Royale,517,21,24.6,2,161,0.311,103,18,5.7,16
2026-09-13T14:42:35+00:00,511224,Apex Legends,509,100,5.1,2.0,84,0.165,339,97,3.5,86
2026-09-13T14:42:35+00:00,498566,Slots,507,3,169.0,251,255,0.503,0,0,0,1
2026-09-13T14:42:35+00:00,66366,War Thunder,503,19,26.5,2,406,0.807,48,16,3.0,15
2026-09-13T14:42:35+00:00,460630,Rainbow Six Siege,497,47,10.6,1,173,0.348,191,44,4.3,38
2026-09-13T14:42:35+00:00,65632,DayZ,460,27,17.0,2,378,0.822,45,24,1.9,24
2026-09-13T14:42:35+00:00,491487,Dead by Daylight,455,59,7.7,3,127,0.279,270,56,4.8,51
2026-09-13T14:42:35+00:00,774680424,2XKO,447,1,447.0,447,447,1.0,0,0,0,0
2026-09-13T14:42:35+00:00,509538,Animal Crossing: New Horizons,441,8,55.1,7.0,344,0.78,20,5,4.0,5
2026-09-13T14:42:35+00:00,508455,Valheim,441,76,5.8,2.5,46,0.104,319,73,4.4,63
2026-09-13T14:42:35+00:00,1264310518,Marvel Rivals,439,34,12.9,3.0,101,0.23,233,31,7.5,25
2026-09-13T14:42:35+00:00,1819887434,Tomb Raider I•II•III Remastered,438,6,73.0,15.5,358,0.817,9,3,3.0,3
2026-09-13T14:42:35+00:00,18846,Garry's Mod,428,4,107.0,73.5,280,0.654,1,1,1.0,2
2026-09-13T14:42:35+00:00,417752,Talk Shows & Podcasts,427,7,61.0,1,363,0.85,2,4,0.5,5
2026-09-13T14:42:35+00:00,1898040946,How to Fish,425,16,26.6,1.0,393,0.925,18,13,1.4,14
2026-09-13T14:42:35+00:00,1763263,nanos world,424,2,212.0,212.0,219,0.517,0,0,0,0
2026-09-13T14:42:35+00:00,498482,Age of Empires IV,411,5,82.2,14,243,0.591,13,2,6.5,1
2026-09-13T14:42:35+00:00,31339,Project Zomboid,406,33,12.3,3,159,0.392,164,30,5.5,25
2026-09-13T14:42:35+00:00,902998079,Halloween: The Game,395,39,10.1,2,186,0.471,138,36,3.8,31
2026-09-13T14:42:35+00:00,1702520304,Path of Exile 2,373,15,24.9,5,229,0.614,82,12,6.8,8
2026-09-13T14:42:35+00:00,13332,Pokémon FireRed/LeafGreen,365,10,36.5,16.0,128,0.351,69,7,9.9,5
2026-09-13T14:42:35+00:00,65876,Cyberpunk 2077,354,20,17.7,3.5,175,0.494,77,17,4.5,15
2026-09-13T14:42:35+00:00,89297,Danganronpa 2: Goodbye Despair,346,1,346.0,346,346,1.0,0,0,0,0
2026-09-13T14:42:35+00:00,24241,FINAL FANTASY XIV ONLINE,340,32,10.6,4.0,40,0.118,232,29,8.0,20
2026-09-13T14:42:35+00:00,674491029,Star Wars Zero Company,325,16,20.3,1.0,277,0.852,19,13,1.5,14
2026-09-13T14:42:35+00:00,491931,Escape from Tarkov,323,15,21.5,6,189,0.585,63,12,5.2,9
2026-09-13T14:42:35+00:00,327598602,Onimusha: Way of the Sword,319,57,5.6,1,85,0.266,155,54,2.9,52
2026-09-13T14:42:35+00:00,2012789438,Call of Duty: Black Ops 7,310,35,8.9,1,94,0.303,127,32,4.0,29
2026-09-13T14:42:35+00:00,27546,World of Tanks,305,13,23.5,4,254,0.833,24,10,2.4,11
2026-09-13T14:42:35+00:00,21136,WAKFU,294,5,58.8,20,233,0.793,5,2,2.5,2
2026-09-13T14:42:35+00:00,602040818,NBA 2K27,258,20,12.9,1.0,214,0.829,26,17,1.5,18
2026-09-13T14:42:35+00:00,66170,Warframe,252,25,10.1,3,131,0.52,79,22,3.6,19
2026-09-13T14:42:35+00:00,497497,Brawl Stars,247,22,11.2,2.5,152,0.615,52,19,2.7,19
2026-09-13T14:42:35+00:00,0,Sans catégorie,241,129,1.9,1,21,0.087,192,126,1.5,124
2026-09-13T14:42:35+00:00,697018072,Starfinder: Afterlight,235,1,235.0,235,235,1.0,0,0,0,0
2026-09-13T14:42:35+00:00,23020,ROBLOX,227,151,1.5,1,16,0.07,196,148,1.3,150
2026-09-13T14:42:35+00:00,76929895,The Seven Deadly Sins: Origin,225,8,28.1,1.5,127,0.564,6,5,1.2,6
2026-09-13T14:42:35+00:00,506415, SEKIRO: SHADOWS DIE TWICE,223,3,74.3,3,219,0.982,0,0,0,2
2026-09-13T14:42:35+00:00,621875034,Lost and Found Co.,221,1,221.0,221,221,1.0,0,0,0,0
2026-09-13T14:42:35+00:00,1042236765,GIRLS' FRONTLINE 2: EXILIUM,220,2,110.0,110.0,206,0.936,0,0,0,0
2026-09-13T14:42:35+00:00,1441208453,Once Human,202,64,3.2,1.0,29,0.144,139,61,2.3,59
2026-09-13T14:42:35+00:00,68351,Mount & Blade II: Bannerlord,182,5,36.4,3,167,0.918,1,2,0.5,3
2026-09-13T14:42:35+00:00,27284,Retro,180,16,11.2,4.0,74,0.411,67,13,5.2,9
2026-09-13T14:42:35+00:00,489405,Dragon Ball Z: Dokkan Battle,178,8,22.2,9.5,118,0.663,26,5,5.2,4
2026-09-13T14:42:35+00:00,801541637,DRAGON BALL GEKISHIN SQUADRA,175,10,17.5,7.0,51,0.291,50,7,7.1,6
2026-09-13T14:42:35+00:00,1826300051,Mario Kart World,173,10,17.3,2.5,114,0.659,21,7,3.0,6
2026-09-13T14:42:35+00:00,513753,THE KING OF FIGHTERS XV,167,1,167.0,167,167,1.0,0,0,0,0
2026-09-13T14:42:35+00:00,464339927,ARC Raiders,167,30,5.6,3.0,23,0.138,110,27,4.1,24
2026-09-13T14:42:35+00:00,1494,Call of Duty,167,142,1.2,1.0,6,0.036,150,139,1.1,142
2026-09-13T14:42:35+00:00,75467,Euro Truck Simulator 2,165,23,7.2,3,60,0.364,67,20,3.4,18
2026-09-13T14:42:35+00:00,29595,Dota 2,160,6,26.7,5.5,128,0.8,4,3,1.3,4
2026-09-13T14:42:35+00:00,515024,Diablo IV,160,11,14.5,2,76,0.475,15,8,1.9,8
2026-09-13T14:42:35+00:00,624536948,EA Sports FC 26,157,52,3.0,2.0,14,0.089,118,49,2.4,48
2026-09-13T14:42:35+00:00,512953,ELDEN RING,148,35,4.2,3,23,0.155,89,32,2.8,32
2026-09-13T14:42:35+00:00,2060730947,Le Mans Ultimate,147,15,9.8,3,84,0.571,29,12,2.4,12
2026-09-13T14:42:35+00:00,10322,FINAL FANTASY X,138,2,69.0,69.0,135,0.978,0,0,0,1
2026-09-13T14:42:35+00:00,28105,Wii Party,137,1,137.0,137,137,1.0,0,0,0,0
2026-09-13T14:42:35+00:00,1846293708,Fields of Mistria,136,6,22.7,6.0,100,0.735,7,3,2.3,4
2026-09-13T14:42:35+00:00,500188,Hunt: Showdown 1896,136,20,6.8,4.5,19,0.14,85,17,5.0,13
2026-09-13T14:42:35+00:00,31750,Arma 3,127,8,15.9,4.5,87,0.685,13,5,2.6,5
2026-09-13T14:42:35+00:00,735904419,ARK: Survival Ascended,125,18,6.9,3.0,30,0.24,56,15,3.7,14
2026-09-13T14:42:35+00:00,168648543,Battlefield 6,124,22,5.6,1.0,77,0.621,34,19,1.8,21
2026-09-13T14:42:35+00:00,209738946,Wuthering Waves,122,10,12.2,2.0,91,0.746,14,7,2.0,8
2026-09-13T14:42:35+00:00,262437666,Farming Simulator 25,121,22,5.5,1.5,54,0.446,38,19,2.0,19
2026-09-13T14:42:35+00:00,386821,Black Desert,120,8,15.0,9.5,59,0.492,27,5,5.4,4
2026-09-13T14:42:35+00:00,1311010677,Planet Crafter,119,15,7.9,7,37,0.311,55,12,4.6,12
2026-09-13T14:42:35+00:00,669337588,Microsoft Flight Simulator 2024,118,11,10.7,2,68,0.576,14,8,1.8,8
2026-09-13T14:42:35+00:00,32502,World of Warships,117,2,58.5,58.5,116,0.991,0,0,0,1
2026-09-13T14:42:35+00:00,994874099,Tiny House Simulator,116,1,116.0,116,116,1.0,0,0,0,0
2026-09-13T14:42:35+00:00,331373906,eFootball,116,5,23.2,1,102,0.879,2,2,1.0,3
2026-09-13T14:42:35+00:00,232697171,Football,114,2,57.0,57.0,113,0.991,0,0,0,1
2026-09-13T14:42:35+00:00,13389,Age of Empires II,114,7,16.3,3,63,0.553,9,4,2.2,5
2026-09-13T14:42:35+00:00,29307,Path of Exile,111,4,27.8,5.0,101,0.91,0,1,0.0,3
2026-09-13T14:42:35+00:00,71375,Star Citizen,111,12,9.2,4.5,37,0.333,34,9,3.8,8
2026-09-13T14:42:35+00:00,518379,Pokémon UNITE,110,4,27.5,17.0,75,0.682,1,1,1.0,1
2026-09-13T14:42:35+00:00,499003,VRChat,109,5,21.8,23,47,0.431,14,2,7.0,1
2026-09-13T14:42:35+00:00,223869970,"Warhammer 40,000: Space Marine II",107,6,17.8,6.0,87,0.813,7,3,2.3,5
2026-09-13T14:42:35+00:00,1036710512,Palworld,107,32,3.3,2.0,16,0.15,70,29,2.4,29
2026-09-13T14:42:35+00:00,1228709591,A Plague Tale: Requiem,106,6,17.7,1.5,99,0.934,3,3,1.0,5
2026-09-13T14:42:35+00:00,570615518,Resonance: A Plague Tale Legacy,105,13,8.1,3,30,0.286,34,10,3.4,10
2026-09-13T14:42:35+00:00,1583524579,After-H: Battle Arena,101,2,50.5,50.5,60,0.594,0,0,0,0
2026-09-13T14:42:35+00:00,1050003477,The Elder Scrolls V: Skyrim - Special Edition,101,12,8.4,2.5,39,0.386,28,9,3.1,8
2026-09-13T15:12:37+00:00,509658,Just Chatting,27467,224,122.6,5.0,13513,0.492,10242,221,46.3,150
2026-09-13T15:12:37+00:00,1114331153,Solasta II,10928,6,1821.3,2276.5,3339,0.306,2006,3,668.7,2
2026-09-13T15:12:37+00:00,493057,PUBG: BATTLEGROUNDS,9934,18,551.9,2.5,6443,0.649,55,15,3.7,14
2026-09-13T15:12:37+00:00,743893402,WARDOGS,9909,144,68.8,4.0,3060,0.309,3879,141,27.5,106
2026-09-13T15:12:37+00:00,516575,VALORANT,9864,585,16.9,1,3237,0.328,4809,582,8.3,533
2026-09-13T15:12:37+00:00,21779,League of Legends,8906,197,45.2,3,2074,0.233,3375,194,17.4,157
2026-09-13T15:12:37+00:00,18122,World of Warcraft,8690,97,89.6,5,1971,0.227,3694,94,39.3,59
2026-09-13T15:12:37+00:00,33214,Fortnite,5645,512,11.0,1.0,1726,0.306,2627,509,5.2,483
2026-09-13T15:12:37+00:00,55453844,Street Fighter 6,5233,4,1308.2,21.5,5184,0.991,6,1,6.0,1
2026-09-13T15:12:37+00:00,1751366933,Riftbound,3501,3,1167.0,22,3476,0.993,0,0,0,1
2026-09-13T15:12:37+00:00,515025,Overwatch,3408,114,29.9,2.0,1504,0.441,1109,111,10.0,93
2026-09-13T15:12:37+00:00,509672,IRL,3068,21,146.1,8,921,0.3,1045,18,58.1,11
2026-09-13T15:12:37+00:00,20596,Dofus,2172,53,41.0,5,1177,0.542,812,50,16.2,32
2026-09-13T15:12:37+00:00,509663,Special Events,1854,12,154.5,5.0,1398,0.754,87,9,9.7,7
2026-09-13T15:12:37+00:00,29106,S.T.A.L.K.E.R. 2: Heart of Chornobyl,1790,7,255.7,1,1777,0.993,3,4,0.8,6
2026-09-13T15:12:37+00:00,32982,Grand Theft Auto V,1778,152,11.7,2.0,461,0.259,962,149,6.5,121
2026-09-13T15:12:37+00:00,32399,Counter-Strike,1775,59,30.1,3,514,0.29,705,56,12.6,42
2026-09-13T15:12:37+00:00,512710,Call of Duty: Warzone,1628,120,13.6,2.0,372,0.229,798,117,6.8,100
2026-09-13T15:12:37+00:00,30921,Rocket League,1534,144,10.7,1.0,568,0.37,324,141,2.3,137
2026-09-13T15:12:37+00:00,27471,Minecraft,1484,197,7.5,2,181,0.122,969,194,5.0,175
2026-09-13T15:12:37+00:00,518203,Sports,1436,17,84.5,16,749,0.522,195,14,13.9,6
2026-09-13T15:12:37+00:00,458353,Darkest Dungeon,1434,5,286.8,5,1154,0.805,2,2,1.0,3
2026-09-13T15:12:37+00:00,513143,Teamfight Tactics,1358,17,79.9,2,729,0.537,35,14,2.5,14
2026-09-13T15:12:37+00:00,263490,Rust,1343,11,122.1,6,1172,0.873,26,8,3.2,9
2026-09-13T15:12:37+00:00,489170,DARK SOULS II: Scholar of the First Sin,1249,5,249.8,2,1230,0.985,2,2,1.0,3
2026-09-13T15:12:37+00:00,138585,Hearthstone,1209,14,86.4,1.0,1149,0.95,21,11,1.9,11
2026-09-13T15:12:37+00:00,1931693784,Pokémon Champions,1165,7,166.4,5,1060,0.91,11,4,2.8,4
2026-09-13T15:12:37+00:00,417528,Albion Online,1158,15,77.2,5,594,0.513,99,12,8.2,8
2026-09-13T15:12:37+00:00,490292,DARK SOULS III,1054,11,95.8,3,973,0.923,32,8,4.0,7
2026-09-13T15:12:37+00:00,511224,Apex Legends,1047,105,10.0,2,277,0.265,436,102,4.3,92
2026-09-13T15:12:37+00:00,518630,Manor Lords,980,1,980.0,980,980,1.0,0,0,0,0
2026-09-13T15:12:37+00:00,1143686580,Gamble With Your Friends,936,3,312.0,1,934,0.998,0,0,0,2
2026-09-13T15:12:37+00:00,499973,Always On,871,22,39.6,3.0,624,0.716,124,19,6.5,16
2026-09-13T15:12:37+00:00,1357871551,The Blood of Dawnwalker,870,80,10.9,2.0,224,0.257,415,77,5.4,69
2026-09-13T15:12:37+00:00,458781,No Man's Sky,815,29,28.1,3,416,0.51,179,26,6.9,20
2026-09-13T15:12:37+00:00,630009802,MARVEL TŌKON: Fighting Souls,770,2,385.0,385.0,764,0.992,0,0,0,1
2026-09-13T15:12:37+00:00,490377,Sea of Thieves,679,32,21.2,3.0,462,0.68,116,29,4.0,25
2026-09-13T15:12:37+00:00,538054672,TEKKEN 8,613,10,61.3,8.0,529,0.863,39,7,5.6,6
2026-09-13T15:12:37+00:00,513181,Genshin Impact,607,36,16.9,3.0,165,0.272,209,33,6.3,28
2026-09-13T15:12:37+00:00,1122982998,Dark Souls: Remastered,604,3,201.3,86,512,0.848,0,0,0,1
2026-09-13T15:12:37+00:00,1763263,nanos world,597,4,149.2,150.0,291,0.487,6,1,6.0,1
2026-09-13T15:12:37+00:00,509660,Art,576,44,13.1,6.0,109,0.189,337,41,8.2,27
2026-09-13T15:12:37+00:00,491487,Dead by Daylight,565,65,8.7,4,135,0.239,352,62,5.7,51
2026-09-13T15:12:37+00:00,492553,Sid Meier's Civilization VI,564,1,564.0,564,564,1.0,0,0,0,0
2026-09-13T15:12:37+00:00,417892,Z1: Battle Royale,549,24,22.9,3.0,189,0.344,104,21,5.0,19
2026-09-13T15:12:37+00:00,66366,War Thunder,529,16,33.1,1.5,486,0.919,22,13,1.7,14
2026-09-13T15:12:37+00:00,460630,Rainbow Six Siege,521,63,8.3,1,154,0.296,249,60,4.2,56
2026-09-13T15:12:37+00:00,774680424,2XKO,508,1,508.0,508,508,1.0,0,0,0,0
2026-09-13T15:12:37+00:00,509538,Animal Crossing: New Horizons,503,8,62.9,17.5,360,0.716,54,5,10.8,3
2026-09-13T15:12:37+00:00,1898040946,How to Fish,500,11,45.5,1,489,0.978,8,8,1.0,10
2026-09-13T15:12:37+00:00,508455,Valheim,485,85,5.7,3,44,0.091,361,82,4.4,74
2026-09-13T15:12:37+00:00,65632,DayZ,477,23,20.7,1,408,0.855,38,20,1.9,21
2026-09-13T15:12:37+00:00,18846,Garry's Mod,473,10,47.3,1.5,310,0.655,9,7,1.3,8
2026-09-13T15:12:37+00:00,31339,Project Zomboid,471,28,16.8,3.0,239,0.507,142,25,5.7,21
2026-09-13T15:12:37+00:00,498482,Age of Empires IV,469,3,156.3,151,317,0.676,0,0,0,1
2026-09-13T15:12:37+00:00,498566,Slots,462,3,154.0,229,232,0.502,0,0,0,1
2026-09-13T15:12:37+00:00,1819887434,Tomb Raider I•II•III Remastered,455,4,113.8,40.5,360,0.791,14,1,14.0,0
2026-09-13T15:12:37+00:00,93798731,F1 25,445,18,24.7,1.0,387,0.87,16,15,1.1,15
2026-09-13T15:12:37+00:00,674491029,Star Wars Zero Company,369,13,28.4,3,300,0.813,31,10,3.1,10
2026-09-13T15:12:37+00:00,902998079,Halloween: The Game,369,35,10.5,2,187,0.507,112,32,3.5,29
2026-09-13T15:12:37+00:00,89297,Danganronpa 2: Goodbye Despair,356,1,356.0,356,356,1.0,0,0,0,0
2026-09-13T15:12:37+00:00,491931,Escape from Tarkov,351,12,29.2,7.0,188,0.536,46,9,5.1,8
2026-09-13T15:12:37+00:00,21136,WAKFU,336,7,48.0,20,248,0.738,25,4,6.2,3
2026-09-13T15:12:37+00:00,66170,Warframe,335,26,12.9,3.0,186,0.555,101,23,4.4,19
2026-09-13T15:12:37+00:00,513753,THE KING OF FIGHTERS XV,332,2,166.0,166.0,252,0.759,0,0,0,0
2026-09-13T15:12:37+00:00,23020,ROBLOX,331,132,2.5,1.0,138,0.417,170,129,1.3,130
2026-09-13T15:12:37+00:00,24241,FINAL FANTASY XIV ONLINE,324,31,10.5,6,38,0.117,214,28,7.6,19
2026-09-13T15:12:37+00:00,2012789438,Call of Duty: Black Ops 7,301,37,8.1,1,99,0.329,112,34,3.3,31
2026-09-13T15:12:37+00:00,27546,World of Tanks,295,12,24.6,4.5,214,0.725,30,9,3.3,9
2026-09-13T15:12:37+00:00,602040818,NBA 2K27,282,28,10.1,1.0,217,0.77,32,25,1.3,26
2026-09-13T15:12:37+00:00,65876,Cyberpunk 2077,281,16,17.6,2.0,189,0.673,25,13,1.9,13
2026-09-13T15:12:37+00:00,327598602,Onimusha: Way of the Sword,280,57,4.9,2,112,0.4,120,54,2.2,54
2026-09-13T15:12:37+00:00,497497,Brawl Stars,277,19,14.6,4,181,0.653,49,16,3.1,16
2026-09-13T15:12:37+00:00,1264310518,Marvel Rivals,274,29,9.4,2,67,0.245,117,26,4.5,23
2026-09-13T15:12:37+00:00,0,Sans catégorie,273,128,2.1,1.0,58,0.212,191,125,1.5,125
2026-09-13T15:12:37+00:00,213930085,Honkai: Star Rail,271,5,54.2,3,258,0.952,6,2,3.0,4
2026-09-13T15:12:37+00:00,68351,Mount & Blade II: Bannerlord,269,6,44.8,2.0,258,0.959,4,3,1.3,5
2026-09-13T15:12:37+00:00,506415, SEKIRO: SHADOWS DIE TWICE,256,6,42.7,4.0,238,0.93,6,3,2.0,5
2026-09-13T15:12:37+00:00,697018072,Starfinder: Afterlight,248,1,248.0,248,248,1.0,0,0,0,0
2026-09-13T15:12:37+00:00,621875034,Lost and Found Co.,243,1,243.0,243,243,1.0,0,0,0,0
2026-09-13T15:12:37+00:00,13332,Pokémon FireRed/LeafGreen,242,6,40.3,19.0,113,0.467,8,3,2.7,3
2026-09-13T15:12:37+00:00,1846293708,Fields of Mistria,239,5,47.8,20,107,0.448,12,2,6.0,1
2026-09-13T15:12:37+00:00,1441208453,Once Human,199,63,3.2,2,34,0.171,131,60,2.2,59
2026-09-13T15:12:37+00:00,489405,Dragon Ball Z: Dokkan Battle,192,6,32.0,18.0,97,0.505,39,3,13.0,1
2026-09-13T15:12:37+00:00,515024,Diablo IV,185,10,18.5,1.0,65,0.351,13,7,1.9,7
2026-09-13T15:12:37+00:00,1494,Call of Duty,183,151,1.2,1,6,0.033,166,148,1.1,151
2026-09-13T15:12:37+00:00,27284,Retro,181,17,10.6,4,81,0.448,61,14,4.4,12
2026-09-13T15:12:37+00:00,624536948,EA Sports FC 26,172,50,3.4,1.0,25,0.145,109,47,2.3,45
2026-09-13T15:12:37+00:00,66082,Games + Demos,170,58,2.9,1.0,73,0.429,77,55,1.4,55
2026-09-13T15:12:37+00:00,1702520304,Path of Exile 2,165,12,13.8,10.5,43,0.261,65,9,7.2,6
2026-09-13T15:12:37+00:00,464339927,ARC Raiders,165,37,4.5,2,30,0.182,98,34,2.9,32
2026-09-13T15:12:37+00:00,512953,ELDEN RING,165,33,5.0,2,28,0.17,104,30,3.5,26
2026-09-13T15:12:37+00:00,168648543,Battlefield 6,157,22,7.1,1.0,108,0.688,22,19,1.2,20
2026-09-13T15:12:37+00:00,28105,Wii Party,147,1,147.0,147,147,1.0,0,0,0,0
2026-09-13T15:12:37+00:00,669337588,Microsoft Flight Simulator 2024,144,11,13.1,2,90,0.625,15,8,1.9,8
2026-09-13T15:12:37+00:00,262437666,Farming Simulator 25,143,21,6.8,2,61,0.427,51,18,2.8,18
2026-09-13T15:12:37+00:00,76929895,The Seven Deadly Sins: Origin,140,6,23.3,3.0,127,0.907,4,3,1.3,5
2026-09-13T15:12:37+00:00,11557,The Legend of Zelda: Ocarina of Time,139,14,9.9,5.0,62,0.446,47,11,4.3,11
2026-09-13T15:12:37+00:00,32502,World of Warships,137,3,45.7,2,134,0.978,0,0,0,2
2026-09-13T15:12:37+00:00,209738946,Wuthering Waves,137,10,13.7,3.0,106,0.774,16,7,2.3,9
2026-09-13T15:12:37+00:00,1050003477,The Elder Scrolls V: Skyrim - Special Edition,137,14,9.8,5.5,47,0.343,50,11,4.5,10
2026-09-13T15:12:37+00:00,1285108122,Murdoku,136,1,136.0,136,136,1.0,0,0,0,0
2026-09-13T15:12:37+00:00,493959,Red Dead Redemption II,136,24,5.7,3.0,45,0.331,63,21,3.0,21
2026-09-13T15:12:37+00:00,1119642287,Yu-Gi-Oh! Master Duel,133,6,22.2,4.0,111,0.835,5,3,1.7,4
2026-09-13T15:12:37+00:00,1820839024,MECCHA CHAMELEON,132,7,18.9,2,116,0.879,5,4,1.2,6
2026-09-13T15:12:37+00:00,1036710512,Palworld,132,32,4.1,2.0,24,0.182,78,29,2.7,27
2026-09-13T15:12:37+00:00,10322,FINAL FANTASY X,126,1,126.0,126,126,1.0,0,0,0,0
2026-09-13T15:12:37+00:00,369252,The Sims 4,126,11,11.5,6,38,0.302,39,8,4.9,8
2026-09-13T15:12:37+00:00,570615518,Resonance: A Plague Tale Legacy,126,17,7.4,3,27,0.214,55,14,3.9,12
2026-09-13T15:12:37+00:00,31750,Arma 3,125,8,15.6,4.0,86,0.688,11,5,2.2,6
2026-09-13T15:12:37+00:00,401587136,Arena Breakout: Infinite,125,9,13.9,12,59,0.472,35,6,5.8,4
2026-09-13T15:12:37+00:00,26476,TERA,123,10,12.3,4.5,71,0.577,21,7,3.0,7
2026-09-13T15:12:37+00:00,331373906,eFootball,122,7,17.4,1,108,0.885,4,4,1.0,6
2026-09-13T15:12:37+00:00,29595,Dota 2,121,2,60.5,60.5,120,0.992,0,0,0,1
2026-09-13T15:12:37+00:00,1042236765,GIRLS' FRONTLINE 2: EXILIUM,118,1,118.0,118,118,1.0,0,0,0,0
2026-09-13T15:12:37+00:00,386821,Black Desert,117,7,16.7,8,64,0.547,19,4,4.8,4
2026-09-13T15:12:37+00:00,500188,Hunt: Showdown 1896,117,17,6.9,5,22,0.188,64,14,4.6,13
2026-09-13T15:12:37+00:00,4293,Medieval II: Total War,115,1,115.0,115,115,1.0,0,0,0,0
2026-09-13T15:12:37+00:00,1228709591,A Plague Tale: Requiem,112,5,22.4,1,108,0.964,2,2,1.0,4
2026-09-13T15:12:37+00:00,71375,Star Citizen,108,10,10.8,6.0,41,0.38,26,7,3.7,7
2026-09-13T15:12:37+00:00,518379,Pokémon UNITE,104,3,34.7,16,87,0.837,0,0,0,1
2026-09-13T15:12:37+00:00,29307,Path of Exile,103,4,25.8,5.0,92,0.893,1,1,1.0,3
2026-09-13T15:12:37+00:00,223869970,"Warhammer 40,000: Space Marine II",101,5,20.2,4,87,0.861,1,2,0.5,4
2026-09-13T15:42:38+00:00,509658,Just Chatting,17635,225,78.4,5,3417,0.194,11231,222,50.6,133
2026-09-13T15:42:38+00:00,1114331153,Solasta II,11372,5,2274.4,2604,3679,0.324,2092,2,1046.0,1
2026-09-13T15:42:38+00:00,493057,PUBG: BATTLEGROUNDS,11024,12,918.7,2.0,7709,0.699,20,9,2.2,9
2026-09-13T15:42:38+00:00,743893402,WARDOGS,10043,137,73.3,4,3074,0.306,3928,134,29.3,90
2026-09-13T15:42:38+00:00,18122,World of Warcraft,8302,91,91.2,4,2109,0.254,2974,88,33.8,55
2026-09-13T15:42:38+00:00,504461,Super Smash Bros. Ultimate,8213,7,1173.3,5,8183,0.996,12,4,3.0,5
2026-09-13T15:42:38+00:00,21779,League of Legends,7991,193,41.4,2,2314,0.29,2942,190,15.5,159
2026-09-13T15:42:38+00:00,33214,Fortnite,7587,455,16.7,1,3508,0.462,2430,452,5.4,425
2026-09-13T15:42:38+00:00,516575,VALORANT,6941,567,12.2,2,2314,0.333,3798,564,6.7,510
2026-09-13T15:42:38+00:00,55453844,Street Fighter 6,5372,5,1074.4,4,5333,0.993,4,2,2.0,3
2026-09-13T15:42:38+00:00,515025,Overwatch,4109,101,40.7,3,2340,0.569,1046,98,10.7,79
2026-09-13T15:42:38+00:00,509672,IRL,3795,24,158.1,28.0,1114,0.294,1435,21,68.3,11
2026-09-13T15:42:38+00:00,1357871551,The Blood of Dawnwalker,2172,81,26.8,3,1328,0.611,471,78,6.0,68
2026-09-13T15:42:38+00:00,417528,Albion Online,1926,15,128.4,9,800,0.415,242,12,20.2,8
2026-09-13T15:42:38+00:00,29106,S.T.A.L.K.E.R. 2: Heart of Chornobyl,1802,6,300.3,1.5,1794,0.996,2,3,0.7,5
2026-09-13T15:42:38+00:00,32982,Grand Theft Auto V,1736,154,11.3,2.0,315,0.181,1057,151,7.0,120
2026-09-13T15:42:38+00:00,27471,Minecraft,1636,177,9.2,2,478,0.292,763,174,4.4,153
2026-09-13T15:42:38+00:00,1751366933,Riftbound,1634,3,544.7,28,1604,0.982,0,0,0,1
2026-09-13T15:42:38+00:00,32399,Counter-Strike,1603,61,26.3,3,357,0.223,699,58,12.1,45
2026-09-13T15:42:38+00:00,20596,Dofus,1572,56,28.1,5.0,422,0.268,872,53,16.5,34
2026-09-13T15:42:38+00:00,512710,Call of Duty: Warzone,1570,111,14.1,2,400,0.255,714,108,6.6,91
2026-09-13T15:42:38+00:00,30921,Rocket League,1464,140,10.5,1.0,578,0.395,300,137,2.2,132
2026-09-13T15:42:38+00:00,518203,Sports,1416,12,118.0,13.5,691,0.488,83,9,9.2,5
2026-09-13T15:42:38+00:00,263490,Rust,1404,11,127.6,4,1230,0.876,23,8,2.9,9
2026-09-13T15:42:38+00:00,509663,Special Events,1393,13,107.2,7,1183,0.849,88,10,8.8,8
2026-09-13T15:42:38+00:00,489170,DARK SOULS II: Scholar of the First Sin,1236,4,309.0,10.0,1215,0.983,1,1,1.0,2
2026-09-13T15:42:38+00:00,138585,Hearthstone,1222,13,94.0,3,1102,0.902,48,10,4.8,9
2026-09-13T15:42:38+00:00,458353,Darkest Dungeon,1182,3,394.0,3,1178,0.997,0,0,0,2
2026-09-13T15:42:38+00:00,513143,Teamfight Tactics,1168,16,73.0,3.0,694,0.594,40,13,3.1,13
2026-09-13T15:42:38+00:00,417892,Z1: Battle Royale,1145,28,40.9,2.0,469,0.41,349,25,14.0,20
2026-09-13T15:42:38+00:00,1931693784,Pokémon Champions,1070,7,152.9,4,971,0.907,10,4,2.5,4
2026-09-13T15:42:38+00:00,1143686580,Gamble With Your Friends,1052,2,526.0,526.0,1051,0.999,0,0,0,1
2026-09-13T15:42:38+00:00,490292,DARK SOULS III,1035,12,86.2,2.0,972,0.939,16,9,1.8,9
2026-09-13T15:42:38+00:00,515024,Diablo IV,1014,14,72.4,3.0,785,0.774,83,11,7.5,9
2026-09-13T15:42:38+00:00,518630,Manor Lords,950,1,950.0,950,950,1.0,0,0,0,0
2026-09-13T15:42:38+00:00,1763263,nanos world,921,8,115.1,125.5,274,0.298,292,5,58.4,2
2026-09-13T15:42:38+00:00,499973,Always On,910,20,45.5,2.5,702,0.771,92,17,5.4,15
2026-09-13T15:42:38+00:00,902998079,Halloween: The Game,904,35,25.8,3,314,0.347,287,32,9.0,24
2026-09-13T15:42:38+00:00,458781,No Man's Sky,862,28,30.8,2.0,427,0.495,203,25,8.1,18
2026-09-13T15:42:38+00:00,513181,Genshin Impact,784,36,21.8,4.0,164,0.209,344,33,10.4,26
2026-09-13T15:42:38+00:00,511224,Apex Legends,709,106,6.7,1.0,213,0.3,356,103,3.5,93
2026-09-13T15:42:38+00:00,774680424,2XKO,701,2,350.5,350.5,694,0.99,0,0,0,1
2026-09-13T15:42:38+00:00,490377,Sea of Thieves,696,28,24.9,3.0,430,0.618,142,25,5.7,21
2026-09-13T15:42:38+00:00,538054672,TEKKEN 8,645,12,53.8,5.0,557,0.864,40,9,4.4,8
2026-09-13T15:42:38+00:00,1122982998,Dark Souls: Remastered,640,7,91.4,8,520,0.812,18,4,4.5,5
2026-09-13T15:42:38+00:00,66366,War Thunder,593,19,31.2,2,495,0.835,48,16,3.0,15
2026-09-13T15:42:38+00:00,1898040946,How to Fish,591,13,45.5,1,553,0.936,13,10,1.3,11
2026-09-13T15:42:38+00:00,498482,Age of Empires IV,564,3,188.0,165,397,0.704,0,0,0,1
2026-09-13T15:42:38+00:00,492553,Sid Meier's Civilization VI,554,2,277.0,277.0,553,0.998,0,0,0,1
2026-09-13T15:42:38+00:00,460630,Rainbow Six Siege,551,68,8.1,2.0,167,0.303,271,65,4.2,58
2026-09-13T15:42:38+00:00,65632,DayZ,531,26,20.4,1.5,447,0.842,50,23,2.2,23
2026-09-13T15:42:38+00:00,498566,Slots,510,3,170.0,248,260,0.51,0,0,0,1
2026-09-13T15:42:38+00:00,93798731,F1 25,489,31,15.8,1,425,0.869,34,28,1.2,29
2026-09-13T15:42:38+00:00,508455,Valheim,478,81,5.9,3,52,0.109,344,78,4.4,71
2026-09-13T15:42:38+00:00,31339,Project Zomboid,477,29,16.4,3,259,0.543,125,26,4.8,23
2026-09-13T15:42:38+00:00,509538,Animal Crossing: New Horizons,455,7,65.0,19,327,0.719,44,4,11.0,2
2026-09-13T15:42:38+00:00,491931,Escape from Tarkov,426,17,25.1,5,199,0.467,83,14,5.9,11
2026-09-13T15:42:38+00:00,491487,Dead by Daylight,419,65,6.4,3,41,0.098,312,62,5.0,52
2026-09-13T15:42:38+00:00,509660,Art,399,33,12.1,7,77,0.193,238,30,7.9,20
2026-09-13T15:42:38+00:00,23020,ROBLOX,360,142,2.5,1.0,140,0.389,194,139,1.4,139
2026-09-13T15:42:38+00:00,1050003477,The Elder Scrolls V: Skyrim - Special Edition,359,19,18.9,9,109,0.304,154,16,9.6,10
2026-09-13T15:42:38+00:00,89297,Danganronpa 2: Goodbye Despair,353,1,353.0,353,353,1.0,0,0,0,0
2026-09-13T15:42:38+00:00,674491029,Star Wars Zero Company,351,11,31.9,3,293,0.835,23,8,2.9,7
2026-09-13T15:42:38+00:00,1264310518,Marvel Rivals,351,25,14.0,3,109,0.311,115,22,5.2,19
2026-09-13T15:42:38+00:00,513753,THE KING OF FIGHTERS XV,340,2,170.0,170.0,256,0.753,0,0,0,0
2026-09-13T15:42:38+00:00,327598602,Onimusha: Way of the Sword,340,57,6.0,2,140,0.412,145,54,2.7,54
2026-09-13T15:42:38+00:00,602040818,NBA 2K27,326,28,11.6,1.5,189,0.58,55,25,2.2,24
2026-09-13T15:42:38+00:00,21136,WAKFU,309,6,51.5,11.5,242,0.783,7,3,2.3,3
2026-09-13T15:42:38+00:00,27546,World of Tanks,303,9,33.7,6,212,0.7,22,6,3.7,5
2026-09-13T15:42:38+00:00,65876,Cyberpunk 2077,300,17,17.6,1,189,0.63,27,14,1.9,14
2026-09-13T15:42:38+00:00,66170,Warframe,289,19,15.2,1,212,0.734,43,16,2.7,16
2026-09-13T15:42:38+00:00,24241,FINAL FANTASY XIV ONLINE,286,34,8.4,2.0,37,0.129,179,31,5.8,25
2026-09-13T15:42:38+00:00,68351,Mount & Blade II: Bannerlord,283,6,47.2,2.5,272,0.961,4,3,1.3,5
2026-09-13T15:42:38+00:00,213930085,Honkai: Star Rail,278,4,69.5,3.5,269,0.968,2,1,2.0,3
2026-09-13T15:42:38+00:00,1441208453,Once Human,242,69,3.5,2,48,0.198,164,66,2.5,65
2026-09-13T15:42:38+00:00,0,Sans catégorie,239,117,2.0,1,44,0.184,171,114,1.5,114
2026-09-13T15:42:38+00:00,621875034,Lost and Found Co.,237,1,237.0,237,237,1.0,0,0,0,0
2026-09-13T15:42:38+00:00,697018072,Starfinder: Afterlight,235,1,235.0,235,235,1.0,0,0,0,0
2026-09-13T15:42:38+00:00,506415, SEKIRO: SHADOWS DIE TWICE,222,5,44.4,2,212,0.955,2,2,1.0,4
2026-09-13T15:42:38+00:00,27284,Retro,219,21,10.4,4,82,0.374,99,18,5.5,13
2026-09-13T15:42:38+00:00,168648543,Battlefield 6,212,25,8.5,1,99,0.467,53,22,2.4,22
2026-09-13T15:42:38+00:00,18846,Garry's Mod,198,13,15.2,2,132,0.667,26,10,2.6,10
2026-09-13T15:42:38+00:00,2012789438,Call of Duty: Black Ops 7,198,32,6.2,2.0,49,0.247,73,29,2.5,28
2026-09-13T15:42:38+00:00,512953,ELDEN RING,193,38,5.1,3.0,29,0.15,122,35,3.5,31
2026-09-13T15:42:38+00:00,1494,Call of Duty,192,151,1.3,1,8,0.042,174,148,1.2,151
2026-09-13T15:42:38+00:00,464339927,ARC Raiders,188,32,5.9,2.0,43,0.229,102,29,3.5,25
2026-09-13T15:42:38+00:00,1820839024,MECCHA CHAMELEON,185,7,26.4,4,121,0.654,7,4,1.8,4
2026-09-13T15:42:38+00:00,497497,Brawl Stars,179,16,11.2,2.5,140,0.782,29,13,2.2,15
2026-09-13T15:42:38+00:00,570615518,Resonance: A Plague Tale Legacy,165,17,9.7,2,59,0.358,56,14,4.0,11
2026-09-13T15:42:38+00:00,1702520304,Path of Exile 2,163,12,13.6,8.0,48,0.294,58,9,6.4,6
2026-09-13T15:42:38+00:00,32502,World of Warships,155,2,77.5,77.5,154,0.994,0,0,0,1
2026-09-13T15:42:38+00:00,1294658629,R.E.P.O.,155,17,9.1,3,31,0.2,73,14,5.2,12
2026-09-13T15:42:38+00:00,28105,Wii Party,154,1,154.0,154,154,1.0,0,0,0,0
2026-09-13T15:42:38+00:00,13332,Pokémon FireRed/LeafGreen,153,7,21.9,25,54,0.353,33,4,8.2,3
2026-09-13T15:42:38+00:00,489405,Dragon Ball Z: Dokkan Battle,152,7,21.7,7,93,0.612,17,4,4.2,4
2026-09-13T15:42:38+00:00,624536948,EA Sports FC 26,150,45,3.3,1,38,0.253,79,42,1.9,41
2026-09-13T15:42:38+00:00,1846293708,Fields of Mistria,148,5,29.6,9,112,0.757,4,2,2.0,3
2026-09-13T15:42:38+00:00,493959,Red Dead Redemption II,147,24,6.1,3.0,40,0.272,72,21,3.4,18
2026-09-13T15:42:38+00:00,1036710512,Palworld,145,32,4.5,2.5,39,0.269,80,29,2.8,27
2026-09-13T15:42:38+00:00,1954784138,Final Fantasy Resonance,143,4,35.8,3.5,136,0.951,0,1,0.0,3
2026-09-13T15:42:38+00:00,500188,Hunt: Showdown 1896,137,22,6.2,5.0,17,0.124,96,19,5.1,18
2026-09-13T15:42:38+00:00,29595,Dota 2,134,3,44.7,5,128,0.955,0,0,0,2
2026-09-13T15:42:38+00:00,31750,Arma 3,127,10,12.7,6.5,75,0.591,29,7,4.1,6
2026-09-13T15:42:38+00:00,209738946,Wuthering Waves,126,9,14.0,2,108,0.857,11,6,1.8,8
2026-09-13T15:42:38+00:00,4293,Medieval II: Total War,125,1,125.0,125,125,1.0,0,0,0,0
2026-09-13T15:42:38+00:00,331373906,eFootball,123,5,24.6,1,110,0.894,2,2,1.0,3
2026-09-13T15:42:38+00:00,262437666,Farming Simulator 25,123,22,5.6,1.0,58,0.472,44,19,2.3,19
2026-09-13T15:42:38+00:00,1119642287,Yu-Gi-Oh! Master Duel,121,4,30.2,5.0,110,0.909,1,1,1.0,3
2026-09-13T15:42:38+00:00,669337588,Microsoft Flight Simulator 2024,119,8,14.9,2.0,86,0.723,8,5,1.6,6
2026-09-13T15:42:38+00:00,24239,Super Mario Galaxy 2,114,3,38.0,1,112,0.982,0,0,0,2
2026-09-13T15:42:38+00:00,376500771,Hades II,112,3,37.3,2,109,0.973,0,0,0,2
2026-09-13T15:42:38+00:00,1819887434,Tomb Raider I•II•III Remastered,112,3,37.3,38,60,0.536,0,0,0,0
2026-09-13T15:42:38+00:00,26476,TERA,112,10,11.2,5.0,52,0.464,26,7,3.7,6
2026-09-13T15:42:38+00:00,71375,Star Citizen,112,10,11.2,3.0,52,0.464,21,7,3.0,7
2026-09-13T15:42:38+00:00,829561046,Invokers: Titan Legacy,112,4,28.0,29.5,50,0.446,3,1,3.0,1
2026-09-13T15:42:38+00:00,369252,The Sims 4,112,9,12.4,7,41,0.366,26,6,4.3,6
2026-09-13T15:42:38+00:00,19554,iRacing,108,6,18.0,4.0,73,0.676,8,3,2.7,4
2026-09-13T15:42:38+00:00,29307,Path of Exile,105,4,26.2,6.0,92,0.876,1,1,1.0,3
2026-09-13T15:42:38+00:00,982017546,Palia,102,7,14.6,6,42,0.412,16,4,4.0,4
2026-09-13T15:42:38+00:00,13389,Age of Empires II,100,3,33.3,18,68,0.68,0,0,0,0
2026-09-13T16:12:34+00:00,509658,Just Chatting,20186,234,86.3,5.5,3589,0.178,12472,231,54.0,140
2026-09-13T16:12:34+00:00,1114331153,Solasta II,11898,4,2974.5,2886.0,3953,0.332,2173,1,2173.0,0
2026-09-13T16:12:34+00:00,743893402,WARDOGS,11063,146,75.8,4.0,3005,0.272,4732,143,33.1,100
2026-09-13T16:12:34+00:00,516575,VALORANT,10392,558,18.6,2.0,2462,0.237,4624,555,8.3,499
2026-09-13T16:12:34+00:00,504461,Super Smash Bros. Ultimate,10114,3,3371.3,12,10100,0.999,0,0,0,1
2026-09-13T16:12:34+00:00,1143686580,Gamble With Your Friends,9293,5,1858.6,4,7992,0.86,2,2,1.0,3
2026-09-13T16:12:34+00:00,21779,League of Legends,8654,195,44.4,2,2182,0.252,3490,192,18.2,165
2026-09-13T16:12:34+00:00,18122,World of Warcraft,8279,92,90.0,4.5,2061,0.249,3104,89,34.9,57
2026-09-13T16:12:34+00:00,55453844,Street Fighter 6,5266,2,2633.0,2633.0,5264,1.0,0,0,0,1
2026-09-13T16:12:34+00:00,509672,IRL,5164,23,224.5,30,1840,0.356,1972,20,98.6,10
2026-09-13T16:12:34+00:00,515025,Overwatch,5150,107,48.1,3,3558,0.691,989,104,9.5,82
2026-09-13T16:12:34+00:00,33214,Fortnite,3717,427,8.7,1,1118,0.301,1675,424,4.0,405
2026-09-13T16:12:34+00:00,1751366933,Riftbound,2944,2,1472.0,1472.0,2907,0.987,0,0,0,0
2026-09-13T16:12:34+00:00,1357871551,The Blood of Dawnwalker,1893,77,24.6,2,1137,0.601,384,74,5.2,65
2026-09-13T16:12:34+00:00,29106,S.T.A.L.K.E.R. 2: Heart of Chornobyl,1876,6,312.7,1.5,1864,0.994,2,3,0.7,5
2026-09-13T16:12:34+00:00,509663,Special Events,1749,12,145.8,7.5,1263,0.722,87,9,9.7,6
2026-09-13T16:12:34+00:00,32982,Grand Theft Auto V,1748,160,10.9,1.5,290,0.166,1076,157,6.9,132
2026-09-13T16:12:34+00:00,20596,Dofus,1735,61,28.4,5,564,0.325,847,58,14.6,37
2026-09-13T16:12:34+00:00,417528,Albion Online,1629,13,125.3,6,630,0.387,150,10,15.0,7
2026-09-13T16:12:34+00:00,512710,Call of Duty: Warzone,1626,105,15.5,2,484,0.298,653,102,6.4,88
2026-09-13T16:12:34+00:00,518203,Sports,1604,17,94.4,6,752,0.469,109,14,7.8,10
2026-09-13T16:12:34+00:00,27471,Minecraft,1512,187,8.1,2,624,0.413,638,184,3.5,171
2026-09-13T16:12:34+00:00,513143,Teamfight Tactics,1508,25,60.3,2,946,0.627,76,22,3.5,21
2026-09-13T16:12:34+00:00,30921,Rocket League,1445,130,11.1,1.0,653,0.452,265,127,2.1,123
2026-09-13T16:12:34+00:00,32399,Counter-Strike,1421,57,24.9,3,341,0.24,555,54,10.3,44
2026-09-13T16:12:34+00:00,263490,Rust,1373,11,124.8,4,1191,0.867,24,8,3.0,9
2026-09-13T16:12:34+00:00,138585,Hearthstone,1354,11,123.1,1,1157,0.855,27,8,3.4,7
2026-09-13T16:12:34+00:00,511224,Apex Legends,1286,101,12.7,2,395,0.307,555,98,5.7,82
2026-09-13T16:12:34+00:00,489170,DARK SOULS II: Scholar of the First Sin,1217,4,304.2,2.0,1212,0.996,1,1,1.0,3
2026-09-13T16:12:34+00:00,417892,Z1: Battle Royale,1199,22,54.5,2.5,449,0.374,352,19,18.5,15
2026-09-13T16:12:34+00:00,458353,Darkest Dungeon,1181,3,393.7,5,1175,0.995,0,0,0,2
2026-09-13T16:12:34+00:00,1931693784,Pokémon Champions,1066,4,266.5,43.5,978,0.917,1,1,1.0,2
2026-09-13T16:12:34+00:00,515024,Diablo IV,1045,14,74.6,7.0,806,0.771,100,11,9.1,8
2026-09-13T16:12:34+00:00,1763263,nanos world,1041,12,86.8,79.5,206,0.198,472,9,52.4,5
2026-09-13T16:12:34+00:00,902998079,Halloween: The Game,1038,30,34.6,4.5,401,0.386,318,27,11.8,20
2026-09-13T16:12:34+00:00,499973,Always On,1025,21,48.8,3,807,0.787,102,18,5.7,15
2026-09-13T16:12:34+00:00,490292,DARK SOULS III,981,10,98.1,2.0,935,0.953,12,7,1.7,8
2026-09-13T16:12:34+00:00,498482,Age of Empires IV,971,3,323.7,182,788,0.812,0,0,0,1
2026-09-13T16:12:34+00:00,518630,Manor Lords,931,1,931.0,931,931,1.0,0,0,0,0
2026-09-13T16:12:34+00:00,458781,No Man's Sky,870,27,32.2,4,421,0.484,214,24,8.9,18
2026-09-13T16:12:34+00:00,513181,Genshin Impact,817,39,20.9,3,176,0.215,312,36,8.7,30
2026-09-13T16:12:34+00:00,490377,Sea of Thieves,671,27,24.9,3,417,0.621,107,24,4.5,20
2026-09-13T16:12:34+00:00,774680424,2XKO,655,2,327.5,327.5,649,0.991,0,0,0,1
2026-09-13T16:12:34+00:00,538054672,TEKKEN 8,621,10,62.1,7.5,535,0.862,32,7,4.6,7
2026-09-13T16:12:34+00:00,1122982998,Dark Souls: Remastered,618,4,154.5,53.0,503,0.814,9,1,9.0,1
2026-09-13T16:12:34+00:00,65632,DayZ,611,23,26.6,2,441,0.722,42,20,2.1,20
2026-09-13T16:12:34+00:00,93798731,F1 25,590,35,16.9,1,505,0.856,50,32,1.6,33
2026-09-13T16:12:34+00:00,31339,Project Zomboid,569,29,19.6,3,279,0.49,186,26,7.2,21
2026-09-13T16:12:34+00:00,1050003477,The Elder Scrolls V: Skyrim - Special Edition,566,18,31.4,9.5,201,0.355,157,15,10.5,9
2026-09-13T16:12:34+00:00,1898040946,How to Fish,545,15,36.3,1,525,0.963,14,12,1.2,14
2026-09-13T16:12:34+00:00,508455,Valheim,533,77,6.9,3,45,0.084,408,74,5.5,64
2026-09-13T16:12:34+00:00,509660,Art,527,37,14.2,7,73,0.139,333,34,9.8,20
2026-09-13T16:12:34+00:00,66366,War Thunder,514,10,51.4,2.0,490,0.953,10,7,1.4,9
2026-09-13T16:12:34+00:00,498566,Slots,486,4,121.5,116.0,253,0.521,1,1,1.0,2
2026-09-13T16:12:34+00:00,491487,Dead by Daylight,482,65,7.4,3,60,0.124,329,62,5.3,52
2026-09-13T16:12:34+00:00,490422,StarCraft II,481,1,481.0,481,481,1.0,0,0,0,0
2026-09-13T16:12:34+00:00,417752,Talk Shows & Podcasts,398,8,49.8,6.5,293,0.736,19,5,3.8,5
2026-09-13T16:12:34+00:00,513753,THE KING OF FIGHTERS XV,388,2,194.0,194.0,296,0.763,0,0,0,0
2026-09-13T16:12:34+00:00,674491029,Star Wars Zero Company,381,13,29.3,4,298,0.782,45,10,4.5,7
2026-09-13T16:12:34+00:00,89297,Danganronpa 2: Goodbye Despair,366,1,366.0,366,366,1.0,0,0,0,0
2026-09-13T16:12:34+00:00,492553,Sid Meier's Civilization VI,364,2,182.0,182.0,362,0.995,0,0,0,1
2026-09-13T16:12:34+00:00,460630,Rainbow Six Siege,351,55,6.4,2,89,0.254,168,52,3.2,50
2026-09-13T16:12:34+00:00,23020,ROBLOX,348,125,2.8,1,153,0.44,173,122,1.4,123
2026-09-13T16:12:34+00:00,1264310518,Marvel Rivals,337,34,9.9,3.0,93,0.276,131,31,4.2,28
2026-09-13T16:12:34+00:00,489405,Dragon Ball Z: Dokkan Battle,332,7,47.4,4,259,0.78,12,4,3.0,4
2026-09-13T16:12:34+00:00,21136,WAKFU,326,6,54.3,17.5,237,0.727,8,3,2.7,3
2026-09-13T16:12:34+00:00,327598602,Onimusha: Way of the Sword,325,47,6.9,2,172,0.529,103,44,2.3,45
2026-09-13T16:12:34+00:00,27546,World of Tanks,323,11,29.4,6,221,0.684,31,8,3.9,8
2026-09-13T16:12:34+00:00,506454,Super Mario Party,307,1,307.0,307,307,1.0,0,0,0,0
2026-09-13T16:12:34+00:00,448016060,Warlord: Awaji,301,1,301.0,301,301,1.0,0,0,0,0
2026-09-13T16:12:34+00:00,66170,Warframe,291,16,18.2,2.5,218,0.749,36,13,2.8,13
2026-09-13T16:12:34+00:00,18846,Garry's Mod,290,16,18.1,5.5,78,0.269,102,13,7.8,10
2026-09-13T16:12:34+00:00,65876,Cyberpunk 2077,288,17,16.9,2,177,0.615,43,14,3.1,13
2026-09-13T16:12:34+00:00,213930085,Honkai: Star Rail,285,3,95.0,4,278,0.975,0,0,0,2
2026-09-13T16:12:34+00:00,602040818,NBA 2K27,282,28,10.1,1.0,199,0.706,34,25,1.4,25
2026-09-13T16:12:34+00:00,497497,Brawl Stars,275,18,15.3,5.5,168,0.611,63,15,4.2,16
2026-09-13T16:12:34+00:00,27284,Retro,274,23,11.9,5,92,0.336,120,20,6.0,14
2026-09-13T16:12:34+00:00,687129551,Trackmania,261,9,29.0,5,227,0.87,14,6,2.3,7
2026-09-13T16:12:34+00:00,1826448737,Golden Swirl,240,1,240.0,240,240,1.0,0,0,0,0
2026-09-13T16:12:34+00:00,0,Sans catégorie,235,118,2.0,1.0,39,0.166,180,115,1.6,117
2026-09-13T16:12:34+00:00,491931,Escape from Tarkov,232,14,16.6,3.0,102,0.44,44,11,4.0,9
2026-09-13T16:12:34+00:00,24241,FINAL FANTASY XIV ONLINE,232,27,8.6,3,47,0.203,124,24,5.2,19
2026-09-13T16:12:34+00:00,621875034,Lost and Found Co.,228,1,228.0,228,228,1.0,0,0,0,0
2026-09-13T16:12:34+00:00,512980,Fall Guys,220,7,31.4,7,155,0.705,14,4,3.5,4
2026-09-13T16:12:34+00:00,506415, SEKIRO: SHADOWS DIE TWICE,219,4,54.8,1.5,215,0.982,1,1,1.0,3
2026-09-13T16:12:34+00:00,1282866981,Delta Force,219,13,16.8,2,138,0.63,24,10,2.4,10
2026-09-13T16:12:34+00:00,509538,Animal Crossing: New Horizons,216,6,36.0,17.5,122,0.565,24,3,8.0,2
2026-09-13T16:12:34+00:00,862272355,Spyro 2: Ripto's Rage!,215,1,215.0,215,215,1.0,0,0,0,0
2026-09-13T16:12:34+00:00,1441208453,Once Human,212,59,3.6,1,52,0.245,139,56,2.5,56
2026-09-13T16:12:34+00:00,168648543,Battlefield 6,207,27,7.7,1,113,0.546,30,24,1.2,24
2026-09-13T16:12:34+00:00,69279575,Only Good Babysitters Go to Heaven,205,1,205.0,205,205,1.0,0,0,0,0
2026-09-13T16:12:34+00:00,464339927,ARC Raiders,196,35,5.6,2,60,0.306,97,32,3.0,30
2026-09-13T16:12:34+00:00,13332,Pokémon FireRed/LeafGreen,185,6,30.8,31.5,64,0.346,26,3,8.7,2
2026-09-13T16:12:34+00:00,2012789438,Call of Duty: Black Ops 7,181,28,6.5,1.5,47,0.26,63,25,2.5,24
2026-09-13T16:12:34+00:00,1494,Call of Duty,176,146,1.2,1.0,6,0.034,162,143,1.1,146
2026-09-13T16:12:34+00:00,512953,ELDEN RING,173,38,4.6,3.0,31,0.179,106,35,3.0,34
2026-09-13T16:12:34+00:00,493959,Red Dead Redemption II,167,23,7.3,4,38,0.228,93,20,4.7,16
2026-09-13T16:12:34+00:00,32502,World of Warships,150,1,150.0,150,150,1.0,0,0,0,0
2026-09-13T16:12:34+00:00,624536948,EA Sports FC 26,150,42,3.6,1.0,39,0.26,65,39,1.7,38
2026-09-13T16:12:34+00:00,209738946,Wuthering Waves,142,7,20.3,3,126,0.887,8,4,2.0,6
2026-09-13T16:12:34+00:00,1954784138,Final Fantasy Resonance,141,6,23.5,2.0,129,0.915,2,3,0.7,5
2026-09-13T16:12:34+00:00,500188,Hunt: Showdown 1896,140,24,5.8,3.0,25,0.179,74,21,3.5,21
2026-09-13T16:12:34+00:00,29452,Virtual Casino,138,1,138.0,138,138,1.0,0,0,0,0
2026-09-13T16:12:34+00:00,29595,Dota 2,138,4,34.5,3.5,129,0.935,2,1,2.0,3
2026-09-13T16:12:34+00:00,11557,The Legend of Zelda: Ocarina of Time,137,16,8.6,3.0,37,0.27,52,13,4.0,11
2026-09-13T16:12:34+00:00,2143844298,BioShock 2 Remastered,135,1,135.0,135,135,1.0,0,0,0,0
2026-09-13T16:12:34+00:00,1702520304,Path of Exile 2,132,9,14.7,13,46,0.348,40,6,6.7,4
2026-09-13T16:12:34+00:00,669337588,Microsoft Flight Simulator 2024,131,9,14.6,4,76,0.58,18,6,3.0,6
2026-09-13T16:12:34+00:00,1119642287,Yu-Gi-Oh! Master Duel,123,4,30.8,3.0,116,0.943,1,1,1.0,3
2026-09-13T16:12:34+00:00,262437666,Farming Simulator 25,123,16,7.7,2.0,54,0.439,40,13,3.1,12
2026-09-13T16:12:34+00:00,19554,iRacing,122,9,13.6,3,84,0.689,14,6,2.3,7
2026-09-13T16:12:34+00:00,1669431183,DJs,120,5,24.0,24,49,0.408,19,2,9.5,1
2026-09-13T16:12:34+00:00,1294658629,R.E.P.O.,120,12,10.0,2.5,33,0.275,39,9,4.3,8
2026-09-13T16:12:34+00:00,939555737,Star Trucker,118,2,59.0,59.0,107,0.907,0,0,0,0
2026-09-13T16:12:34+00:00,71375,Star Citizen,112,13,8.6,4,36,0.321,35,10,3.5,10
2026-09-13T16:12:34+00:00,29307,Path of Exile,111,4,27.8,7.0,96,0.865,1,1,1.0,2
2026-09-13T16:12:34+00:00,31750,Arma 3,111,10,11.1,5.5,55,0.495,26,7,3.7,7
2026-09-13T16:12:34+00:00,24239,Super Mario Galaxy 2,108,3,36.0,1,106,0.981,0,0,0,2
2026-09-13T16:12:34+00:00,331373906,eFootball,108,8,13.5,1.5,96,0.889,4,5,0.8,7
2026-09-13T16:12:34+00:00,66082,Games + Demos,107,52,2.1,1.0,23,0.215,65,49,1.3,50
2026-09-13T16:12:34+00:00,1583524579,After-H: Battle Arena,106,2,53.0,53.0,59,0.557,0,0,0,0
2026-09-13T16:12:34+00:00,570615518,Resonance: A Plague Tale Legacy,104,13,8.0,1,31,0.298,36,10,3.6,9
2026-09-13T16:12:34+00:00,369252,The Sims 4,103,11,9.4,4,50,0.485,29,8,3.6,9
2026-09-13T16:12:34+00:00,829561046,Invokers: Titan Legacy,102,2,51.0,51.0,52,0.51,0,0,0,0
2026-09-13T16:12:34+00:00,75467,Euro Truck Simulator 2,102,20,5.1,2.5,24,0.235,49,17,2.9,17
2026-09-13T16:12:34+00:00,1036710512,Palworld,102,33,3.1,2,15,0.147,66,30,2.2,30
2026-09-13T16:42:37+00:00,509658,Just Chatting,23304,246,94.7,6.0,3704,0.159,15199,243,62.5,146
2026-09-13T16:42:37+00:00,743893402,WARDOGS,12535,147,85.3,4,3183,0.254,4487,144,31.2,105
2026-09-13T16:42:37+00:00,1114331153,Solasta II,11448,4,2862.0,2812.5,3824,0.334,1999,1,1999.0,0
2026-09-13T16:42:37+00:00,504461,Super Smash Bros. Ultimate,10693,8,1336.6,7.0,10538,0.986,23,5,4.6,5
2026-09-13T16:42:37+00:00,516575,VALORANT,10563,490,21.6,2.0,3294,0.312,4640,487,9.5,433
2026-09-13T16:42:37+00:00,21779,League of Legends,8914,187,47.7,2,2421,0.272,3315,184,18.0,160
2026-09-13T16:42:37+00:00,1143686580,Gamble With Your Friends,8488,4,2122.0,595.0,7295,0.859,3,1,3.0,2
2026-09-13T16:42:37+00:00,18122,World of Warcraft,6911,88,78.5,5.5,1925,0.279,3181,85,37.4,52
2026-09-13T16:42:37+00:00,515025,Overwatch,6758,88,76.8,2.0,4300,0.636,1069,85,12.6,70
2026-09-13T16:42:37+00:00,55453844,Street Fighter 6,5593,4,1398.2,6.0,5579,0.997,2,1,2.0,3
2026-09-13T16:42:37+00:00,509672,IRL,5226,25,209.0,4,1908,0.365,1807,22,82.1,13
2026-09-13T16:42:37+00:00,33214,Fortnite,3776,436,8.7,1.0,1235,0.327,1724,433,4.0,404
2026-09-13T16:42:37+00:00,1751366933,Riftbound,3763,2,1881.5,1881.5,3731,0.991,0,0,0,0
2026-09-13T16:42:37+00:00,1357871551,The Blood of Dawnwalker,1995,73,27.3,3,1106,0.554,506,70,7.2,60
2026-09-13T16:42:37+00:00,29106,S.T.A.L.K.E.R. 2: Heart of Chornobyl,1892,7,270.3,3,1872,0.989,5,4,1.2,6
2026-09-13T16:42:37+00:00,27471,Minecraft,1743,197,8.8,2,565,0.324,828,194,4.3,175
2026-09-13T16:42:37+00:00,509663,Special Events,1697,12,141.4,32.5,1090,0.642,219,9,24.3,3
2026-09-13T16:42:37+00:00,20596,Dofus,1657,58,28.6,6.0,605,0.365,759,55,13.8,34
2026-09-13T16:42:37+00:00,32982,Grand Theft Auto V,1511,175,8.6,2,199,0.132,1114,172,6.5,149
2026-09-13T16:42:37+00:00,512710,Call of Duty: Warzone,1502,109,13.8,2,514,0.342,450,106,4.2,99
2026-09-13T16:42:37+00:00,513143,Teamfight Tactics,1480,19,77.9,4,855,0.578,67,16,4.2,15
2026-09-13T16:42:37+00:00,417528,Albion Online,1472,9,163.6,26,540,0.367,120,6,20.0,3
2026-09-13T16:42:37+00:00,1763263,nanos world,1403,19,73.8,13,232,0.165,796,16,49.8,9
2026-09-13T16:42:37+00:00,138585,Hearthstone,1351,10,135.1,1.0,1244,0.921,17,7,2.4,6
2026-09-13T16:42:37+00:00,263490,Rust,1208,8,151.0,4.0,1044,0.864,13,5,2.6,6
2026-09-13T16:42:37+00:00,489170,DARK SOULS II: Scholar of the First Sin,1178,4,294.5,2.0,1173,0.996,1,1,1.0,3
2026-09-13T16:42:37+00:00,511224,Apex Legends,1168,87,13.4,1,428,0.366,404,84,4.8,75
2026-09-13T16:42:37+00:00,902998079,Halloween: The Game,1099,28,39.2,2.5,485,0.441,288,25,11.5,20
2026-09-13T16:42:37+00:00,30921,Rocket League,1098,112,9.8,1.0,471,0.429,307,109,2.8,104
2026-09-13T16:42:37+00:00,499973,Always On,1084,21,51.6,3,853,0.787,96,18,5.3,15
2026-09-13T16:42:37+00:00,490292,DARK SOULS III,1072,9,119.1,3,996,0.929,23,6,3.8,5
2026-09-13T16:42:37+00:00,1931693784,Pokémon Champions,1045,7,149.3,5,950,0.909,14,4,3.5,5
2026-09-13T16:42:37+00:00,498482,Age of Empires IV,1042,2,521.0,521.0,850,0.816,0,0,0,0
2026-09-13T16:42:37+00:00,1050003477,The Elder Scrolls V: Skyrim - Special Edition,1031,19,54.3,9,471,0.457,170,16,10.6,10
2026-09-13T16:42:37+00:00,32399,Counter-Strike,987,58,17.0,2.0,255,0.258,391,55,7.1,48
2026-09-13T16:42:37+00:00,515024,Diablo IV,971,10,97.1,5.5,786,0.809,37,7,5.3,6
2026-09-13T16:42:37+00:00,417892,Z1: Battle Royale,907,25,36.3,2,241,0.266,291,22,13.2,17
2026-09-13T16:42:37+00:00,458781,No Man's Sky,884,26,34.0,5.0,381,0.431,277,23,12.0,15
2026-09-13T16:42:37+00:00,23020,ROBLOX,860,134,6.4,1.0,512,0.595,192,131,1.5,131
2026-09-13T16:42:37+00:00,513181,Genshin Impact,809,27,30.0,4,191,0.236,274,24,11.4,18
2026-09-13T16:42:37+00:00,490422,StarCraft II,791,2,395.5,395.5,789,0.997,0,0,0,1
2026-09-13T16:42:37+00:00,65632,DayZ,756,23,32.9,2,446,0.59,64,20,3.2,18
2026-09-13T16:42:37+00:00,774680424,2XKO,674,2,337.0,337.0,665,0.987,0,0,0,1
2026-09-13T16:42:37+00:00,31339,Project Zomboid,656,31,21.2,4,302,0.46,252,28,9.0,21
2026-09-13T16:42:37+00:00,1898040946,How to Fish,644,21,30.7,2,571,0.887,41,18,2.3,18
2026-09-13T16:42:37+00:00,490377,Sea of Thieves,612,24,25.5,3.0,361,0.59,77,21,3.7,19
2026-09-13T16:42:37+00:00,506454,Super Mario Party,599,1,599.0,599,599,1.0,0,0,0,0
2026-09-13T16:42:37+00:00,93798731,F1 25,563,39,14.4,1,488,0.867,59,36,1.6,37
2026-09-13T16:42:37+00:00,491487,Dead by Daylight,536,53,10.1,3,61,0.114,361,50,7.2,36
2026-09-13T16:42:37+00:00,66366,War Thunder,532,15,35.5,2,502,0.944,19,12,1.6,14
2026-09-13T16:42:37+00:00,498566,Slots,496,3,165.3,245,250,0.504,0,0,0,1
2026-09-13T16:42:37+00:00,29452,Virtual Casino,476,1,476.0,476,476,1.0,0,0,0,0
2026-09-13T16:42:37+00:00,417752,Talk Shows & Podcasts,461,8,57.6,12.5,262,0.568,31,5,6.2,3
2026-09-13T16:42:37+00:00,518203,Sports,453,15,30.2,2,373,0.823,40,12,3.3,11
2026-09-13T16:42:37+00:00,1122982998,Dark Souls: Remastered,450,4,112.5,8.5,426,0.947,7,1,7.0,3
2026-09-13T16:42:37+00:00,0,Sans catégorie,433,129,3.4,1,180,0.416,200,126,1.6,126
2026-09-13T16:42:37+00:00,509660,Art,422,33,12.8,7,62,0.147,263,30,8.8,21
2026-09-13T16:42:37+00:00,508455,Valheim,416,68,6.1,3.0,46,0.111,290,65,4.5,60
2026-09-13T16:42:37+00:00,1282866981,Delta Force,409,19,21.5,2,297,0.726,51,16,3.2,15
2026-09-13T16:42:37+00:00,350287257,Last Pirates: Die Together,403,2,201.5,201.5,215,0.533,0,0,0,0
2026-09-13T16:42:37+00:00,21136,WAKFU,401,8,50.1,21.0,260,0.648,46,5,9.2,4
2026-09-13T16:42:37+00:00,513753,THE KING OF FIGHTERS XV,391,2,195.5,195.5,290,0.742,0,0,0,0
2026-09-13T16:42:37+00:00,489405,Dragon Ball Z: Dokkan Battle,390,8,48.8,6.5,315,0.808,17,5,3.4,5
2026-09-13T16:42:37+00:00,602040818,NBA 2K27,385,27,14.3,1,216,0.561,53,24,2.2,23
2026-09-13T16:42:37+00:00,89297,Danganronpa 2: Goodbye Despair,365,1,365.0,365,365,1.0,0,0,0,0
2026-09-13T16:42:37+00:00,674491029,Star Wars Zero Company,364,12,30.3,2.0,303,0.832,34,9,3.8,7
2026-09-13T16:42:37+00:00,18846,Garry's Mod,356,22,16.2,4.0,94,0.264,110,19,5.8,16
2026-09-13T16:42:37+00:00,497497,Brawl Stars,345,16,21.6,3.5,231,0.67,53,13,4.1,12
2026-09-13T16:42:37+00:00,687129551,Trackmania,336,8,42.0,7.0,296,0.881,19,5,3.8,6
2026-09-13T16:42:37+00:00,27546,World of Tanks,327,11,29.7,3,232,0.709,27,8,3.4,8
2026-09-13T16:42:37+00:00,66170,Warframe,311,19,16.4,4,214,0.688,60,16,3.8,14
2026-09-13T16:42:37+00:00,460630,Rainbow Six Siege,308,50,6.2,1.0,85,0.276,136,47,2.9,45
2026-09-13T16:42:37+00:00,448016060,Warlord: Awaji,301,1,301.0,301,301,1.0,0,0,0,0
2026-09-13T16:42:37+00:00,1264310518,Marvel Rivals,298,42,7.1,2.0,99,0.332,97,39,2.5,38
2026-09-13T16:42:37+00:00,1494,Call of Duty,287,149,1.9,1,53,0.185,191,146,1.3,147
2026-09-13T16:42:37+00:00,213930085,Honkai: Star Rail,261,4,65.2,3.0,252,0.966,3,1,3.0,3
2026-09-13T16:42:37+00:00,2012789438,Call of Duty: Black Ops 7,253,29,8.7,2,141,0.557,61,26,2.3,26
2026-09-13T16:42:37+00:00,27284,Retro,250,15,16.7,11,89,0.356,86,12,7.2,7
2026-09-13T16:42:37+00:00,24241,FINAL FANTASY XIV ONLINE,246,29,8.5,4,49,0.199,132,26,5.1,22
2026-09-13T16:42:37+00:00,512980,Fall Guys,240,9,26.7,7,166,0.692,31,6,5.2,5
2026-09-13T16:42:37+00:00,168648543,Battlefield 6,234,22,10.6,1.0,97,0.415,65,19,3.4,18
2026-09-13T16:42:37+00:00,506415, SEKIRO: SHADOWS DIE TWICE,228,5,45.6,2,220,0.965,3,2,1.5,4
2026-09-13T16:42:37+00:00,1826448737,Golden Swirl,224,1,224.0,224,224,1.0,0,0,0,0
2026-09-13T16:42:37+00:00,862272355,Spyro 2: Ripto's Rage!,198,1,198.0,198,198,1.0,0,0,0,0
2026-09-13T16:42:37+00:00,491931,Escape from Tarkov,195,12,16.2,3.0,111,0.569,21,9,2.3,10
2026-09-13T16:42:37+00:00,512953,ELDEN RING,191,39,4.9,2,30,0.157,106,36,2.9,34
2026-09-13T16:42:37+00:00,1441208453,Once Human,189,57,3.3,1,50,0.265,118,54,2.2,55
2026-09-13T16:42:37+00:00,509538,Animal Crossing: New Horizons,187,7,26.7,14,99,0.529,30,4,7.5,3
2026-09-13T16:42:37+00:00,500188,Hunt: Showdown 1896,178,25,7.1,4,35,0.197,109,22,5.0,19
2026-09-13T16:42:37+00:00,464339927,ARC Raiders,175,24,7.3,1.5,68,0.389,62,21,3.0,19
2026-09-13T16:42:37+00:00,11557,The Legend of Zelda: Ocarina of Time,174,11,15.8,3,65,0.374,30,8,3.8,7
2026-09-13T16:42:37+00:00,69279575,Only Good Babysitters Go to Heaven,170,1,170.0,170,170,1.0,0,0,0,0
2026-09-13T16:42:37+00:00,499003,VRChat,159,3,53.0,3,155,0.975,0,0,0,2
2026-09-13T16:42:37+00:00,32502,World of Warships,155,1,155.0,155,155,1.0,0,0,0,0
2026-09-13T16:42:37+00:00,1669431183,DJs,155,9,17.2,10,72,0.465,35,6,5.8,4
2026-09-13T16:42:37+00:00,1036710512,Palworld,154,30,5.1,2.0,59,0.383,73,27,2.7,27
2026-09-13T16:42:37+00:00,29595,Dota 2,152,5,30.4,2,145,0.954,2,2,1.0,4
2026-09-13T16:42:37+00:00,13332,Pokémon FireRed/LeafGreen,146,4,36.5,37.0,71,0.486,1,1,1.0,1
2026-09-13T16:42:37+00:00,1119642287,Yu-Gi-Oh! Master Duel,145,5,29.0,5,124,0.855,6,2,3.0,3
2026-09-13T16:42:37+00:00,209738946,Wuthering Waves,145,8,18.1,4.0,120,0.828,11,5,2.2,7
2026-09-13T16:42:37+00:00,1954784138,Final Fantasy Resonance,140,6,23.3,3.0,126,0.9,5,3,1.7,5
2026-09-13T16:42:37+00:00,1702520304,Path of Exile 2,138,10,13.8,8.0,44,0.319,38,7,5.4,6
2026-09-13T16:42:37+00:00,1826300051,Mario Kart World,132,11,12.0,11,30,0.227,45,8,5.6,5
2026-09-13T16:42:37+00:00,493959,Red Dead Redemption II,131,19,6.9,3,34,0.26,58,16,3.6,14
2026-09-13T16:42:37+00:00,327598602,Onimusha: Way of the Sword,125,47,2.7,2,19,0.152,89,44,2.0,46
2026-09-13T16:42:37+00:00,624536948,EA Sports FC 26,124,40,3.1,1.0,39,0.315,53,37,1.4,38
2026-09-13T16:42:37+00:00,2143844298,BioShock 2 Remastered,123,1,123.0,123,123,1.0,0,0,0,0
2026-09-13T16:42:37+00:00,75467,Euro Truck Simulator 2,123,18,6.8,5.0,34,0.276,57,15,3.8,14
2026-09-13T16:42:37+00:00,669337588,Microsoft Flight Simulator 2024,120,8,15.0,2.5,85,0.708,10,5,2.0,6
2026-09-13T16:42:37+00:00,1583524579,After-H: Battle Arena,116,2,58.0,58.0,61,0.526,0,0,0,0
2026-09-13T16:42:37+00:00,939555737,Star Trucker,115,1,115.0,115,115,1.0,0,0,0,0
2026-09-13T16:42:37+00:00,829561046,Invokers: Titan Legacy,115,2,57.5,57.5,58,0.504,0,0,0,0
2026-09-13T16:42:37+00:00,66082,Games + Demos,112,52,2.2,1.0,30,0.268,64,49,1.3,50
2026-09-13T16:42:37+00:00,262437666,Farming Simulator 25,110,14,7.9,2.0,59,0.536,28,11,2.5,10
2026-09-13T16:42:37+00:00,2692,Super Mario 64,109,10,10.9,3.5,61,0.56,22,7,3.1,8
2026-09-13T16:42:37+00:00,36799602,Clair Obscur: Expedition 33,108,12,9.0,4.0,34,0.315,35,9,3.9,8
2026-09-13T16:42:37+00:00,510389,Shakes and Fidget,104,1,104.0,104,104,1.0,0,0,0,0
2026-09-13T16:42:37+00:00,331373906,eFootball,103,5,20.6,1,96,0.932,1,2,0.5,4
2026-09-13T16:42:37+00:00,653624336,Lies of P,102,6,17.0,2.0,93,0.912,4,3,1.3,5
2026-09-13T16:42:37+00:00,19554,iRacing,102,7,14.6,2,91,0.892,5,4,1.2,6
2026-09-13T16:42:37+00:00,13389,Age of Empires II,100,3,33.3,40,59,0.59,0,0,0,1
2026-09-13T17:12:34+00:00,509658,Just Chatting,19548,246,79.5,7.0,3519,0.18,13499,243,55.6,145
2026-09-13T17:12:34+00:00,743893402,WARDOGS,13358,133,100.4,4,3362,0.252,4360,130,33.5,94
2026-09-13T17:12:34+00:00,516575,VALORANT,11010,449,24.5,1,3875,0.352,4091,446,9.2,390
2026-09-13T17:12:34+00:00,18122,World of Warcraft,10577,93,113.7,7,2424,0.229,6270,90,69.7,53
2026-09-13T17:12:34+00:00,504461,Super Smash Bros. Ultimate,10475,7,1496.4,7,10325,0.986,18,4,4.5,5
2026-09-13T17:12:34+00:00,21779,League of Legends,8743,180,48.6,2.0,1772,0.203,4094,177,23.1,150
2026-09-13T17:12:34+00:00,1143686580,Gamble With Your Friends,8575,5,1715.0,6,7319,0.854,6,2,3.0,3
2026-09-13T17:12:34+00:00,515025,Overwatch,8172,88,92.9,2.5,4973,0.609,1256,85,14.8,68
2026-09-13T17:12:34+00:00,33214,Fortnite,7104,577,12.3,1,1768,0.249,3329,574,5.8,541
2026-09-13T17:12:34+00:00,509672,IRL,5673,19,298.6,29,1967,0.347,2085,16,130.3,7
2026-09-13T17:12:34+00:00,902998079,Halloween: The Game,4153,31,134.0,3,2732,0.658,456,28,16.3,23
2026-09-13T17:12:34+00:00,508455,Valheim,4118,65,63.4,3,3602,0.875,363,62,5.9,53
2026-09-13T17:12:34+00:00,1751366933,Riftbound,4113,1,4113.0,4113,4113,1.0,0,0,0,0
2026-09-13T17:12:34+00:00,1414860634,The Binding of Isaac: Repentance,3163,9,351.4,3,3147,0.995,9,6,1.5,8
2026-09-13T17:12:34+00:00,32982,Grand Theft Auto V,2300,161,14.3,2,512,0.223,1443,158,9.1,126
2026-09-13T17:12:34+00:00,509663,Special Events,1874,13,144.2,31,1200,0.64,243,10,24.3,4
2026-09-13T17:12:34+00:00,1357871551,The Blood of Dawnwalker,1844,70,26.3,2.0,1077,0.584,468,67,7.0,54
2026-09-13T17:12:34+00:00,29106,S.T.A.L.K.E.R. 2: Heart of Chornobyl,1837,6,306.2,7.0,1805,0.983,5,3,1.7,3
2026-09-13T17:12:34+00:00,138585,Hearthstone,1807,14,129.1,5.0,1502,0.831,52,11,4.7,9
2026-09-13T17:12:34+00:00,20596,Dofus,1787,54,33.1,8.0,653,0.365,805,51,15.8,30
2026-09-13T17:12:34+00:00,27471,Minecraft,1749,178,9.8,2.0,689,0.394,784,175,4.5,155
2026-09-13T17:12:34+00:00,513143,Teamfight Tactics,1648,17,96.9,4,790,0.479,265,14,18.9,11
2026-09-13T17:12:34+00:00,1763263,nanos world,1532,20,76.6,5.0,364,0.238,681,17,40.1,13
2026-09-13T17:12:34+00:00,512710,Call of Duty: Warzone,1452,103,14.1,1,468,0.322,454,100,4.5,85
2026-09-13T17:12:34+00:00,417528,Albion Online,1393,9,154.8,24,488,0.35,117,6,19.5,4
2026-09-13T17:12:34+00:00,511224,Apex Legends,1390,105,13.2,2,446,0.321,454,102,4.5,91
2026-09-13T17:12:34+00:00,1122982998,Dark Souls: Remastered,1362,5,272.4,8,1339,0.983,7,2,3.5,4
2026-09-13T17:12:34+00:00,417892,Z1: Battle Royale,1199,22,54.5,6.0,329,0.274,399,19,21.0,15
2026-09-13T17:12:34+00:00,1050003477,The Elder Scrolls V: Skyrim - Special Edition,1180,17,69.4,11,666,0.564,124,14,8.9,8
2026-09-13T17:12:34+00:00,263490,Rust,1128,13,86.8,3,952,0.844,26,10,2.6,11
2026-09-13T17:12:34+00:00,498482,Age of Empires IV,1106,3,368.7,189,914,0.826,0,0,0,1
2026-09-13T17:12:34+00:00,1931693784,Pokémon Champions,1037,8,129.6,3.0,940,0.906,10,5,2.0,6
2026-09-13T17:12:34+00:00,499973,Always On,1022,18,56.8,2.5,780,0.763,59,15,3.9,13
2026-09-13T17:12:34+00:00,30921,Rocket League,1010,99,10.2,1,553,0.548,271,96,2.8,90
2026-09-13T17:12:34+00:00,490422,StarCraft II,978,1,978.0,978,978,1.0,0,0,0,0
2026-09-13T17:12:34+00:00,458781,No Man's Sky,873,33,26.5,5,309,0.354,326,30,10.9,19
2026-09-13T17:12:34+00:00,65632,DayZ,867,30,28.9,2.0,466,0.537,65,27,2.4,26
2026-09-13T17:12:34+00:00,774680424,2XKO,827,3,275.7,10,816,0.987,0,0,0,1
2026-09-13T17:12:34+00:00,23020,ROBLOX,782,118,6.6,1.0,487,0.623,160,115,1.4,116
2026-09-13T17:12:34+00:00,506454,Super Mario Party,681,1,681.0,681,681,1.0,0,0,0,0
2026-09-13T17:12:34+00:00,31339,Project Zomboid,666,26,25.6,5.5,315,0.473,237,23,10.3,17
2026-09-13T17:12:34+00:00,513181,Genshin Impact,618,19,32.5,3,205,0.332,119,16,7.4,13
2026-09-13T17:12:34+00:00,512998,The Legend of Zelda: Tears of the Kingdom,556,5,111.2,8,532,0.957,4,2,2.0,3
2026-09-13T17:12:34+00:00,491487,Dead by Daylight,536,52,10.3,3.0,66,0.123,358,49,7.3,40
2026-09-13T17:12:34+00:00,93798731,F1 25,525,31,16.9,1,433,0.825,37,28,1.3,29
2026-09-13T17:12:34+00:00,2137554534,Dwarf Eats Mountain,524,1,524.0,524,524,1.0,0,0,0,0
2026-09-13T17:12:34+00:00,490377,Sea of Thieves,524,21,25.0,2,354,0.676,39,18,2.2,18
2026-09-13T17:12:34+00:00,513753,THE KING OF FIGHTERS XV,510,2,255.0,255.0,401,0.786,0,0,0,0
2026-09-13T17:12:34+00:00,32399,Counter-Strike,504,45,11.2,2,114,0.226,227,42,5.4,36
2026-09-13T17:12:34+00:00,66366,War Thunder,491,11,44.6,3,462,0.941,17,8,2.1,10
2026-09-13T17:12:34+00:00,498566,Slots,481,4,120.2,115.5,249,0.518,1,1,1.0,2
2026-09-13T17:12:34+00:00,1282866981,Delta Force,474,17,27.9,2,371,0.783,38,14,2.7,13
2026-09-13T17:12:34+00:00,0,Sans catégorie,474,129,3.7,1,272,0.574,189,126,1.5,128
2026-09-13T17:12:34+00:00,18846,Garry's Mod,461,23,20.0,3,140,0.304,106,20,5.3,17
2026-09-13T17:12:34+00:00,417752,Talk Shows & Podcasts,428,8,53.5,8.5,329,0.769,22,5,4.4,5
2026-09-13T17:12:34+00:00,512953,ELDEN RING,426,50,8.5,2.0,107,0.251,172,47,3.7,42
2026-09-13T17:12:34+00:00,89297,Danganronpa 2: Goodbye Despair,390,1,390.0,390,390,1.0,0,0,0,0
2026-09-13T17:12:34+00:00,518203,Sports,380,19,20.0,2,159,0.418,70,16,4.4,14
2026-09-13T17:12:34+00:00,602040818,NBA 2K27,376,25,15.0,1,212,0.564,60,22,2.7,20
2026-09-13T17:12:34+00:00,21136,WAKFU,362,8,45.2,16.0,237,0.655,37,5,7.4,4
2026-09-13T17:12:34+00:00,350287257,Last Pirates: Die Together,358,2,179.0,179.0,201,0.561,0,0,0,0
2026-09-13T17:12:34+00:00,687129551,Trackmania,348,9,38.7,5,303,0.871,21,6,3.5,7
2026-09-13T17:12:34+00:00,489405,Dragon Ball Z: Dokkan Battle,343,5,68.6,9,286,0.834,12,2,6.0,3
2026-09-13T17:12:34+00:00,27546,World of Tanks,340,8,42.5,4.5,245,0.721,12,5,2.4,5
2026-09-13T17:12:34+00:00,509660,Art,334,28,11.9,5.5,78,0.234,160,25,6.4,20
2026-09-13T17:12:34+00:00,209738946,Wuthering Waves,333,9,37.0,7,161,0.483,33,6,5.5,5
2026-09-13T17:12:34+00:00,448016060,Warlord: Awaji,331,1,331.0,331,331,1.0,0,0,0,0
2026-09-13T17:12:34+00:00,1264310518,Marvel Rivals,323,42,7.7,2.0,92,0.285,131,39,3.4,36
2026-09-13T17:12:34+00:00,1494,Call of Duty,315,146,2.2,1.0,54,0.171,191,143,1.3,143
2026-09-13T17:12:34+00:00,2012789438,Call of Duty: Black Ops 7,292,35,8.3,1,174,0.596,61,32,1.9,32
2026-09-13T17:12:34+00:00,66170,Warframe,280,16,17.5,2.0,196,0.7,49,13,3.8,11
2026-09-13T17:12:34+00:00,460630,Rainbow Six Siege,267,41,6.5,1,100,0.375,91,38,2.4,37
2026-09-13T17:12:34+00:00,27284,Retro,256,15,17.1,5,102,0.398,83,12,6.9,9
2026-09-13T17:12:34+00:00,213930085,Honkai: Star Rail,254,3,84.7,5,248,0.976,0,0,0,2
2026-09-13T17:12:34+00:00,497497,Brawl Stars,250,14,17.9,8.0,93,0.372,69,11,6.3,9
2026-09-13T17:12:34+00:00,464339927,ARC Raiders,240,31,7.7,2,56,0.233,127,28,4.5,24
2026-09-13T17:12:34+00:00,327598602,Onimusha: Way of the Sword,233,51,4.6,1,62,0.266,141,48,2.9,45
2026-09-13T17:12:34+00:00,24241,FINAL FANTASY XIV ONLINE,233,24,9.7,5.0,46,0.197,128,21,6.1,17
2026-09-13T17:12:34+00:00,168648543,Battlefield 6,230,20,11.5,2.0,85,0.37,35,17,2.1,17
2026-09-13T17:12:34+00:00,11557,The Legend of Zelda: Ocarina of Time,225,12,18.8,6.0,72,0.32,59,9,6.6,7
2026-09-13T17:12:34+00:00,515024,Diablo IV,204,9,22.7,6,102,0.5,23,6,3.8,5
2026-09-13T17:12:34+00:00,2013539540,Blue Prince,202,2,101.0,101.0,189,0.936,0,0,0,0
2026-09-13T17:12:34+00:00,1441208453,Once Human,200,52,3.8,2.0,52,0.26,127,49,2.6,48
2026-09-13T17:12:34+00:00,69279575,Only Good Babysitters Go to Heaven,189,1,189.0,189,189,1.0,0,0,0,0
2026-09-13T17:12:34+00:00,862272355,Spyro 2: Ripto's Rage!,187,1,187.0,187,187,1.0,0,0,0,0
2026-09-13T17:12:34+00:00,1702520304,Path of Exile 2,186,8,23.2,20.0,46,0.247,72,5,14.4,1
2026-09-13T17:12:34+00:00,743,Chess,183,5,36.6,3,140,0.765,2,2,1.0,3
2026-09-13T17:12:34+00:00,941530474,Mario Kart 8 Deluxe,181,4,45.2,37.5,104,0.575,2,1,2.0,1
2026-09-13T17:12:34+00:00,29595,Dota 2,168,3,56.0,2,165,0.982,0,0,0,2
2026-09-13T17:12:34+00:00,1036710512,Palworld,168,32,5.2,2.0,64,0.381,80,29,2.8,29
2026-09-13T17:12:34+00:00,24239,Super Mario Galaxy 2,166,3,55.3,1,164,0.988,0,0,0,2
2026-09-13T17:12:34+00:00,499003,VRChat,161,2,80.5,80.5,160,0.994,0,0,0,1
2026-09-13T17:12:34+00:00,509511,Marbles on Stream,159,5,31.8,29,63,0.396,35,2,17.5,0
2026-09-13T17:12:34+00:00,1672324422,Call of Duty: Black Ops 6,158,2,79.0,79.0,157,0.994,0,0,0,1
2026-09-13T17:12:34+00:00,491931,Escape from Tarkov,157,12,13.1,2.5,117,0.745,18,9,2.0,10
2026-09-13T17:12:34+00:00,1669431183,DJs,156,5,31.2,30,70,0.449,19,2,9.5,1
2026-09-13T17:12:34+00:00,570615518,Resonance: A Plague Tale Legacy,146,10,14.6,8.5,56,0.384,40,7,5.7,6
2026-09-13T17:12:34+00:00,1954784138,Final Fantasy Resonance,144,4,36.0,6.5,130,0.903,1,1,1.0,2
2026-09-13T17:12:34+00:00,500188,Hunt: Showdown 1896,140,25,5.6,2,33,0.236,71,22,3.2,19
2026-09-13T17:12:34+00:00,624536948,EA Sports FC 26,131,39,3.4,1,46,0.351,49,36,1.4,37
2026-09-13T17:12:34+00:00,510389,Shakes and Fidget,130,1,130.0,130,130,1.0,0,0,0,0
2026-09-13T17:12:34+00:00,493959,Red Dead Redemption II,129,22,5.9,3.5,24,0.186,68,19,3.6,16
2026-09-13T17:12:34+00:00,262437666,Farming Simulator 25,125,14,8.9,6.0,54,0.432,47,11,4.3,10
2026-09-13T17:12:34+00:00,26936,Music,120,14,8.6,2.5,50,0.417,27,11,2.5,10
2026-09-13T17:12:34+00:00,2692,Super Mario 64,119,10,11.9,4.0,57,0.479,21,7,3.0,7
2026-09-13T17:12:34+00:00,669337588,Microsoft Flight Simulator 2024,118,6,19.7,5.5,86,0.729,4,3,1.3,4
2026-09-13T17:12:34+00:00,1286077738,Monster Hunter Wilds,116,11,10.5,3,40,0.345,31,8,3.9,7
2026-09-13T17:12:34+00:00,939555737,Star Trucker,113,1,113.0,113,113,1.0,0,0,0,0
2026-09-13T17:12:34+00:00,1583524579,After-H: Battle Arena,112,2,56.0,56.0,64,0.571,0,0,0,0
2026-09-13T17:12:34+00:00,75467,Euro Truck Simulator 2,111,14,7.9,5.5,35,0.315,47,11,4.3,11
2026-09-13T17:12:34+00:00,1294658629,R.E.P.O.,108,11,9.8,2,31,0.287,29,8,3.6,7
2026-09-13T17:12:34+00:00,1910103699,THE FINALS,106,9,11.8,4,65,0.613,16,6,2.7,6
2026-09-13T17:12:34+00:00,36799602,Clair Obscur: Expedition 33,104,16,6.5,3.5,30,0.288,47,13,3.6,12
2026-09-13T17:12:34+00:00,331373906,eFootball,101,4,25.2,1.5,97,0.96,1,1,1.0,3
2026-09-13T17:12:34+00:00,515186,Crimson Desert,101,16,6.3,2.0,59,0.584,25,13,1.9,15
2026-09-13T17:42:36+00:00,509658,Just Chatting,18329,241,76.1,7,1704,0.093,13608,238,57.2,133
2026-09-13T17:42:36+00:00,743893402,WARDOGS,13890,131,106.0,3,3803,0.274,3971,128,31.0,92
2026-09-13T17:42:36+00:00,504461,Super Smash Bros. Ultimate,12540,7,1791.4,7,12351,0.985,21,4,5.2,4
2026-09-13T17:42:36+00:00,516575,VALORANT,12465,417,29.9,2,4214,0.338,5002,414,12.1,356
2026-09-13T17:42:36+00:00,18122,World of Warcraft,11986,98,122.3,7.0,2755,0.23,6697,95,70.5,55
2026-09-13T17:42:36+00:00,515025,Overwatch,10376,91,114.0,3,6151,0.593,1451,88,16.5,66
2026-09-13T17:42:36+00:00,21779,League of Legends,9807,161,60.9,3,1939,0.198,4858,158,30.7,133
2026-09-13T17:42:36+00:00,33214,Fortnite,8302,549,15.1,1,1548,0.186,4367,546,8.0,511
2026-09-13T17:42:36+00:00,509672,IRL,6240,23,271.3,25,2120,0.34,2283,20,114.2,9
2026-09-13T17:42:36+00:00,508455,Valheim,5927,62,95.6,3.0,5325,0.898,406,59,6.9,48
2026-09-13T17:42:36+00:00,902998079,Halloween: The Game,4879,40,122.0,3.0,3118,0.639,536,37,14.5,30
2026-09-13T17:42:36+00:00,1751366933,Riftbound,4634,2,2317.0,2317.0,4594,0.991,0,0,0,0
2026-09-13T17:42:36+00:00,1414860634,The Binding of Isaac: Repentance,4038,8,504.8,1.5,4024,0.997,5,5,1.0,7
2026-09-13T17:42:36+00:00,32982,Grand Theft Auto V,3571,168,21.3,2.5,1289,0.361,1862,165,11.3,131
2026-09-13T17:42:36+00:00,138585,Hearthstone,2429,14,173.5,6.0,2086,0.859,48,11,4.4,9
2026-09-13T17:42:36+00:00,509663,Special Events,2095,14,149.6,30.5,1396,0.666,257,11,23.4,5
2026-09-13T17:42:36+00:00,20596,Dofus,2023,48,42.1,9.5,676,0.334,928,45,20.6,24
2026-09-13T17:42:36+00:00,1763263,nanos world,1961,26,75.4,6.5,467,0.238,919,23,40.0,14
2026-09-13T17:42:36+00:00,1357871551,The Blood of Dawnwalker,1895,73,26.0,3,1078,0.569,475,70,6.8,57
2026-09-13T17:42:36+00:00,512710,Call of Duty: Warzone,1868,92,20.3,2.0,520,0.278,489,89,5.5,78
2026-09-13T17:42:36+00:00,29106,S.T.A.L.K.E.R. 2: Heart of Chornobyl,1845,5,369.0,3,1829,0.991,3,2,1.5,3
2026-09-13T17:42:36+00:00,27471,Minecraft,1838,167,11.0,2,592,0.322,892,164,5.4,145
2026-09-13T17:42:36+00:00,511224,Apex Legends,1607,85,18.9,2,535,0.333,470,82,5.7,72
2026-09-13T17:42:36+00:00,513143,Teamfight Tactics,1584,18,88.0,5.0,687,0.434,245,15,16.3,12
2026-09-13T17:42:36+00:00,417892,Z1: Battle Royale,1516,21,72.2,15,322,0.212,759,18,42.2,9
2026-09-13T17:42:36+00:00,1050003477,The Elder Scrolls V: Skyrim - Special Edition,1405,23,61.1,11,718,0.511,296,20,14.8,10
2026-09-13T17:42:36+00:00,1122982998,Dark Souls: Remastered,1364,4,341.0,9.0,1340,0.982,6,1,6.0,2
2026-09-13T17:42:36+00:00,499973,Always On,1344,18,74.7,3.0,1098,0.817,52,15,3.5,13
2026-09-13T17:42:36+00:00,417528,Albion Online,1241,8,155.1,52.0,425,0.342,113,5,22.6,3
2026-09-13T17:42:36+00:00,490422,StarCraft II,1206,2,603.0,603.0,1202,0.997,0,0,0,1
2026-09-13T17:42:36+00:00,774680424,2XKO,1016,2,508.0,508.0,1011,0.995,0,0,0,1
2026-09-13T17:42:36+00:00,515024,Diablo IV,991,8,123.9,24.5,719,0.726,72,5,14.4,2
2026-09-13T17:42:36+00:00,2012789438,Call of Duty: Black Ops 7,991,30,33.0,2.0,692,0.698,79,27,2.9,25
2026-09-13T17:42:36+00:00,32399,Counter-Strike,948,48,19.8,2.0,290,0.306,411,45,9.1,37
2026-09-13T17:42:36+00:00,65632,DayZ,935,27,34.6,2,493,0.527,67,24,2.8,22
2026-09-13T17:42:36+00:00,1913410799,Total War: WARHAMMER III,784,5,156.8,36,691,0.881,13,2,6.5,1
2026-09-13T17:42:36+00:00,498482,Age of Empires IV,763,5,152.6,2,580,0.76,3,2,1.5,3
2026-09-13T17:42:36+00:00,506454,Super Mario Party,744,1,744.0,744,744,1.0,0,0,0,0
2026-09-13T17:42:36+00:00,458781,No Man's Sky,722,31,23.3,4,338,0.468,214,28,7.6,20
2026-09-13T17:42:36+00:00,31339,Project Zomboid,645,24,26.9,6.0,309,0.479,203,21,9.7,15
2026-09-13T17:42:36+00:00,513181,Genshin Impact,615,15,41.0,3,235,0.382,84,12,7.0,10
2026-09-13T17:42:36+00:00,512998,The Legend of Zelda: Tears of the Kingdom,589,4,147.2,6.0,574,0.975,3,1,3.0,3
2026-09-13T17:42:36+00:00,490377,Sea of Thieves,575,16,35.9,2.5,405,0.704,33,13,2.5,13
2026-09-13T17:42:36+00:00,0,Sans catégorie,574,123,4.7,1,342,0.596,194,120,1.6,120
2026-09-13T17:42:36+00:00,93798731,F1 25,550,25,22.0,1,463,0.842,29,22,1.3,23
2026-09-13T17:42:36+00:00,512953,ELDEN RING,536,41,13.1,1,221,0.412,174,38,4.6,34
2026-09-13T17:42:36+00:00,1282866981,Delta Force,505,12,42.1,3.5,429,0.85,23,9,2.6,10
2026-09-13T17:42:36+00:00,498566,Slots,501,4,125.2,123.0,254,0.507,1,1,1.0,2
2026-09-13T17:42:36+00:00,2137554534,Dwarf Eats Mountain,500,1,500.0,500,500,1.0,0,0,0,0
2026-09-13T17:42:36+00:00,66366,War Thunder,494,14,35.3,2.0,458,0.927,22,11,2.0,13
2026-09-13T17:42:36+00:00,30921,Rocket League,479,103,4.7,1,132,0.276,276,100,2.8,95
2026-09-13T17:42:36+00:00,491487,Dead by Daylight,462,61,7.6,3,82,0.177,291,58,5.0,50
2026-09-13T17:42:36+00:00,18846,Garry's Mod,432,27,16.0,3,213,0.493,81,24,3.4,23
2026-09-13T17:42:36+00:00,687129551,Trackmania,422,8,52.8,6.0,380,0.9,21,5,4.2,6
2026-09-13T17:42:36+00:00,509660,Art,397,34,11.7,5.0,82,0.207,214,31,6.9,25
2026-09-13T17:42:36+00:00,350287257,Last Pirates: Die Together,388,2,194.0,194.0,220,0.567,0,0,0,0
2026-09-13T17:42:36+00:00,89297,Danganronpa 2: Goodbye Despair,383,1,383.0,383,383,1.0,0,0,0,0
2026-09-13T17:42:36+00:00,21136,WAKFU,369,7,52.7,29,257,0.696,38,4,9.5,3
2026-09-13T17:42:36+00:00,602040818,NBA 2K27,362,20,18.1,1.5,110,0.304,80,17,4.7,15
2026-09-13T17:42:36+00:00,209738946,Wuthering Waves,359,11,32.6,7,165,0.46,45,8,5.6,6
2026-09-13T17:42:36+00:00,1264310518,Marvel Rivals,349,32,10.9,3.0,123,0.352,137,29,4.7,26
2026-09-13T17:42:36+00:00,27546,World of Tanks,336,8,42.0,3.0,261,0.777,9,5,1.8,6
2026-09-13T17:42:36+00:00,2013539540,Blue Prince,332,2,166.0,166.0,331,0.997,0,0,0,1
2026-09-13T17:42:36+00:00,448016060,Warlord: Awaji,317,1,317.0,317,317,1.0,0,0,0,0
2026-09-13T17:42:36+00:00,1494,Call of Duty,314,139,2.3,1,87,0.277,163,136,1.2,137
2026-09-13T17:42:36+00:00,489405,Dragon Ball Z: Dokkan Battle,298,5,59.6,7,248,0.832,11,2,5.5,3
2026-09-13T17:42:36+00:00,66170,Warframe,282,16,17.6,3.0,213,0.755,39,13,3.0,12
2026-09-13T17:42:36+00:00,497497,Brawl Stars,282,12,23.5,10.5,137,0.486,60,9,6.7,6
2026-09-13T17:42:36+00:00,27284,Retro,267,15,17.8,6,97,0.363,101,12,8.4,8
2026-09-13T17:42:36+00:00,23020,ROBLOX,265,101,2.6,1,123,0.464,130,98,1.3,100
2026-09-13T17:42:36+00:00,464339927,ARC Raiders,264,36,7.3,2.0,61,0.231,145,33,4.4,29
2026-09-13T17:42:36+00:00,1966055328,Fears to Fathom - Scratch Creek,254,1,254.0,254,254,1.0,0,0,0,0
2026-09-13T17:42:36+00:00,417752,Talk Shows & Podcasts,220,8,27.5,9.0,142,0.645,22,5,4.4,4
2026-09-13T17:42:36+00:00,1349311440,Monochrome,208,1,208.0,208,208,1.0,0,0,0,0
2026-09-13T17:42:36+00:00,743,Chess,208,8,26.0,1.0,177,0.851,5,5,1.0,6
2026-09-13T17:42:36+00:00,327598602,Onimusha: Way of the Sword,191,49,3.9,1,58,0.304,98,46,2.1,46
2026-09-13T17:42:36+00:00,1441208453,Once Human,186,46,4.0,2.0,57,0.306,109,43,2.5,42
2026-09-13T17:42:36+00:00,941530474,Mario Kart 8 Deluxe,184,6,30.7,13.5,113,0.614,11,3,3.7,3
2026-09-13T17:42:36+00:00,24241,FINAL FANTASY XIV ONLINE,178,21,8.5,4,43,0.242,83,18,4.6,16
2026-09-13T17:42:36+00:00,493959,Red Dead Redemption II,172,27,6.4,2,27,0.157,100,24,4.2,21
2026-09-13T17:42:36+00:00,29595,Dota 2,171,3,57.0,3,167,0.977,0,0,0,2
2026-09-13T17:42:36+00:00,11557,The Legend of Zelda: Ocarina of Time,171,11,15.5,4,79,0.462,25,8,3.1,8
2026-09-13T17:42:36+00:00,862272355,Spyro 2: Ripto's Rage!,166,1,166.0,166,166,1.0,0,0,0,0
2026-09-13T17:42:36+00:00,1672324422,Call of Duty: Black Ops 6,162,2,81.0,81.0,161,0.994,0,0,0,1
2026-09-13T17:42:36+00:00,499003,VRChat,162,2,81.0,81.0,161,0.994,0,0,0,1
2026-09-13T17:42:36+00:00,491931,Escape from Tarkov,157,9,17.4,2,131,0.834,9,6,1.5,7
2026-09-13T17:42:36+00:00,26936,Music,156,14,11.1,5.5,47,0.301,66,11,6.0,8
2026-09-13T17:42:36+00:00,518203,Sports,148,11,13.5,4,69,0.466,25,8,3.1,7
2026-09-13T17:42:36+00:00,1954784138,Final Fantasy Resonance,146,3,48.7,10,135,0.925,0,0,0,1
2026-09-13T17:42:36+00:00,570615518,Resonance: A Plague Tale Legacy,145,10,14.5,6.5,58,0.4,30,7,4.3,6
2026-09-13T17:42:36+00:00,24239,Super Mario Galaxy 2,143,2,71.5,71.5,142,0.993,0,0,0,1
2026-09-13T17:42:36+00:00,369418,GeoGuessr,142,7,20.3,16,81,0.57,21,4,5.2,3
2026-09-13T17:42:36+00:00,1702520304,Path of Exile 2,141,7,20.1,15,51,0.362,38,4,9.5,2
2026-09-13T17:42:36+00:00,500188,Hunt: Showdown 1896,139,23,6.0,2,33,0.237,70,20,3.5,19
2026-09-13T17:42:36+00:00,75467,Euro Truck Simulator 2,137,11,12.5,4,46,0.336,28,8,3.5,8
2026-09-13T17:42:36+00:00,1669431183,DJs,136,6,22.7,18.0,68,0.5,20,3,6.7,2
2026-09-13T17:42:36+00:00,624536948,EA Sports FC 26,136,36,3.8,1.0,47,0.346,65,33,2.0,34
2026-09-13T17:42:36+00:00,1583524579,After-H: Battle Arena,135,3,45.0,50,81,0.6,0,0,0,1
2026-09-13T17:42:36+00:00,168648543,Battlefield 6,128,14,9.1,1.0,104,0.812,14,11,1.3,13
2026-09-13T17:42:36+00:00,510389,Shakes and Fidget,127,1,127.0,127,127,1.0,0,0,0,0
2026-09-13T17:42:36+00:00,331373906,eFootball,127,7,18.1,1,115,0.906,4,4,1.0,6
2026-09-13T17:42:36+00:00,263490,Rust,127,10,12.7,3.5,98,0.772,18,7,2.6,9
2026-09-13T17:42:36+00:00,2692,Super Mario 64,126,9,14.0,6,57,0.452,28,6,4.7,5
2026-09-13T17:42:36+00:00,829561046,Invokers: Titan Legacy,125,3,41.7,58,64,0.512,0,0,0,1
2026-09-13T17:42:36+00:00,460630,Rainbow Six Siege,123,40,3.1,1.0,37,0.301,54,37,1.5,38
2026-09-13T17:42:36+00:00,1931693784,Pokémon Champions,116,6,19.3,5.0,93,0.802,11,3,3.7,5
2026-09-13T17:42:36+00:00,1898040946,How to Fish,115,26,4.4,2.5,22,0.191,67,23,2.9,24
2026-09-13T17:42:36+00:00,509659,ASMR,113,2,56.5,56.5,112,0.991,0,0,0,1
2026-09-13T17:42:36+00:00,492984,Bleach: Brave Souls,110,4,27.5,3.0,103,0.936,1,1,1.0,3
2026-09-13T17:42:36+00:00,262437666,Farming Simulator 25,110,11,10.0,4,57,0.518,17,8,2.1,9
2026-09-13T17:42:36+00:00,36799602,Clair Obscur: Expedition 33,110,13,8.5,5,33,0.3,43,10,4.3,9
2026-09-13T17:42:36+00:00,491381,Golf With Your Friends,103,1,103.0,103,103,1.0,0,0,0,0
2026-09-13T17:42:36+00:00,376500771,Hades II,102,5,20.4,4,93,0.912,1,2,0.5,4
2026-09-13T17:42:36+00:00,508798,Warhammer,102,5,20.4,4,76,0.745,4,2,2.0,3
2026-09-13T18:12:35+00:00,509658,Just Chatting,32585,294,110.8,7.0,8294,0.255,19914,291,68.4,163
2026-09-13T18:12:35+00:00,516575,VALORANT,16860,418,40.3,2.0,7142,0.424,4043,415,9.7,364
2026-09-13T18:12:35+00:00,743893402,WARDOGS,13932,131,106.4,3,4241,0.304,3407,128,26.6,93
2026-09-13T18:12:35+00:00,504461,Super Smash Bros. Ultimate,13284,9,1476.0,9,13094,0.986,33,6,5.5,5
2026-09-13T18:12:35+00:00,515025,Overwatch,12491,88,141.9,2.0,7509,0.601,1326,85,15.6,69
2026-09-13T18:12:35+00:00,21779,League of Legends,10060,155,64.9,2,2016,0.2,4448,152,29.3,127
2026-09-13T18:12:35+00:00,18122,World of Warcraft,7386,90,82.1,6.5,1234,0.167,4548,87,52.3,51
2026-09-13T18:12:35+00:00,33214,Fortnite,7215,467,15.4,1,1393,0.193,3357,464,7.2,437
2026-09-13T18:12:35+00:00,32982,Grand Theft Auto V,6393,239,26.7,2,1701,0.266,3701,236,15.7,181
2026-09-13T18:12:35+00:00,509672,IRL,6099,21,290.4,25,2001,0.328,2374,18,131.9,7
2026-09-13T18:12:35+00:00,508455,Valheim,5953,60,99.2,3.0,5498,0.924,307,57,5.4,51
2026-09-13T18:12:35+00:00,902998079,Halloween: The Game,4239,49,86.5,2,2837,0.669,467,46,10.2,36
2026-09-13T18:12:35+00:00,1414860634,The Binding of Isaac: Repentance,4123,5,824.6,1,4118,0.999,1,2,0.5,4
2026-09-13T18:12:35+00:00,515024,Diablo IV,3607,14,257.6,41.0,1199,0.332,673,11,61.2,5
2026-09-13T18:12:35+00:00,1669431183,DJs,2764,2,1382.0,1382.0,2684,0.971,0,0,0,0
2026-09-13T18:12:35+00:00,511224,Apex Legends,2583,83,31.1,2,978,0.379,883,80,11.0,70
2026-09-13T18:12:35+00:00,1751366933,Riftbound,2561,2,1280.5,1280.5,2518,0.983,0,0,0,0
2026-09-13T18:12:35+00:00,138585,Hearthstone,2349,11,213.5,7,1988,0.846,39,8,4.9,6
2026-09-13T18:12:35+00:00,20596,Dofus,2334,45,51.9,9,709,0.304,867,42,20.6,25
2026-09-13T18:12:35+00:00,1357871551,The Blood of Dawnwalker,2003,63,31.8,3,1089,0.544,565,60,9.4,46
2026-09-13T18:12:35+00:00,29106,S.T.A.L.K.E.R. 2: Heart of Chornobyl,1931,4,482.8,12.0,1906,0.987,1,1,1.0,2
2026-09-13T18:12:35+00:00,512710,Call of Duty: Warzone,1892,89,21.3,2,499,0.264,459,86,5.3,76
2026-09-13T18:12:35+00:00,27471,Minecraft,1768,170,10.4,2.0,672,0.38,793,167,4.7,148
2026-09-13T18:12:35+00:00,509663,Special Events,1740,15,116.0,34,1008,0.579,316,12,26.3,6
2026-09-13T18:12:35+00:00,1763263,nanos world,1680,23,73.0,18,461,0.274,771,20,38.5,9
2026-09-13T18:12:35+00:00,513143,Teamfight Tactics,1669,18,92.7,4.0,864,0.518,179,15,11.9,12
2026-09-13T18:12:35+00:00,1050003477,The Elder Scrolls V: Skyrim - Special Edition,1460,29,50.3,6,760,0.521,328,26,12.6,16
2026-09-13T18:12:35+00:00,417892,Z1: Battle Royale,1387,20,69.3,10.5,278,0.2,665,17,39.1,9
2026-09-13T18:12:35+00:00,1122982998,Dark Souls: Remastered,1291,4,322.8,15.0,1252,0.97,9,1,9.0,2
2026-09-13T18:12:35+00:00,499973,Always On,1263,18,70.2,3.0,1136,0.899,61,15,4.1,13
2026-09-13T18:12:35+00:00,32399,Counter-Strike,1158,63,18.4,1,517,0.446,320,60,5.3,55
2026-09-13T18:12:35+00:00,1913410799,Total War: WARHAMMER III,1100,8,137.5,9.0,1010,0.918,25,5,5.0,4
2026-09-13T18:12:35+00:00,65632,DayZ,1036,27,38.4,2,497,0.48,71,24,3.0,22
2026-09-13T18:12:35+00:00,2012789438,Call of Duty: Black Ops 7,929,26,35.7,1.0,597,0.643,78,23,3.4,21
2026-09-13T18:12:35+00:00,491487,Dead by Daylight,819,75,10.9,3,146,0.178,468,72,6.5,61
2026-09-13T18:12:35+00:00,490422,StarCraft II,756,1,756.0,756,756,1.0,0,0,0,0
2026-09-13T18:12:35+00:00,417528,Albion Online,731,9,81.2,3,617,0.844,12,6,2.0,7
2026-09-13T18:12:35+00:00,506454,Super Mario Party,664,1,664.0,664,664,1.0,0,0,0,0
2026-09-13T18:12:35+00:00,417752,Talk Shows & Podcasts,662,12,55.2,7.0,328,0.495,86,9,9.6,7
2026-09-13T18:12:35+00:00,18846,Garry's Mod,641,35,18.3,3,320,0.499,189,32,5.9,28
2026-09-13T18:12:35+00:00,31339,Project Zomboid,628,27,23.3,5,306,0.487,182,24,7.6,19
2026-09-13T18:12:35+00:00,512998,The Legend of Zelda: Tears of the Kingdom,627,5,125.4,4,609,0.971,4,2,2.0,3
2026-09-13T18:12:35+00:00,458781,No Man's Sky,622,32,19.4,2.0,358,0.576,136,29,4.7,24
2026-09-13T18:12:35+00:00,1282866981,Delta Force,613,13,47.2,2,521,0.85,33,10,3.3,9
2026-09-13T18:12:35+00:00,93798731,F1 25,610,17,35.9,1,466,0.764,38,14,2.7,13
2026-09-13T18:12:35+00:00,0,Sans catégorie,599,127,4.7,1,359,0.599,201,124,1.6,124
2026-09-13T18:12:35+00:00,513181,Genshin Impact,572,17,33.6,4,239,0.418,74,14,5.3,11
2026-09-13T18:12:35+00:00,967107115,BrokenLore: DON’T LIE,570,1,570.0,570,570,1.0,0,0,0,0
2026-09-13T18:12:35+00:00,490377,Sea of Thieves,564,12,47.0,1.5,429,0.761,12,9,1.3,10
2026-09-13T18:12:35+00:00,512953,ELDEN RING,528,39,13.5,2,246,0.466,152,36,4.2,32
2026-09-13T18:12:35+00:00,30921,Rocket League,517,112,4.6,1.5,169,0.327,272,109,2.5,105
2026-09-13T18:12:35+00:00,498566,Slots,502,4,125.5,125.5,251,0.5,0,1,0.0,2
2026-09-13T18:12:35+00:00,66366,War Thunder,470,14,33.6,2.0,447,0.951,16,11,1.5,13
2026-09-13T18:12:35+00:00,778386489,The Last of Us Part I,461,8,57.6,1.5,446,0.967,5,5,1.0,7
2026-09-13T18:12:35+00:00,602040818,NBA 2K27,451,25,18.0,1,136,0.302,119,22,5.4,20
2026-09-13T18:12:35+00:00,509660,Art,430,29,14.8,6,154,0.358,172,26,6.6,22
2026-09-13T18:12:35+00:00,1890194721,Denshattack!,402,1,402.0,402,402,1.0,0,0,0,0
2026-09-13T18:12:35+00:00,89297,Danganronpa 2: Goodbye Despair,371,1,371.0,371,371,1.0,0,0,0,0
2026-09-13T18:12:35+00:00,687129551,Trackmania,354,4,88.5,6.0,340,0.96,2,1,2.0,3
2026-09-13T18:12:35+00:00,1954784138,Final Fantasy Resonance,352,3,117.3,6,341,0.969,0,0,0,2
2026-09-13T18:12:35+00:00,2013539540,Blue Prince,338,3,112.7,12,325,0.962,0,0,0,1
2026-09-13T18:12:35+00:00,21136,WAKFU,328,6,54.7,21.0,243,0.741,7,3,2.3,3
2026-09-13T18:12:35+00:00,1264310518,Marvel Rivals,328,32,10.2,2.0,124,0.378,114,29,3.9,25
2026-09-13T18:12:35+00:00,448016060,Warlord: Awaji,323,1,323.0,323,323,1.0,0,0,0,0
2026-09-13T18:12:35+00:00,489405,Dragon Ball Z: Dokkan Battle,317,4,79.2,19.5,278,0.877,0,1,0.0,1
2026-09-13T18:12:35+00:00,518203,Sports,284,10,28.4,1.5,170,0.599,19,7,2.7,6
2026-09-13T18:12:35+00:00,464339927,ARC Raiders,279,33,8.5,3,66,0.237,155,30,5.2,24
2026-09-13T18:12:35+00:00,27546,World of Tanks,277,4,69.2,2.5,271,0.978,1,1,1.0,3
2026-09-13T18:12:35+00:00,27284,Retro,260,16,16.2,6.5,94,0.362,99,13,7.6,9
2026-09-13T18:12:35+00:00,1966055328,Fears to Fathom - Scratch Creek,257,1,257.0,257,257,1.0,0,0,0,0
2026-09-13T18:12:35+00:00,66170,Warframe,255,13,19.6,3,208,0.816,29,10,2.9,11
2026-09-13T18:12:35+00:00,11557,The Legend of Zelda: Ocarina of Time,240,13,18.5,3,91,0.379,54,10,5.4,9
2026-09-13T18:12:35+00:00,515186,Crimson Desert,225,15,15.0,2,125,0.556,17,12,1.4,12
2026-09-13T18:12:35+00:00,209738946,Wuthering Waves,224,12,18.7,3.5,161,0.719,31,9,3.4,8
2026-09-13T18:12:35+00:00,350287257,Last Pirates: Die Together,223,1,223.0,223,223,1.0,0,0,0,0
2026-09-13T18:12:35+00:00,743,Chess,223,8,27.9,2.0,176,0.789,7,5,1.4,6
2026-09-13T18:12:35+00:00,1494,Call of Duty,214,133,1.6,1,53,0.248,139,130,1.1,130
2026-09-13T18:12:35+00:00,493959,Red Dead Redemption II,208,27,7.7,3,34,0.163,115,24,4.8,22
2026-09-13T18:12:35+00:00,327598602,Onimusha: Way of the Sword,206,48,4.3,1.0,57,0.277,104,45,2.3,43
2026-09-13T18:12:35+00:00,263490,Rust,197,9,21.9,1,185,0.939,6,6,1.0,8
2026-09-13T18:12:35+00:00,24241,FINAL FANTASY XIV ONLINE,193,22,8.8,4.0,42,0.218,100,19,5.3,15
2026-09-13T18:12:35+00:00,2060730947,Le Mans Ultimate,192,20,9.6,2.5,81,0.422,53,17,3.1,16
2026-09-13T18:12:35+00:00,941530474,Mario Kart 8 Deluxe,186,6,31.0,13.5,112,0.602,9,3,3.0,3
2026-09-13T18:12:35+00:00,369418,GeoGuessr,185,29,6.4,2,77,0.416,66,26,2.5,24
2026-09-13T18:12:35+00:00,1349311440,Monochrome,183,1,183.0,183,183,1.0,0,0,0,0
2026-09-13T18:12:35+00:00,489401,Call of Duty: Black Ops III,183,8,22.9,1.0,150,0.82,3,5,0.6,6
2026-09-13T18:12:35+00:00,499003,VRChat,171,4,42.8,2.5,164,0.959,2,1,2.0,3
2026-09-13T18:12:35+00:00,518184,Phasmophobia,171,24,7.1,3.5,54,0.316,76,21,3.6,19
2026-09-13T18:12:35+00:00,862272355,Spyro 2: Ripto's Rage!,160,1,160.0,160,160,1.0,0,0,0,0
2026-09-13T18:12:35+00:00,509659,ASMR,158,2,79.0,79.0,157,0.994,0,0,0,1
2026-09-13T18:12:35+00:00,23020,ROBLOX,156,85,1.8,1,10,0.064,133,82,1.6,84
2026-09-13T18:12:35+00:00,491931,Escape from Tarkov,153,9,17.0,2,138,0.902,8,6,1.3,8
2026-09-13T18:12:35+00:00,624536948,EA Sports FC 26,149,40,3.7,1.0,46,0.309,66,37,1.8,36
2026-09-13T18:12:35+00:00,1294658629,R.E.P.O.,144,17,8.5,4,26,0.181,71,14,5.1,11
2026-09-13T18:12:35+00:00,570615518,Resonance: A Plague Tale Legacy,143,10,14.3,5.5,58,0.406,26,7,3.7,6
2026-09-13T18:12:35+00:00,1441208453,Once Human,142,47,3.0,2,11,0.077,109,44,2.5,44
2026-09-13T18:12:35+00:00,492984,Bleach: Brave Souls,136,5,27.2,4,124,0.912,3,2,1.5,4
2026-09-13T18:12:35+00:00,500188,Hunt: Showdown 1896,134,20,6.7,2.0,26,0.194,61,17,3.6,15
2026-09-13T18:12:35+00:00,829561046,Invokers: Titan Legacy,132,3,44.0,52,76,0.576,0,0,0,1
2026-09-13T18:12:35+00:00,401587136,Arena Breakout: Infinite,128,9,14.2,11,34,0.266,36,6,6.0,4
2026-09-13T18:12:35+00:00,1931693784,Pokémon Champions,123,4,30.8,11.5,96,0.78,4,1,4.0,2
2026-09-13T18:12:35+00:00,460630,Rainbow Six Siege,123,38,3.2,1.0,46,0.374,58,35,1.7,36
2026-09-13T18:12:35+00:00,491381,Golf With Your Friends,119,1,119.0,119,119,1.0,0,0,0,0
2026-09-13T18:12:35+00:00,1583524579,After-H: Battle Arena,119,3,39.7,40,72,0.605,0,0,0,1
2026-09-13T18:12:35+00:00,1702520304,Path of Exile 2,117,7,16.7,16,45,0.385,21,4,5.2,3
2026-09-13T18:12:35+00:00,669337588,Microsoft Flight Simulator 2024,113,6,18.8,5.0,84,0.743,2,3,0.7,4
2026-09-13T18:12:35+00:00,2692,Super Mario 64,113,8,14.1,7.0,57,0.504,17,5,3.4,4
2026-09-13T18:12:35+00:00,1910103699,THE FINALS,110,7,15.7,4,77,0.7,10,4,2.5,5
2026-09-13T18:12:35+00:00,1857379013,Shutter,102,1,102.0,102,102,1.0,0,0,0,0
2026-09-13T18:12:35+00:00,376500771,Hades II,101,5,20.2,4,91,0.901,2,2,1.0,4
2026-09-13T18:12:35+00:00,331373906,eFootball,100,5,20.0,1,96,0.96,2,2,1.0,4
2026-09-13T18:12:35+00:00,26936,Music,100,12,8.3,1.0,61,0.61,10,9,1.1,10
2026-09-13T18:42:37+00:00,509658,Just Chatting,69276,359,193.0,7,34763,0.502,24911,356,70.0,199
2026-09-13T18:42:37+00:00,516575,VALORANT,18236,473,38.6,2,8471,0.465,4375,470,9.3,418
2026-09-13T18:42:37+00:00,743893402,WARDOGS,15133,143,105.8,3,3457,0.228,5721,140,40.9,109
2026-09-13T18:42:37+00:00,515025,Overwatch,14638,104,140.8,2.5,7917,0.541,1814,101,18.0,76
2026-09-13T18:42:37+00:00,1429246898,A Weird Game About Sausage,12453,1,12453.0,12453,12453,1.0,0,0,0,0
2026-09-13T18:42:37+00:00,504461,Super Smash Bros. Ultimate,11489,7,1641.3,8,11293,0.983,20,4,5.0,4
2026-09-13T18:42:37+00:00,21779,League of Legends,10846,177,61.3,2,2548,0.235,4413,174,25.4,142
2026-09-13T18:42:37+00:00,32982,Grand Theft Auto V,9956,352,28.3,3.0,1717,0.172,6306,349,18.1,275
2026-09-13T18:42:37+00:00,509672,IRL,8147,20,407.4,24.0,3176,0.39,2242,17,131.9,9
2026-09-13T18:42:37+00:00,18122,World of Warcraft,7217,152,47.5,3.0,1110,0.154,4379,149,29.4,109
2026-09-13T18:42:37+00:00,33214,Fortnite,6906,410,16.8,1.0,1191,0.172,3480,407,8.6,382
2026-09-13T18:42:37+00:00,508455,Valheim,6367,64,99.5,3.0,5760,0.905,422,61,6.9,50
2026-09-13T18:42:37+00:00,1414860634,The Binding of Isaac: Repentance,4075,5,815.0,2,4069,0.999,1,2,0.5,4
2026-09-13T18:42:37+00:00,1669431183,DJs,3777,6,629.5,4.5,3706,0.981,3,3,1.0,4
2026-09-13T18:42:37+00:00,511224,Apex Legends,3708,86,43.1,2.0,1968,0.531,1076,83,13.0,71
2026-09-13T18:42:37+00:00,515024,Diablo IV,3694,15,246.3,23,1264,0.342,837,12,69.8,4
2026-09-13T18:42:37+00:00,20596,Dofus,2860,42,68.1,6.5,809,0.283,951,39,24.4,24
2026-09-13T18:42:37+00:00,138585,Hearthstone,2515,11,228.6,3,2323,0.924,18,8,2.2,8
2026-09-13T18:42:37+00:00,1357871551,The Blood of Dawnwalker,2309,57,40.5,3,987,0.427,675,54,12.5,44
2026-09-13T18:42:37+00:00,512710,Call of Duty: Warzone,1996,117,17.1,1,541,0.271,571,114,5.0,104
2026-09-13T18:42:37+00:00,1763263,nanos world,1905,29,65.7,5,464,0.244,670,26,25.8,19
2026-09-13T18:42:37+00:00,27471,Minecraft,1825,172,10.6,2.0,644,0.353,811,169,4.8,154
2026-09-13T18:42:37+00:00,29106,S.T.A.L.K.E.R. 2: Heart of Chornobyl,1790,3,596.7,21,1768,0.988,0,0,0,1
2026-09-13T18:42:37+00:00,1751366933,Riftbound,1679,1,1679.0,1679,1679,1.0,0,0,0,0
2026-09-13T18:42:37+00:00,518203,Sports,1659,15,110.6,2,1185,0.714,128,12,10.7,9
2026-09-13T18:42:37+00:00,417892,Z1: Battle Royale,1584,27,58.7,6,371,0.234,730,24,30.4,17
2026-09-13T18:42:37+00:00,1050003477,The Elder Scrolls V: Skyrim - Special Edition,1548,32,48.4,7.0,778,0.503,375,29,12.9,17
2026-09-13T18:42:37+00:00,902998079,Halloween: The Game,1285,44,29.2,2.5,768,0.598,274,41,6.7,34
2026-09-13T18:42:37+00:00,1122982998,Dark Souls: Remastered,1228,2,614.0,614.0,1220,0.993,0,0,0,1
2026-09-13T18:42:37+00:00,1913410799,Total War: WARHAMMER III,1152,7,164.6,12,1067,0.926,23,4,5.8,3
2026-09-13T18:42:37+00:00,499973,Always On,1144,20,57.2,3.0,1029,0.899,59,17,3.5,16
2026-09-13T18:42:37+00:00,32399,Counter-Strike,1060,62,17.1,1.0,544,0.513,289,59,4.9,53
2026-09-13T18:42:37+00:00,490422,StarCraft II,908,2,454.0,454.0,907,0.999,0,0,0,1
2026-09-13T18:42:37+00:00,2012789438,Call of Duty: Black Ops 7,880,35,25.1,1,555,0.631,89,32,2.8,29
2026-09-13T18:42:37+00:00,491487,Dead by Daylight,874,95,9.2,3,228,0.261,520,92,5.7,79
2026-09-13T18:42:37+00:00,513143,Teamfight Tactics,866,22,39.4,5.0,316,0.365,112,19,5.9,16
2026-09-13T18:42:37+00:00,65632,DayZ,851,26,32.7,2.5,464,0.545,77,23,3.3,21
2026-09-13T18:42:37+00:00,417752,Talk Shows & Podcasts,820,10,82.0,12.0,438,0.534,71,7,10.1,5
2026-09-13T18:42:37+00:00,509663,Special Events,775,14,55.4,31.5,335,0.432,267,11,24.3,6
2026-09-13T18:42:37+00:00,18846,Garry's Mod,665,34,19.6,2.5,268,0.403,208,31,6.7,25
2026-09-13T18:42:37+00:00,458641,Uncharted 4: A Thief's End,659,2,329.5,329.5,658,0.998,0,0,0,1
2026-09-13T18:42:37+00:00,506454,Super Mario Party,652,1,652.0,652,652,1.0,0,0,0,0
2026-09-13T18:42:37+00:00,498482,Age of Empires IV,625,6,104.2,8.5,464,0.742,9,3,3.0,3
2026-09-13T18:42:37+00:00,458781,No Man's Sky,621,33,18.8,2,356,0.573,149,30,5.0,24
2026-09-13T18:42:37+00:00,23020,ROBLOX,613,91,6.7,1,429,0.7,145,88,1.6,87
2026-09-13T18:42:37+00:00,31339,Project Zomboid,605,24,25.2,5.0,287,0.474,168,21,8.0,15
2026-09-13T18:42:37+00:00,490377,Sea of Thieves,576,17,33.9,3,420,0.729,33,14,2.4,15
2026-09-13T18:42:37+00:00,510218,Among Us,574,8,71.8,22.5,382,0.666,81,5,16.2,1
2026-09-13T18:42:37+00:00,512953,ELDEN RING,572,51,11.2,2,224,0.392,214,48,4.5,42
2026-09-13T18:42:37+00:00,512998,The Legend of Zelda: Tears of the Kingdom,569,4,142.2,7.0,552,0.97,3,1,3.0,2
2026-09-13T18:42:37+00:00,30921,Rocket League,551,112,4.9,2.0,134,0.243,364,109,3.3,99
2026-09-13T18:42:37+00:00,967107115,BrokenLore: DON’T LIE,541,1,541.0,541,541,1.0,0,0,0,0
2026-09-13T18:42:37+00:00,498566,Slots,507,3,169.0,247,254,0.501,0,0,0,1
2026-09-13T18:42:37+00:00,2126767263,StarRupture,497,1,497.0,497,497,1.0,0,0,0,0
2026-09-13T18:42:37+00:00,778386489,The Last of Us Part I,482,7,68.9,1,465,0.965,3,4,0.8,6
2026-09-13T18:42:37+00:00,1282866981,Delta Force,474,21,22.6,2,372,0.785,40,18,2.2,19
2026-09-13T18:42:37+00:00,602040818,NBA 2K27,463,28,16.5,1.0,133,0.287,113,25,4.5,23
2026-09-13T18:42:37+00:00,66366,War Thunder,456,20,22.8,2.0,407,0.893,34,17,2.0,19
2026-09-13T18:42:37+00:00,509660,Art,450,26,17.3,9.0,130,0.289,222,23,9.7,13
2026-09-13T18:42:37+00:00,513181,Genshin Impact,372,15,24.8,4,219,0.589,46,12,3.8,11
2026-09-13T18:42:37+00:00,89297,Danganronpa 2: Goodbye Despair,364,1,364.0,364,364,1.0,0,0,0,0
2026-09-13T18:42:37+00:00,417528,Albion Online,361,8,45.1,4.0,325,0.9,16,5,3.2,6
2026-09-13T18:42:37+00:00,1890194721,Denshattack!,352,1,352.0,352,352,1.0,0,0,0,0
2026-09-13T18:42:37+00:00,2060730947,Le Mans Ultimate,347,24,14.5,3.0,106,0.305,102,21,4.9,18
2026-09-13T18:42:37+00:00,687129551,Trackmania,341,4,85.2,8.5,322,0.944,2,1,2.0,2
2026-09-13T18:42:37+00:00,499634,Crypto,338,3,112.7,31,282,0.834,0,0,0,0
2026-09-13T18:42:37+00:00,1264310518,Marvel Rivals,337,32,10.5,2.0,123,0.365,116,29,4.0,25
2026-09-13T18:42:37+00:00,0,Sans catégorie,335,140,2.4,1.0,70,0.209,231,137,1.7,136
2026-09-13T18:42:37+00:00,313444,Crypt of the NecroDancer,330,1,330.0,330,330,1.0,0,0,0,0
2026-09-13T18:42:37+00:00,2013539540,Blue Prince,322,2,161.0,161.0,321,0.997,0,0,0,1
2026-09-13T18:42:37+00:00,1954784138,Final Fantasy Resonance,297,3,99.0,4,290,0.976,0,0,0,2
2026-09-13T18:42:37+00:00,448016060,Warlord: Awaji,284,1,284.0,284,284,1.0,0,0,0,0
2026-09-13T18:42:37+00:00,489405,Dragon Ball Z: Dokkan Battle,284,4,71.0,16.5,250,0.88,1,1,1.0,2
2026-09-13T18:42:37+00:00,369418,GeoGuessr,283,45,6.3,3,79,0.279,161,42,3.8,41
2026-09-13T18:42:37+00:00,209738946,Wuthering Waves,280,16,17.5,3.5,197,0.704,46,13,3.5,11
2026-09-13T18:42:37+00:00,66170,Warframe,279,16,17.4,3.5,213,0.763,42,13,3.2,13
2026-09-13T18:42:37+00:00,1966055328,Fears to Fathom - Scratch Creek,263,1,263.0,263,263,1.0,0,0,0,0
2026-09-13T18:42:37+00:00,263490,Rust,261,11,23.7,1,235,0.9,10,8,1.2,10
2026-09-13T18:42:37+00:00,34134,Call of Duty: Black Ops II,261,11,23.7,4,229,0.877,19,8,2.4,10
2026-09-13T18:42:37+00:00,21136,WAKFU,260,3,86.7,3,256,0.985,0,0,0,2
2026-09-13T18:42:37+00:00,676802825,Big Walk,255,18,14.2,3.0,150,0.588,58,15,3.9,14
2026-09-13T18:42:37+00:00,350287257,Last Pirates: Die Together,252,2,126.0,126.0,223,0.885,0,0,0,0
2026-09-13T18:42:37+00:00,1584836809,Schedule I,251,6,41.8,1.0,245,0.976,2,3,0.7,5
2026-09-13T18:42:37+00:00,515186,Crimson Desert,251,23,10.9,2,130,0.518,29,20,1.4,20
2026-09-13T18:42:37+00:00,27546,World of Tanks,247,4,61.8,3.5,239,0.968,1,1,1.0,3
2026-09-13T18:42:37+00:00,1544653089,Mimic Party,244,3,81.3,14,229,0.939,0,0,0,1
2026-09-13T18:42:37+00:00,1898040946,How to Fish,238,19,12.5,3,133,0.559,57,16,3.6,15
2026-09-13T18:42:37+00:00,493959,Red Dead Redemption II,233,34,6.9,4.0,35,0.15,136,31,4.4,26
2026-09-13T18:42:37+00:00,1494,Call of Duty,224,139,1.6,1,56,0.25,148,136,1.1,137
2026-09-13T18:42:37+00:00,460630,Rainbow Six Siege,222,53,4.2,1,47,0.212,114,50,2.3,49
2026-09-13T18:42:37+00:00,327598602,Onimusha: Way of the Sword,216,46,4.7,1.0,55,0.255,113,43,2.6,41
2026-09-13T18:42:37+00:00,11557,The Legend of Zelda: Ocarina of Time,209,13,16.1,5,83,0.397,37,10,3.7,10
2026-09-13T18:42:37+00:00,490959,Zwift,208,1,208.0,208,208,1.0,0,0,0,0
2026-09-13T18:42:37+00:00,168648543,Battlefield 6,204,30,6.8,1.0,98,0.48,72,27,2.7,25
2026-09-13T18:42:37+00:00,66082,Games + Demos,202,51,4.0,1,117,0.579,63,48,1.3,48
2026-09-13T18:42:37+00:00,489401,Call of Duty: Black Ops III,191,7,27.3,2,181,0.948,2,4,0.5,6
2026-09-13T18:42:37+00:00,24241,FINAL FANTASY XIV ONLINE,180,27,6.7,4,40,0.222,89,24,3.7,22
2026-09-13T18:42:37+00:00,1294658629,R.E.P.O.,174,26,6.7,4.0,30,0.172,98,23,4.3,21
2026-09-13T18:42:37+00:00,93798731,F1 25,171,26,6.6,1.0,81,0.474,27,23,1.2,23
2026-09-13T18:42:37+00:00,1441208453,Once Human,171,47,3.6,3,11,0.064,141,44,3.2,45
2026-09-13T18:42:37+00:00,491931,Escape from Tarkov,169,12,14.1,2.5,129,0.763,18,9,2.0,10
2026-09-13T18:42:37+00:00,1672324422,Call of Duty: Black Ops 6,166,4,41.5,2.5,160,0.964,1,1,1.0,3
2026-09-13T18:42:37+00:00,13332,Pokémon FireRed/LeafGreen,159,5,31.8,25,86,0.541,16,2,8.0,1
2026-09-13T18:42:37+00:00,499003,VRChat,157,5,31.4,2,148,0.943,3,2,1.5,4
2026-09-13T18:42:37+00:00,518184,Phasmophobia,153,29,5.3,3,25,0.163,98,26,3.8,23
2026-09-13T18:42:37+00:00,862272355,Spyro 2: Ripto's Rage!,150,1,150.0,150,150,1.0,0,0,0,0
2026-09-13T18:42:37+00:00,27284,Retro,145,12,12.1,3.0,71,0.49,26,9,2.9,9
2026-09-13T18:42:37+00:00,1931693784,Pokémon Champions,135,5,27.0,10,102,0.756,8,2,4.0,2
2026-09-13T18:42:37+00:00,492553,Sid Meier's Civilization VI,133,3,44.3,15,117,0.88,0,0,0,1
2026-09-13T18:42:37+00:00,500188,Hunt: Showdown 1896,131,19,6.9,3,25,0.191,65,16,4.1,13
2026-09-13T18:42:37+00:00,1583524579,After-H: Battle Arena,130,3,43.3,60,64,0.492,0,0,0,1
2026-09-13T18:42:37+00:00,852009328,Mistfall Hunter,129,4,32.2,15.0,92,0.713,7,1,7.0,2
2026-09-13T18:42:37+00:00,1313351584,Football Manager 26,126,7,18.0,8,79,0.627,12,4,3.0,4
2026-09-13T18:42:37+00:00,624536948,EA Sports FC 26,125,37,3.4,1,27,0.216,52,34,1.5,34
2026-09-13T18:42:37+00:00,951949934,The Sinking City 2,124,1,124.0,124,124,1.0,0,0,0,0
2026-09-13T18:42:37+00:00,1286077738,Monster Hunter Wilds,116,10,11.6,3.0,42,0.362,21,7,3.0,7
2026-09-13T18:42:37+00:00,491381,Golf With Your Friends,115,1,115.0,115,115,1.0,0,0,0,0
2026-09-13T18:42:37+00:00,495811,SCUM,113,4,28.2,10.0,88,0.779,5,1,5.0,2
2026-09-13T18:42:37+00:00,19745,Pokémon Platinum Version,104,2,52.0,52.0,98,0.942,0,0,0,1
2026-09-13T18:42:37+00:00,19357,Guild Wars 2,104,8,13.0,6.5,55,0.529,16,5,3.2,5
2026-09-13T18:42:37+00:00,492984,Bleach: Brave Souls,103,2,51.5,51.5,99,0.961,0,0,0,1
2026-09-13T18:42:37+00:00,1826300051,Mario Kart World,103,10,10.3,9.0,18,0.175,55,7,7.9,7
2026-09-13T18:42:37+00:00,464339927,ARC Raiders,102,28,3.6,1.0,20,0.196,56,25,2.2,24
2026-09-13T18:42:37+00:00,489111,Summoners War: Sky Arena,101,5,20.2,6,68,0.673,6,2,3.0,3
2026-09-13T18:42:37+00:00,401587136,Arena Breakout: Infinite,100,6,16.7,14.5,33,0.33,18,3,6.0,2
2026-09-13T19:12:34+00:00,509658,Just Chatting,80809,403,200.5,8,48360,0.598,23899,400,59.7,222
2026-09-13T19:12:34+00:00,32982,Grand Theft Auto V,17953,523,34.3,3,1679,0.094,13775,520,26.5,402
2026-09-13T19:12:34+00:00,516575,VALORANT,16931,545,31.1,2,7594,0.449,4760,542,8.8,485
2026-09-13T19:12:34+00:00,515025,Overwatch,15323,111,138.0,2,8305,0.542,1669,108,15.5,86
2026-09-13T19:12:34+00:00,743893402,WARDOGS,14399,156,92.3,2.0,4233,0.294,3859,153,25.2,121
2026-09-13T19:12:34+00:00,1429246898,A Weird Game About Sausage,13746,1,13746.0,13746,13746,1.0,0,0,0,0
2026-09-13T19:12:34+00:00,504461,Super Smash Bros. Ultimate,10122,8,1265.2,7.0,9918,0.98,23,5,4.6,5
2026-09-13T19:12:34+00:00,18122,World of Warcraft,8419,228,36.9,3.0,1058,0.126,5406,225,24.0,180
2026-09-13T19:12:34+00:00,21779,League of Legends,8152,231,35.3,2,1739,0.213,3504,228,15.4,194
2026-09-13T19:12:34+00:00,509672,IRL,8148,19,428.8,13,3771,0.463,1611,16,100.7,9
2026-09-13T19:12:34+00:00,508455,Valheim,6275,76,82.6,3.0,5790,0.923,367,73,5.0,63
2026-09-13T19:12:34+00:00,33214,Fortnite,5496,347,15.8,1,1142,0.208,2545,344,7.4,322
2026-09-13T19:12:34+00:00,1414860634,The Binding of Isaac: Repentance,4227,7,603.9,2,4216,0.997,4,4,1.0,6
2026-09-13T19:12:34+00:00,511224,Apex Legends,3891,88,44.2,2.0,2027,0.521,1125,85,13.2,73
2026-09-13T19:12:34+00:00,1669431183,DJs,3644,6,607.3,2.0,3630,0.996,4,3,1.3,5
2026-09-13T19:12:34+00:00,518203,Sports,3060,19,161.1,4,1558,0.509,428,16,26.8,10
2026-09-13T19:12:34+00:00,27471,Minecraft,2827,201,14.1,1,882,0.312,1064,198,5.4,181
2026-09-13T19:12:34+00:00,570615518,Resonance: A Plague Tale Legacy,2820,10,282.0,2.5,2791,0.99,12,7,1.7,8
2026-09-13T19:12:34+00:00,138585,Hearthstone,2695,10,269.5,5.5,2214,0.822,31,7,4.4,5
2026-09-13T19:12:34+00:00,515024,Diablo IV,2519,14,179.9,16.5,1217,0.483,388,11,35.3,4
2026-09-13T19:12:34+00:00,1714438563,VHOLUME,2416,3,805.3,26,2388,0.988,0,0,0,1
2026-09-13T19:12:34+00:00,512710,Call of Duty: Warzone,2239,141,15.9,1,746,0.333,587,138,4.3,128
2026-09-13T19:12:34+00:00,1357871551,The Blood of Dawnwalker,2214,72,30.8,3.5,885,0.4,803,69,11.6,52
2026-09-13T19:12:34+00:00,20596,Dofus,2167,44,49.2,8.0,729,0.336,804,41,19.6,25
2026-09-13T19:12:34+00:00,66082,Games + Demos,2025,47,43.1,1,1695,0.837,64,44,1.5,43
2026-09-13T19:12:34+00:00,1168459646,SPAM,1971,1,1971.0,1971,1971,1.0,0,0,0,0
2026-09-13T19:12:34+00:00,1763263,nanos world,1925,40,48.1,4.0,534,0.277,862,37,23.3,27
2026-09-13T19:12:34+00:00,1050003477,The Elder Scrolls V: Skyrim - Special Edition,1595,33,48.3,9,798,0.5,417,30,13.9,18
2026-09-13T19:12:34+00:00,32399,Counter-Strike,1520,71,21.4,1,663,0.436,410,68,6.0,66
2026-09-13T19:12:34+00:00,513143,Teamfight Tactics,1475,24,61.5,4.5,863,0.585,123,21,5.9,18
2026-09-13T19:12:34+00:00,23020,ROBLOX,1340,96,14.0,1.0,1162,0.867,141,93,1.5,94
2026-09-13T19:12:34+00:00,1122982998,Dark Souls: Remastered,1191,5,238.2,3,1173,0.985,6,2,3.0,4
2026-09-13T19:12:34+00:00,1913410799,Total War: WARHAMMER III,1127,4,281.8,3.5,1118,0.992,2,1,2.0,3
2026-09-13T19:12:34+00:00,490422,StarCraft II,1023,3,341.0,3,1019,0.996,0,0,0,2
2026-09-13T19:12:34+00:00,417892,Z1: Battle Royale,1016,19,53.5,4,365,0.359,245,16,15.3,13
2026-09-13T19:12:34+00:00,491487,Dead by Daylight,944,97,9.7,3,271,0.287,540,94,5.7,77
2026-09-13T19:12:34+00:00,499973,Always On,929,19,48.9,3,820,0.883,63,16,3.9,14
2026-09-13T19:12:34+00:00,509663,Special Events,921,12,76.8,32.5,365,0.396,236,9,26.2,5
2026-09-13T19:12:34+00:00,65632,DayZ,883,39,22.6,1,445,0.504,93,36,2.6,34
2026-09-13T19:12:34+00:00,2012789438,Call of Duty: Black Ops 7,855,40,21.4,2.0,426,0.498,126,37,3.4,34
2026-09-13T19:12:34+00:00,102583961,Martha's Dolls 2,779,1,779.0,779,779,1.0,0,0,0,0
2026-09-13T19:12:34+00:00,0,Sans catégorie,762,142,5.4,1.0,367,0.482,244,139,1.8,138
2026-09-13T19:12:34+00:00,512953,ELDEN RING,733,58,12.6,2.0,251,0.342,225,55,4.1,49
2026-09-13T19:12:34+00:00,26936,Music,707,18,39.3,2.0,603,0.853,62,15,4.1,12
2026-09-13T19:12:34+00:00,417528,Albion Online,707,8,88.4,4.5,395,0.559,18,5,3.6,5
2026-09-13T19:12:34+00:00,510218,Among Us,700,9,77.8,7,521,0.744,42,6,7.0,5
2026-09-13T19:12:34+00:00,18846,Garry's Mod,698,49,14.2,4,173,0.248,380,46,8.3,37
2026-09-13T19:12:34+00:00,499634,Crypto,688,5,137.6,29,591,0.859,33,2,16.5,1
2026-09-13T19:12:34+00:00,498482,Age of Empires IV,679,7,97.0,18,475,0.7,31,4,7.8,3
2026-09-13T19:12:34+00:00,417752,Talk Shows & Podcasts,668,15,44.5,5,359,0.537,73,12,6.1,10
2026-09-13T19:12:34+00:00,506454,Super Mario Party,623,1,623.0,623,623,1.0,0,0,0,0
2026-09-13T19:12:34+00:00,490377,Sea of Thieves,622,21,29.6,2,433,0.696,42,18,2.3,18
2026-09-13T19:12:34+00:00,1282866981,Delta Force,550,21,26.2,1,397,0.722,67,18,3.7,16
2026-09-13T19:12:34+00:00,2126767263,StarRupture,543,4,135.8,1.5,539,0.993,1,1,1.0,3
2026-09-13T19:12:34+00:00,512998,The Legend of Zelda: Tears of the Kingdom,525,5,105.0,3,515,0.981,3,2,1.5,4
2026-09-13T19:12:34+00:00,498566,Slots,487,2,243.5,243.5,245,0.503,0,0,0,0
2026-09-13T19:12:34+00:00,967107115,BrokenLore: DON’T LIE,477,1,477.0,477,477,1.0,0,0,0,0
2026-09-13T19:12:34+00:00,458641,Uncharted 4: A Thief's End,475,1,475.0,475,475,1.0,0,0,0,0
2026-09-13T19:12:34+00:00,66366,War Thunder,451,20,22.6,2.0,379,0.84,44,17,2.6,17
2026-09-13T19:12:34+00:00,30921,Rocket League,451,134,3.4,1.0,47,0.104,350,131,2.7,124
2026-09-13T19:12:34+00:00,602040818,NBA 2K27,447,33,13.5,1,145,0.324,107,30,3.6,28
2026-09-13T19:12:34+00:00,778386489,The Last of Us Part I,436,6,72.7,2.5,422,0.968,4,3,1.3,5
2026-09-13T19:12:34+00:00,1264310518,Marvel Rivals,380,40,9.5,2.0,118,0.311,132,37,3.6,33
2026-09-13T19:12:34+00:00,1751366933,Riftbound,379,2,189.5,189.5,375,0.989,0,0,0,1
2026-09-13T19:12:34+00:00,902998079,Halloween: The Game,376,37,10.2,3,73,0.194,185,34,5.4,29
2026-09-13T19:12:34+00:00,509660,Art,364,24,15.2,6.5,118,0.324,170,21,8.1,14
2026-09-13T19:12:34+00:00,31339,Project Zomboid,357,24,14.9,7.0,85,0.238,150,21,7.1,15
2026-09-13T19:12:34+00:00,493959,Red Dead Redemption II,326,40,8.2,5.0,61,0.187,201,37,5.4,30
2026-09-13T19:12:34+00:00,676802825,Big Walk,325,25,13.0,4,161,0.495,111,22,5.0,19
2026-09-13T19:12:34+00:00,458781,No Man's Sky,320,29,11.0,2,124,0.388,116,26,4.5,22
2026-09-13T19:12:34+00:00,1337444628,Call of Duty: Modern Warfare III,316,8,39.5,1.5,224,0.709,5,5,1.0,6
2026-09-13T19:12:34+00:00,1890194721,Denshattack!,313,1,313.0,313,313,1.0,0,0,0,0
2026-09-13T19:12:34+00:00,2013539540,Blue Prince,311,4,77.8,10.5,289,0.929,1,1,1.0,2
2026-09-13T19:12:34+00:00,313444,Crypt of the NecroDancer,309,1,309.0,309,309,1.0,0,0,0,0
2026-09-13T19:12:34+00:00,27284,Retro,308,19,16.2,7,75,0.244,127,16,7.9,10
2026-09-13T19:12:34+00:00,489405,Dragon Ball Z: Dokkan Battle,302,5,60.4,4,256,0.848,4,2,2.0,3
2026-09-13T19:12:34+00:00,263490,Rust,302,14,21.6,1.0,210,0.695,16,11,1.5,12
2026-09-13T19:12:34+00:00,1494,Call of Duty,297,177,1.7,1,52,0.175,206,174,1.2,174
2026-09-13T19:12:34+00:00,2060730947,Le Mans Ultimate,285,26,11.0,2.0,112,0.393,63,23,2.7,22
2026-09-13T19:12:34+00:00,369418,GeoGuessr,285,44,6.5,3.0,90,0.316,158,41,3.9,39
2026-09-13T19:12:34+00:00,1954784138,Final Fantasy Resonance,281,2,140.5,140.5,272,0.968,0,0,0,1
2026-09-13T19:12:34+00:00,687129551,Trackmania,272,3,90.7,10,259,0.952,0,0,0,1
2026-09-13T19:12:34+00:00,1313351584,Football Manager 26,271,8,33.9,7.5,146,0.539,22,5,4.4,5
2026-09-13T19:12:34+00:00,489401,Call of Duty: Black Ops III,270,13,20.8,1,197,0.73,11,10,1.1,10
2026-09-13T19:12:34+00:00,350287257,Last Pirates: Die Together,265,2,132.5,132.5,242,0.913,0,0,0,0
2026-09-13T19:12:34+00:00,344035090,Kingdom Come: Deliverance II,262,4,65.5,3.0,255,0.973,1,1,1.0,3
2026-09-13T19:12:34+00:00,66170,Warframe,260,18,14.4,3.0,195,0.75,38,15,2.5,16
2026-09-13T19:12:34+00:00,961311546,Shroom and Gloom,253,4,63.2,28.0,194,0.767,3,1,3.0,1
2026-09-13T19:12:34+00:00,21136,WAKFU,251,2,125.5,125.5,247,0.984,0,0,0,1
2026-09-13T19:12:34+00:00,515186,Crimson Desert,249,23,10.8,1,128,0.514,29,20,1.4,21
2026-09-13T19:12:34+00:00,1966055328,Fears to Fathom - Scratch Creek,247,1,247.0,247,247,1.0,0,0,0,0
2026-09-13T19:12:34+00:00,27546,World of Tanks,236,5,47.2,3,227,0.962,3,2,1.5,4
2026-09-13T19:12:34+00:00,624536948,EA Sports FC 26,235,94,2.5,1.0,40,0.17,151,91,1.7,90
2026-09-13T19:12:34+00:00,518184,Phasmophobia,232,35,6.6,3,62,0.267,123,32,3.8,30
2026-09-13T19:12:34+00:00,1584836809,Schedule I,230,5,46.0,1,215,0.935,1,2,0.5,3
2026-09-13T19:12:34+00:00,460630,Rainbow Six Siege,225,56,4.0,1.0,60,0.267,117,53,2.2,52
2026-09-13T19:12:34+00:00,1826300051,Mario Kart World,220,27,8.1,4,60,0.273,110,24,4.6,20
2026-09-13T19:12:34+00:00,464339927,ARC Raiders,218,30,7.3,3.0,63,0.289,107,27,4.0,24
2026-09-13T19:12:34+00:00,1898040946,How to Fish,211,23,9.2,3,113,0.536,62,20,3.1,20
2026-09-13T19:12:34+00:00,491168,Clash Royale,211,6,35.2,13.0,101,0.479,5,3,1.7,3
2026-09-13T19:12:34+00:00,24241,FINAL FANTASY XIV ONLINE,206,42,4.9,3.0,28,0.136,136,39,3.5,37
2026-09-13T19:12:34+00:00,71375,Star Citizen,205,10,20.5,2.5,177,0.863,14,7,2.0,8
2026-09-13T19:12:34+00:00,93798731,F1 25,203,57,3.6,1,83,0.409,83,54,1.5,53
2026-09-13T19:12:34+00:00,1294658629,R.E.P.O.,201,31,6.5,4,29,0.144,131,28,4.7,23
2026-09-13T19:12:34+00:00,1544653089,Mimic Party,195,5,39.0,5,172,0.882,4,2,2.0,3
2026-09-13T19:12:34+00:00,492553,Sid Meier's Civilization VI,190,3,63.3,54,130,0.684,0,0,0,1
2026-09-13T19:12:34+00:00,1441208453,Once Human,190,50,3.8,2.0,45,0.237,124,47,2.6,47
2026-09-13T19:12:34+00:00,11557,The Legend of Zelda: Ocarina of Time,186,11,16.9,3,95,0.511,24,8,3.0,8
2026-09-13T19:12:34+00:00,1286077738,Monster Hunter Wilds,185,16,11.6,2.0,60,0.324,53,13,4.1,11
2026-09-13T19:12:34+00:00,13389,Age of Empires II,184,4,46.0,38.5,106,0.576,1,1,1.0,1
2026-09-13T19:12:34+00:00,262437666,Farming Simulator 25,178,18,9.9,3.5,57,0.32,64,15,4.3,13
2026-09-13T19:12:34+00:00,491931,Escape from Tarkov,176,14,12.6,2.5,130,0.739,25,11,2.3,12
2026-09-13T19:12:34+00:00,327598602,Onimusha: Way of the Sword,166,44,3.8,1.0,52,0.313,76,41,1.9,40
2026-09-13T19:12:34+00:00,1931693784,Pokémon Champions,160,4,40.0,23.5,102,0.637,11,1,11.0,0
2026-09-13T19:12:34+00:00,497497,Brawl Stars,155,10,15.5,4.0,87,0.561,20,7,2.9,7
2026-09-13T19:12:34+00:00,508798,Warhammer,151,5,30.2,7,133,0.881,3,2,1.5,4
2026-09-13T19:12:34+00:00,19357,Guild Wars 2,149,10,14.9,2.0,64,0.43,25,7,3.6,6
2026-09-13T19:12:34+00:00,513181,Genshin Impact,144,18,8.0,2.0,86,0.597,31,15,2.1,15
2026-09-13T19:12:34+00:00,500188,Hunt: Showdown 1896,139,21,6.6,3,23,0.165,77,18,4.3,15
2026-09-13T19:12:34+00:00,1583524579,After-H: Battle Arena,136,2,68.0,68.0,70,0.515,0,0,0,0
2026-09-13T19:12:34+00:00,490959,Zwift,132,1,132.0,132,132,1.0,0,0,0,0
2026-09-13T19:12:34+00:00,489111,Summoners War: Sky Arena,129,8,16.1,4.0,71,0.55,12,5,2.4,6
2026-09-13T19:12:34+00:00,852009328,Mistfall Hunter,124,3,41.3,13,103,0.831,0,0,0,1
2026-09-13T19:12:34+00:00,19745,Pokémon Platinum Version,120,3,40.0,6,114,0.95,0,0,0,2
2026-09-13T19:12:34+00:00,213930085,Honkai: Star Rail,119,3,39.7,6,110,0.924,0,0,0,2
2026-09-13T19:12:34+00:00,491381,Golf With Your Friends,110,1,110.0,110,110,1.0,0,0,0,0
2026-09-13T19:12:34+00:00,401587136,Arena Breakout: Infinite,110,10,11.0,7.5,31,0.282,35,7,5.0,5
2026-09-13T19:12:34+00:00,493057,PUBG: BATTLEGROUNDS,107,14,7.6,2.5,49,0.458,28,11,2.5,11
2026-09-13T19:12:34+00:00,951949934,The Sinking City 2,102,1,102.0,102,102,1.0,0,0,0,0
2026-09-13T19:42:34+00:00,509658,Just Chatting,98751,400,246.9,8.0,54290,0.55,28636,397,72.1,218
2026-09-13T19:42:34+00:00,32982,Grand Theft Auto V,24850,670,37.1,3.0,2678,0.108,18915,667,28.4,506
2026-09-13T19:42:34+00:00,516575,VALORANT,17994,614,29.3,2.0,8338,0.463,5186,611,8.5,553
2026-09-13T19:42:34+00:00,515025,Overwatch,15903,115,138.3,2,8639,0.543,1696,112,15.1,92
2026-09-13T19:42:34+00:00,743893402,WARDOGS,14937,158,94.5,2.0,5131,0.344,3918,155,25.3,117
2026-09-13T19:42:34+00:00,1429246898,A Weird Game About Sausage,13591,1,13591.0,13591,13591,1.0,0,0,0,0
2026-09-13T19:42:34+00:00,21779,League of Legends,8912,271,32.9,2,1864,0.209,4354,268,16.2,218
2026-09-13T19:42:34+00:00,509672,IRL,8454,18,469.7,17.5,4293,0.508,1585,15,105.7,9
2026-09-13T19:42:34+00:00,18122,World of Warcraft,8205,252,32.6,3.0,1109,0.135,5096,249,20.5,198
2026-09-13T19:42:34+00:00,55453844,Street Fighter 6,6269,5,1253.8,3,6259,0.998,2,2,1.0,4
2026-09-13T19:42:34+00:00,508455,Valheim,6030,83,72.7,3,5529,0.917,366,80,4.6,72
2026-09-13T19:42:34+00:00,1414860634,The Binding of Isaac: Repentance,4284,8,535.5,3.0,4224,0.986,9,5,1.8,6
2026-09-13T19:42:34+00:00,511224,Apex Legends,3755,96,39.1,1.5,2150,0.573,924,93,9.9,84
2026-09-13T19:42:34+00:00,1669431183,DJs,3647,8,455.9,7.0,3558,0.976,23,5,4.6,5
2026-09-13T19:42:34+00:00,27471,Minecraft,3285,213,15.4,2,1463,0.445,855,210,4.1,198
2026-09-13T19:42:34+00:00,518203,Sports,3256,18,180.9,14.5,1467,0.451,522,15,34.8,8
2026-09-13T19:42:34+00:00,512710,Call of Duty: Warzone,3214,169,19.0,2,1158,0.36,1094,166,6.6,152
2026-09-13T19:42:34+00:00,33214,Fortnite,2690,300,9.0,1.0,625,0.232,1404,297,4.7,280
2026-09-13T19:42:34+00:00,138585,Hearthstone,2567,11,233.4,3,2137,0.832,30,8,3.8,7
2026-09-13T19:42:34+00:00,1714438563,VHOLUME,2548,2,1274.0,1274.0,2525,0.991,0,0,0,0
2026-09-13T19:42:34+00:00,570615518,Resonance: A Plague Tale Legacy,2546,15,169.7,1,2500,0.982,26,12,2.2,13
2026-09-13T19:42:34+00:00,510218,Among Us,2188,16,136.8,23.0,947,0.433,454,13,34.9,7
2026-09-13T19:42:34+00:00,66082,Games + Demos,2113,52,40.6,1.0,1743,0.825,103,49,2.1,48
2026-09-13T19:42:34+00:00,1763263,nanos world,2109,39,54.1,5,660,0.313,920,36,25.6,24
2026-09-13T19:42:34+00:00,20596,Dofus,2096,54,38.8,7.0,556,0.265,904,51,17.7,32
2026-09-13T19:42:34+00:00,1357871551,The Blood of Dawnwalker,1899,74,25.7,3.0,827,0.435,563,71,7.9,60
2026-09-13T19:42:34+00:00,1168459646,SPAM,1859,1,1859.0,1859,1859,1.0,0,0,0,0
2026-09-13T19:42:34+00:00,515024,Diablo IV,1670,9,185.6,15,1153,0.69,46,6,7.7,4
2026-09-13T19:42:34+00:00,1050003477,The Elder Scrolls V: Skyrim - Special Edition,1546,37,41.8,4,769,0.497,404,34,11.9,21
2026-09-13T19:42:34+00:00,23020,ROBLOX,1480,103,14.4,1,1256,0.849,182,100,1.8,98
2026-09-13T19:42:34+00:00,32399,Counter-Strike,1419,79,18.0,3,659,0.464,421,76,5.5,69
2026-09-13T19:42:34+00:00,1913410799,Total War: WARHAMMER III,1390,7,198.6,6,1028,0.74,9,4,2.2,4
2026-09-13T19:42:34+00:00,513143,Teamfight Tactics,1222,30,40.7,3.0,600,0.491,117,27,4.3,24
2026-09-13T19:42:34+00:00,1122982998,Dark Souls: Remastered,1092,5,218.4,5,1071,0.981,6,2,3.0,3
2026-09-13T19:42:34+00:00,26936,Music,1019,20,51.0,9.5,590,0.579,123,17,7.2,10
2026-09-13T19:42:34+00:00,417892,Z1: Battle Royale,1003,12,83.6,7.5,436,0.435,182,9,20.2,6
2026-09-13T19:42:34+00:00,512953,ELDEN RING,999,60,16.6,1.5,533,0.534,227,57,4.0,52
2026-09-13T19:42:34+00:00,65632,DayZ,973,28,34.8,2.0,508,0.522,84,25,3.4,22
2026-09-13T19:42:34+00:00,491487,Dead by Daylight,942,108,8.7,3.0,276,0.293,523,105,5.0,91
2026-09-13T19:42:34+00:00,509663,Special Events,914,15,60.9,32,377,0.412,295,12,24.6,6
2026-09-13T19:42:34+00:00,27284,Retro,844,23,36.7,5,537,0.636,142,20,7.1,14
2026-09-13T19:42:34+00:00,0,Sans catégorie,818,154,5.3,1.0,397,0.485,246,151,1.6,151
2026-09-13T19:42:34+00:00,499973,Always On,804,18,44.7,3.0,703,0.874,50,15,3.3,14
2026-09-13T19:42:34+00:00,490422,StarCraft II,748,3,249.3,7,740,0.989,0,0,0,2
2026-09-13T19:42:34+00:00,499634,Crypto,720,4,180.0,26.5,654,0.908,13,1,13.0,0
2026-09-13T19:42:34+00:00,498482,Age of Empires IV,717,6,119.5,20.5,524,0.731,15,3,5.0,3
2026-09-13T19:42:34+00:00,18846,Garry's Mod,717,44,16.3,4.0,230,0.321,328,41,8.0,32
2026-09-13T19:42:34+00:00,866287127,Welcome to Elderfield,708,1,708.0,708,708,1.0,0,0,0,0
2026-09-13T19:42:34+00:00,490377,Sea of Thieves,679,27,25.1,2,438,0.645,77,24,3.2,23
2026-09-13T19:42:34+00:00,417528,Albion Online,651,12,54.2,3.5,338,0.519,29,9,3.2,9
2026-09-13T19:42:34+00:00,2012789438,Call of Duty: Black Ops 7,650,41,15.9,1,421,0.648,72,38,1.9,38
2026-09-13T19:42:34+00:00,417752,Talk Shows & Podcasts,620,13,47.7,5,325,0.524,49,10,4.9,9
2026-09-13T19:42:34+00:00,506454,Super Mario Party,595,1,595.0,595,595,1.0,0,0,0,0
2026-09-13T19:42:34+00:00,31339,Project Zomboid,556,24,23.2,5.5,265,0.477,134,21,6.4,17
2026-09-13T19:42:34+00:00,518630,Manor Lords,534,2,267.0,267.0,528,0.989,0,0,0,1
2026-09-13T19:42:34+00:00,1282866981,Delta Force,521,22,23.7,1.0,432,0.829,32,19,1.7,19
2026-09-13T19:42:34+00:00,512998,The Legend of Zelda: Tears of the Kingdom,488,4,122.0,4.5,477,0.977,2,1,2.0,3
2026-09-13T19:42:34+00:00,2126767263,StarRupture,484,4,121.0,1.5,481,0.994,0,1,0.0,3
2026-09-13T19:42:34+00:00,498566,Slots,484,2,242.0,242.0,243,0.502,0,0,0,0
2026-09-13T19:42:34+00:00,30921,Rocket League,479,128,3.7,1.0,72,0.15,357,125,2.9,115
2026-09-13T19:42:34+00:00,493959,Red Dead Redemption II,474,52,9.1,4.5,71,0.15,289,49,5.9,41
2026-09-13T19:42:34+00:00,778386489,The Last of Us Part I,460,6,76.7,8.5,423,0.92,9,3,3.0,3
2026-09-13T19:42:34+00:00,1313351584,Football Manager 26,438,9,48.7,5,306,0.699,26,6,4.3,5
2026-09-13T19:42:34+00:00,967107115,BrokenLore: DON’T LIE,429,1,429.0,429,429,1.0,0,0,0,0
2026-09-13T19:42:34+00:00,489405,Dragon Ball Z: Dokkan Battle,423,9,47.0,4,257,0.608,15,6,2.5,6
2026-09-13T19:42:34+00:00,630009802,MARVEL TŌKON: Fighting Souls,416,3,138.7,2,412,0.99,0,0,0,2
2026-09-13T19:42:34+00:00,66366,War Thunder,411,17,24.2,3,353,0.859,36,14,2.6,15
2026-09-13T19:42:34+00:00,513181,Genshin Impact,408,18,22.7,3.0,195,0.478,65,15,4.3,13
2026-09-13T19:42:34+00:00,602040818,NBA 2K27,398,28,14.2,2.0,135,0.339,107,25,4.3,23
2026-09-13T19:42:34+00:00,458641,Uncharted 4: A Thief's End,387,2,193.5,193.5,384,0.992,0,0,0,1
2026-09-13T19:42:34+00:00,902998079,Halloween: The Game,384,38,10.1,2.0,80,0.208,179,35,5.1,29
2026-09-13T19:42:34+00:00,491168,Clash Royale,373,7,53.3,24,147,0.394,30,4,7.5,3
2026-09-13T19:42:34+00:00,1264310518,Marvel Rivals,372,42,8.9,2.0,109,0.293,142,39,3.6,34
2026-09-13T19:42:34+00:00,1966055328,Fears to Fathom - Scratch Creek,348,1,348.0,348,348,1.0,0,0,0,0
2026-09-13T19:42:34+00:00,344035090,Kingdom Come: Deliverance II,344,7,49.1,1,334,0.971,4,4,1.0,6
2026-09-13T19:42:34+00:00,1337444628,Call of Duty: Modern Warfare III,343,10,34.3,2.0,242,0.706,9,7,1.3,8
2026-09-13T19:42:34+00:00,1494,Call of Duty,343,193,1.8,1,54,0.157,257,190,1.4,188
2026-09-13T19:42:34+00:00,676802825,Big Walk,340,34,10.0,3.0,158,0.465,119,31,3.8,30
2026-09-13T19:42:34+00:00,2060730947,Le Mans Ultimate,338,25,13.5,5,92,0.272,124,22,5.6,16
2026-09-13T19:42:34+00:00,263490,Rust,337,11,30.6,1,238,0.706,14,8,1.8,9
2026-09-13T19:42:34+00:00,509659,ASMR,329,3,109.7,134,193,0.587,0,0,0,1
2026-09-13T19:42:34+00:00,458781,No Man's Sky,311,26,12.0,2.0,126,0.405,92,23,4.0,20
2026-09-13T19:42:34+00:00,2013539540,Blue Prince,310,3,103.3,18,286,0.923,0,0,0,1
2026-09-13T19:42:34+00:00,518184,Phasmophobia,310,51,6.1,3,58,0.187,210,48,4.4,43
2026-09-13T19:42:34+00:00,624536948,EA Sports FC 26,301,132,2.3,1.0,29,0.096,238,129,1.8,126
2026-09-13T19:42:34+00:00,313444,Crypt of the NecroDancer,295,1,295.0,295,295,1.0,0,0,0,0
2026-09-13T19:42:34+00:00,1890194721,Denshattack!,292,1,292.0,292,292,1.0,0,0,0,0
2026-09-13T19:42:34+00:00,1954784138,Final Fantasy Resonance,285,4,71.2,9.0,264,0.926,3,1,3.0,2
2026-09-13T19:42:34+00:00,464339927,ARC Raiders,279,35,8.0,2,72,0.258,150,32,4.7,26
2026-09-13T19:42:34+00:00,13389,Age of Empires II,269,4,67.2,38.5,190,0.706,2,1,2.0,1
2026-09-13T19:42:34+00:00,1826300051,Mario Kart World,269,27,10.0,4,58,0.216,137,24,5.7,18
2026-09-13T19:42:34+00:00,492553,Sid Meier's Civilization VI,268,4,67.0,40.5,170,0.634,17,1,17.0,0
2026-09-13T19:42:34+00:00,27546,World of Tanks,258,8,32.2,3.0,236,0.915,11,5,2.2,7
2026-09-13T19:42:34+00:00,66170,Warframe,253,17,14.9,3,186,0.735,39,14,2.8,15
2026-09-13T19:42:34+00:00,509660,Art,251,26,9.7,4.0,40,0.159,137,23,6.0,18
2026-09-13T19:42:34+00:00,93798731,F1 25,246,67,3.7,1,87,0.354,128,64,2.0,61
2026-09-13T19:42:34+00:00,21136,WAKFU,245,3,81.7,5,238,0.971,0,0,0,2
2026-09-13T19:42:34+00:00,24241,FINAL FANTASY XIV ONLINE,243,50,4.9,3.0,30,0.123,171,47,3.6,43
2026-09-13T19:42:34+00:00,493174,Jackbox Party Packs,237,1,237.0,237,237,1.0,0,0,0,0
2026-09-13T19:42:34+00:00,687129551,Trackmania,228,2,114.0,114.0,225,0.987,0,0,0,1
2026-09-13T19:42:34+00:00,961311546,Shroom and Gloom,223,4,55.8,11.5,199,0.892,1,1,1.0,2
2026-09-13T19:42:34+00:00,1294658629,R.E.P.O.,218,36,6.1,3.5,28,0.128,149,33,4.5,29
2026-09-13T19:42:34+00:00,456845141,Zenless Zone Zero,217,8,27.1,8.5,129,0.594,22,5,4.4,4
2026-09-13T19:42:34+00:00,1898040946,How to Fish,217,25,8.7,2,122,0.562,62,22,2.8,23
2026-09-13T19:42:34+00:00,493057,PUBG: BATTLEGROUNDS,217,21,10.3,2,85,0.392,58,18,3.2,17
2026-09-13T19:42:34+00:00,1441208453,Once Human,210,55,3.8,3,43,0.205,143,52,2.8,52
2026-09-13T19:42:34+00:00,1584836809,Schedule I,199,5,39.8,1,196,0.985,1,2,0.5,4
2026-09-13T19:42:34+00:00,11557,The Legend of Zelda: Ocarina of Time,188,13,14.5,5,67,0.356,48,10,4.8,9
2026-09-13T19:42:34+00:00,460630,Rainbow Six Siege,187,55,3.4,1,59,0.316,95,52,1.8,53
2026-09-13T19:42:34+00:00,1286077738,Monster Hunter Wilds,183,19,9.6,2,65,0.355,64,16,4.0,14
2026-09-13T19:42:34+00:00,1931693784,Pokémon Champions,178,5,35.6,15,102,0.573,13,2,6.5,2
2026-09-13T19:42:34+00:00,327598602,Onimusha: Way of the Sword,177,44,4.0,2.0,48,0.271,90,41,2.2,42
2026-09-13T19:42:34+00:00,497497,Brawl Stars,172,11,15.6,4,124,0.721,24,8,3.0,8
2026-09-13T19:42:34+00:00,508798,Warhammer,171,4,42.8,9.5,151,0.883,1,1,1.0,2
2026-09-13T19:42:34+00:00,489111,Summoners War: Sky Arena,171,8,21.4,5.5,83,0.485,16,5,3.2,5
2026-09-13T19:42:34+00:00,369418,GeoGuessr,171,43,4.0,3,18,0.105,130,40,3.2,40
2026-09-13T19:42:34+00:00,515186,Crimson Desert,164,18,9.1,1.0,133,0.811,17,15,1.1,16
2026-09-13T19:42:34+00:00,168648543,Battlefield 6,164,30,5.5,1.0,100,0.61,43,27,1.6,28
2026-09-13T19:42:34+00:00,491931,Escape from Tarkov,160,13,12.3,2,129,0.806,17,10,1.7,11
2026-09-13T19:42:34+00:00,1702520304,Path of Exile 2,156,13,12.0,3,53,0.34,32,10,3.2,9
2026-09-13T19:42:34+00:00,457551837,the cabin game,155,4,38.8,28.5,79,0.51,19,1,19.0,0
2026-09-13T19:42:34+00:00,490959,Zwift,151,1,151.0,151,151,1.0,0,0,0,0
2026-09-13T19:42:34+00:00,492778073,Call of Duty: Vanguard,148,2,74.0,74.0,147,0.993,0,0,0,1
2026-09-13T19:42:34+00:00,743,Chess,147,8,18.4,2.5,124,0.844,7,5,1.4,6
2026-09-13T19:42:34+00:00,500188,Hunt: Showdown 1896,147,23,6.4,3,26,0.177,81,20,4.0,17
2026-09-13T19:42:34+00:00,1597660489,RESIDENT EVIL: requiem,146,10,14.6,5.0,70,0.479,22,7,3.1,7
2026-09-13T19:42:34+00:00,448844017,Uncrashed: FPV Drone Simulator,140,1,140.0,140,140,1.0,0,0,0,0
2026-09-13T19:42:34+00:00,772157971,Writing & Reading,133,6,22.2,12.0,62,0.466,23,3,7.7,3
2026-09-13T19:42:34+00:00,262437666,Farming Simulator 25,124,16,7.8,2.0,70,0.565,26,13,2.0,13
2026-09-13T19:42:34+00:00,1751366933,Riftbound,121,2,60.5,60.5,115,0.95,0,0,0,1
2026-09-13T19:42:34+00:00,852009328,Mistfall Hunter,118,2,59.0,59.0,98,0.831,0,0,0,0
2026-09-13T19:42:34+00:00,31750,Arma 3,118,7,16.9,9,44,0.373,18,4,4.5,4
2026-09-13T19:42:34+00:00,376500771,Hades II,117,9,13.0,4,76,0.65,16,6,2.7,7
2026-09-13T19:42:34+00:00,19745,Pokémon Platinum Version,116,2,58.0,58.0,108,0.931,0,0,0,1
2026-09-13T19:42:34+00:00,495811,SCUM,112,7,16.0,6,83,0.741,13,4,3.2,6
2026-09-13T19:42:34+00:00,509538,Animal Crossing: New Horizons,112,4,28.0,21.5,62,0.554,7,1,7.0,1
2026-09-13T19:42:34+00:00,26559,Batman: Arkham City,111,2,55.5,55.5,107,0.964,0,0,0,1
2026-09-13T19:42:34+00:00,491381,Golf With Your Friends,110,2,55.0,55.0,107,0.973,0,0,0,1
2026-09-13T19:42:34+00:00,71375,Star Citizen,110,6,18.3,2.5,98,0.891,4,3,1.3,5
2026-09-13T19:42:34+00:00,538054672,TEKKEN 8,105,10,10.5,6.5,51,0.486,28,7,4.0,8
2026-09-13T19:42:34+00:00,509670,Science & Technology,104,5,20.8,1,92,0.885,2,2,1.0,4
2026-09-13T19:42:34+00:00,2692,Super Mario 64,103,6,17.2,11.5,61,0.592,9,3,3.0,3
2026-09-13T19:42:34+00:00,73914,Clash of Clans,102,1,102.0,102,102,1.0,0,0,0,0
2026-09-13T19:42:34+00:00,666511413,The Crew: Motorfest,102,4,25.5,9.0,82,0.804,2,1,2.0,2
2026-09-13T19:42:34+00:00,516173984,Cult of the Lamb,101,3,33.7,4,95,0.941,0,0,0,2
2026-09-13T19:42:34+00:00,951949934,The Sinking City 2,100,1,100.0,100,100,1.0,0,0,0,0
2026-09-13T20:12:34+00:00,509658,Just Chatting,86440,395,218.8,8,37321,0.432,34490,392,88.0,213
2026-09-13T20:12:34+00:00,32982,Grand Theft Auto V,42011,758,55.4,3.0,14053,0.335,23575,755,31.2,584
2026-09-13T20:12:34+00:00,516575,VALORANT,16887,597,28.3,2,8029,0.475,4480,594,7.5,539
2026-09-13T20:12:34+00:00,743893402,WARDOGS,14159,150,94.4,2.0,5177,0.366,3306,147,22.5,114
2026-09-13T20:12:34+00:00,1429246898,A Weird Game About Sausage,13234,1,13234.0,13234,13234,1.0,0,0,0,0
2026-09-13T20:12:34+00:00,21779,League of Legends,9224,287,32.1,2,1644,0.178,5112,284,18.0,238
2026-09-13T20:12:34+00:00,55453844,Street Fighter 6,7958,5,1591.6,6,7264,0.913,2,2,1.0,3
2026-09-13T20:12:34+00:00,18122,World of Warcraft,7747,256,30.3,3.0,1107,0.143,4751,253,18.8,203
2026-09-13T20:12:34+00:00,515025,Overwatch,6957,113,61.6,2,3960,0.569,923,110,8.4,91
2026-09-13T20:12:34+00:00,509672,IRL,6573,17,386.6,81,2583,0.393,1669,14,119.2,6
2026-09-13T20:12:34+00:00,508455,Valheim,5698,88,64.8,3.0,5143,0.903,409,85,4.8,76
2026-09-13T20:12:34+00:00,33214,Fortnite,5263,332,15.9,1.0,1060,0.201,2591,329,7.9,301
2026-09-13T20:12:34+00:00,511224,Apex Legends,4234,100,42.3,2.0,2609,0.616,967,97,10.0,91
2026-09-13T20:12:34+00:00,512923,Baldur's Gate 3,4161,19,219.0,3,4109,0.988,39,16,2.4,18
2026-09-13T20:12:34+00:00,512710,Call of Duty: Warzone,3807,169,22.5,2,1468,0.386,1156,166,7.0,153
2026-09-13T20:12:34+00:00,518203,Sports,3204,15,213.6,18,1639,0.512,243,12,20.2,6
2026-09-13T20:12:34+00:00,1669431183,DJs,3150,7,450.0,8,3062,0.972,21,4,5.2,4
2026-09-13T20:12:34+00:00,138585,Hearthstone,2964,11,269.5,6,2499,0.843,31,8,3.9,8
2026-09-13T20:12:34+00:00,27471,Minecraft,2883,216,13.3,2.0,1466,0.508,799,213,3.8,203
2026-09-13T20:12:34+00:00,570615518,Resonance: A Plague Tale Legacy,2417,16,151.1,2.5,2365,0.978,31,13,2.4,13
2026-09-13T20:12:34+00:00,1714438563,VHOLUME,2396,2,1198.0,1198.0,2394,0.999,0,0,0,1
2026-09-13T20:12:34+00:00,20596,Dofus,2238,51,43.9,6,650,0.29,939,48,19.6,30
2026-09-13T20:12:34+00:00,1763263,nanos world,2095,45,46.6,4,698,0.333,911,42,21.7,30
2026-09-13T20:12:34+00:00,1075816708,Serve or Die,1730,1,1730.0,1730,1730,1.0,0,0,0,0
2026-09-13T20:12:34+00:00,1168459646,SPAM,1693,1,1693.0,1693,1693,1.0,0,0,0,0
2026-09-13T20:12:34+00:00,1050003477,The Elder Scrolls V: Skyrim - Special Edition,1661,40,41.5,5.5,849,0.511,406,37,11.0,23
2026-09-13T20:12:34+00:00,32399,Counter-Strike,1654,98,16.9,2.0,370,0.224,699,95,7.4,87
2026-09-13T20:12:34+00:00,23020,ROBLOX,1443,103,14.0,1,1155,0.8,212,100,2.1,98
2026-09-13T20:12:34+00:00,1913410799,Total War: WARHAMMER III,1296,7,185.1,7,938,0.724,13,4,3.2,4
2026-09-13T20:12:34+00:00,493959,Red Dead Redemption II,1184,55,21.5,4,613,0.518,407,52,7.8,40
2026-09-13T20:12:34+00:00,513143,Teamfight Tactics,1076,24,44.8,2.5,472,0.439,90,21,4.3,19
2026-09-13T20:12:34+00:00,1357871551,The Blood of Dawnwalker,1071,74,14.5,2.0,357,0.333,440,71,6.2,62
2026-09-13T20:12:34+00:00,491487,Dead by Daylight,1042,107,9.7,4,296,0.284,591,104,5.7,89
2026-09-13T20:12:34+00:00,512953,ELDEN RING,1038,61,17.0,2,549,0.529,277,58,4.8,51
2026-09-13T20:12:34+00:00,1122982998,Dark Souls: Remastered,1035,2,517.5,517.5,1033,0.998,0,0,0,1
2026-09-13T20:12:34+00:00,0,Sans catégorie,991,153,6.5,1,353,0.356,290,150,1.9,149
2026-09-13T20:12:34+00:00,65632,DayZ,929,32,29.0,1.5,480,0.517,86,29,3.0,27
2026-09-13T20:12:34+00:00,26936,Music,922,18,51.2,5.5,499,0.541,85,15,5.7,12
2026-09-13T20:12:34+00:00,509663,Special Events,908,15,60.5,31,405,0.446,286,12,23.8,6
2026-09-13T20:12:34+00:00,417892,Z1: Battle Royale,886,13,68.2,6,397,0.448,53,10,5.3,9
2026-09-13T20:12:34+00:00,27284,Retro,861,16,53.8,5.5,624,0.725,69,13,5.3,12
2026-09-13T20:12:34+00:00,518630,Manor Lords,832,2,416.0,416.0,828,0.995,0,0,0,1
2026-09-13T20:12:34+00:00,499973,Always On,828,20,41.4,2.5,727,0.878,56,17,3.3,16
2026-09-13T20:12:34+00:00,509659,ASMR,822,9,91.3,61,268,0.326,250,6,41.7,1
2026-09-13T20:12:34+00:00,569377921,Truck-kun is Supporting Me from Another World?!,820,1,820.0,820,820,1.0,0,0,0,0
2026-09-13T20:12:34+00:00,510218,Among Us,784,12,65.3,8.0,589,0.751,88,9,9.8,7
2026-09-13T20:12:34+00:00,489405,Dragon Ball Z: Dokkan Battle,757,10,75.7,18.0,285,0.376,114,7,16.3,4
2026-09-13T20:12:34+00:00,18846,Garry's Mod,746,44,17.0,3.5,203,0.272,347,41,8.5,33
2026-09-13T20:12:34+00:00,490422,StarCraft II,677,6,112.8,2.5,664,0.981,3,3,1.0,5
2026-09-13T20:12:34+00:00,490377,Sea of Thieves,656,27,24.3,2,409,0.623,87,24,3.6,23
2026-09-13T20:12:34+00:00,866287127,Welcome to Elderfield,646,1,646.0,646,646,1.0,0,0,0,0
2026-09-13T20:12:34+00:00,30921,Rocket League,605,140,4.3,1.5,106,0.175,422,137,3.1,128
2026-09-13T20:12:34+00:00,506454,Super Mario Party,603,1,603.0,603,603,1.0,0,0,0,0
2026-09-13T20:12:34+00:00,417752,Talk Shows & Podcasts,587,8,73.4,3.5,385,0.656,10,5,2.0,5
2026-09-13T20:12:34+00:00,417528,Albion Online,546,10,54.6,4.0,298,0.546,22,7,3.1,7
2026-09-13T20:12:34+00:00,31339,Project Zomboid,521,18,28.9,8.0,256,0.491,136,15,9.1,10
2026-09-13T20:12:34+00:00,498566,Slots,507,3,169.0,245,261,0.515,0,0,0,1
2026-09-13T20:12:34+00:00,491168,Clash Royale,485,7,69.3,80,177,0.365,108,4,27.0,2
2026-09-13T20:12:34+00:00,2126767263,StarRupture,479,4,119.8,1.5,476,0.994,0,1,0.0,3
2026-09-13T20:12:34+00:00,1313351584,Football Manager 26,475,9,52.8,5,350,0.737,20,6,3.3,6
2026-09-13T20:12:34+00:00,512998,The Legend of Zelda: Tears of the Kingdom,464,4,116.0,5.0,451,0.972,3,1,3.0,3
2026-09-13T20:12:34+00:00,602040818,NBA 2K27,464,31,15.0,2,130,0.28,142,28,5.1,26
2026-09-13T20:12:34+00:00,66366,War Thunder,446,11,40.5,4,390,0.874,21,8,2.6,8
2026-09-13T20:12:34+00:00,778386489,The Last of Us Part I,434,8,54.2,2.5,410,0.945,9,5,1.8,7
2026-09-13T20:12:34+00:00,513181,Genshin Impact,427,25,17.1,4,195,0.457,95,22,4.3,20
2026-09-13T20:12:34+00:00,66082,Games + Demos,427,53,8.1,1,184,0.431,102,50,2.0,47
2026-09-13T20:12:34+00:00,12924,Warcraft III,422,10,42.2,3.5,343,0.813,19,7,2.7,7
2026-09-13T20:12:34+00:00,1282866981,Delta Force,421,22,19.1,1.0,381,0.905,29,19,1.5,21
2026-09-13T20:12:34+00:00,902998079,Halloween: The Game,408,39,10.5,2,81,0.199,205,36,5.7,31
2026-09-13T20:12:34+00:00,1264310518,Marvel Rivals,394,36,10.9,2.0,109,0.277,169,33,5.1,29
2026-09-13T20:12:34+00:00,509511,Marbles on Stream,378,2,189.0,189.0,313,0.828,0,0,0,0
2026-09-13T20:12:34+00:00,344035090,Kingdom Come: Deliverance II,351,7,50.1,1,340,0.969,4,4,1.0,6
2026-09-13T20:12:34+00:00,624536948,EA Sports FC 26,349,147,2.4,1,46,0.132,269,144,1.9,143
2026-09-13T20:12:34+00:00,1337444628,Call of Duty: Modern Warfare III,334,11,30.4,2,229,0.686,12,8,1.5,9
2026-09-13T20:12:34+00:00,515024,Diablo IV,322,12,26.8,2.5,207,0.643,40,9,4.4,7
2026-09-13T20:12:34+00:00,458641,Uncharted 4: A Thief's End,317,2,158.5,158.5,314,0.991,0,0,0,1
2026-09-13T20:12:34+00:00,263490,Rust,311,12,25.9,3.5,186,0.598,25,9,2.8,10
2026-09-13T20:12:34+00:00,518184,Phasmophobia,311,50,6.2,3.0,63,0.203,201,47,4.3,41
2026-09-13T20:12:34+00:00,1494,Call of Duty,310,202,1.5,1.0,56,0.181,235,199,1.2,200
2026-09-13T20:12:34+00:00,2013539540,Blue Prince,307,2,153.5,153.5,299,0.974,0,0,0,1
2026-09-13T20:12:34+00:00,1966055328,Fears to Fathom - Scratch Creek,306,2,153.0,153.0,305,0.997,0,0,0,1
2026-09-13T20:12:34+00:00,489401,Call of Duty: Black Ops III,303,6,50.5,4.5,257,0.848,4,3,1.3,4
2026-09-13T20:12:34+00:00,458781,No Man's Sky,297,26,11.4,2.5,157,0.529,90,23,3.9,21
2026-09-13T20:12:34+00:00,24241,FINAL FANTASY XIV ONLINE,291,59,4.9,2,29,0.1,216,56,3.9,51
2026-09-13T20:12:34+00:00,676802825,Big Walk,282,33,8.5,2,140,0.496,96,30,3.2,28
2026-09-13T20:12:34+00:00,509660,Art,278,27,10.3,4,104,0.374,121,24,5.0,20
2026-09-13T20:12:34+00:00,492553,Sid Meier's Civilization VI,277,4,69.2,45.5,173,0.625,13,1,13.0,0
2026-09-13T20:12:34+00:00,1954784138,Final Fantasy Resonance,261,5,52.2,3,247,0.946,3,2,1.5,4
2026-09-13T20:12:34+00:00,2012789438,Call of Duty: Black Ops 7,260,40,6.5,2.0,157,0.604,63,37,1.7,38
2026-09-13T20:12:34+00:00,21136,WAKFU,255,4,63.8,7.5,240,0.941,0,1,0.0,2
2026-09-13T20:12:34+00:00,1826300051,Mario Kart World,254,22,11.5,8.0,70,0.276,136,19,7.2,13
2026-09-13T20:12:34+00:00,13389,Age of Empires II,253,3,84.3,34,217,0.858,0,0,0,1
2026-09-13T20:12:34+00:00,687129551,Trackmania,250,5,50.0,4,233,0.932,3,2,1.5,3
2026-09-13T20:12:34+00:00,27546,World of Tanks,249,6,41.5,1.5,238,0.956,3,3,1.0,5
2026-09-13T20:12:34+00:00,313444,Crypt of the NecroDancer,246,1,246.0,246,246,1.0,0,0,0,0
2026-09-13T20:12:34+00:00,168648543,Battlefield 6,246,31,7.9,1,119,0.484,84,28,3.0,26
2026-09-13T20:12:34+00:00,493174,Jackbox Party Packs,245,1,245.0,245,245,1.0,0,0,0,0
2026-09-13T20:12:34+00:00,2060730947,Le Mans Ultimate,244,23,10.6,4,83,0.34,97,20,4.8,16
2026-09-13T20:12:34+00:00,743,Chess,242,8,30.2,3.5,188,0.777,11,5,2.2,6
2026-09-13T20:12:34+00:00,464339927,ARC Raiders,240,34,7.1,2.0,59,0.246,129,31,4.2,27
2026-09-13T20:12:34+00:00,66170,Warframe,238,15,15.9,3,186,0.782,36,12,3.0,14
2026-09-13T20:12:34+00:00,93798731,F1 25,224,61,3.7,1,89,0.397,100,58,1.7,56
2026-09-13T20:12:34+00:00,1898040946,How to Fish,211,23,9.2,3,117,0.555,63,20,3.1,21
2026-09-13T20:12:34+00:00,1441208453,Once Human,209,53,3.9,2,41,0.196,141,50,2.8,50
2026-09-13T20:12:34+00:00,961311546,Shroom and Gloom,201,3,67.0,15,185,0.92,0,0,0,1
2026-09-13T20:12:34+00:00,460630,Rainbow Six Siege,185,58,3.2,1.0,32,0.173,121,55,2.2,53
2026-09-13T20:12:34+00:00,456845141,Zenless Zone Zero,184,4,46.0,21.5,139,0.755,2,1,2.0,2
2026-09-13T20:12:34+00:00,369418,GeoGuessr,181,41,4.4,3,16,0.088,140,38,3.7,37
2026-09-13T20:12:34+00:00,262437666,Farming Simulator 25,180,22,8.2,4.0,68,0.378,71,19,3.7,18
2026-09-13T20:12:34+00:00,508798,Warhammer,175,3,58.3,20,153,0.874,0,0,0,1
2026-09-13T20:12:34+00:00,1597660489,RESIDENT EVIL: requiem,170,11,15.5,6,83,0.488,29,8,3.6,8
2026-09-13T20:12:34+00:00,492934,RESIDENT EVIL 7 biohazard,169,4,42.2,5.0,158,0.935,1,1,1.0,3
2026-09-13T20:12:34+00:00,515186,Crimson Desert,166,19,8.7,1,135,0.813,22,16,1.4,18
2026-09-13T20:12:34+00:00,23857,Pokémon HeartGold/SoulSilver,166,6,27.7,9.0,82,0.494,6,3,2.0,3
2026-09-13T20:12:34+00:00,1294658629,R.E.P.O.,162,31,5.2,4,23,0.142,108,28,3.9,26
2026-09-13T20:12:34+00:00,491931,Escape from Tarkov,161,18,8.9,1.5,116,0.72,23,15,1.5,16
2026-09-13T20:12:34+00:00,1931693784,Pokémon Champions,157,6,26.2,10.5,76,0.484,15,3,5.0,3
2026-09-13T20:12:34+00:00,493057,PUBG: BATTLEGROUNDS,155,15,10.3,2,96,0.619,38,12,3.2,13
2026-09-13T20:12:34+00:00,498482,Age of Empires IV,154,3,51.3,12,140,0.909,0,0,0,1
2026-09-13T20:12:34+00:00,71375,Star Citizen,153,11,13.9,3,122,0.797,18,8,2.2,10
2026-09-13T20:12:34+00:00,497497,Brawl Stars,153,8,19.1,2.0,123,0.804,8,5,1.6,6
2026-09-13T20:12:34+00:00,1544653089,Mimic Party,151,8,18.9,4.5,105,0.695,15,5,3.0,6
2026-09-13T20:12:34+00:00,500188,Hunt: Showdown 1896,150,22,6.8,2.5,29,0.193,81,19,4.3,16
2026-09-13T20:12:34+00:00,489111,Summoners War: Sky Arena,145,3,48.3,18,116,0.8,0,0,0,0
2026-09-13T20:12:34+00:00,1286077738,Monster Hunter Wilds,128,13,9.8,1,56,0.438,30,10,3.0,9
2026-09-13T20:12:34+00:00,516173984,Cult of the Lamb,122,4,30.5,8.5,101,0.828,4,1,4.0,2
2026-09-13T20:12:34+00:00,376500771,Hades II,121,10,12.1,4.0,71,0.587,24,7,3.4,7
2026-09-13T20:12:34+00:00,31750,Arma 3,121,11,11.0,3,40,0.331,30,8,3.8,8
2026-09-13T20:12:34+00:00,490655,Pokémon GO,118,4,29.5,18.0,82,0.695,0,1,0.0,2
2026-09-13T20:12:34+00:00,1702520304,Path of Exile 2,117,7,16.7,5,52,0.444,8,4,2.0,4
2026-09-13T20:12:34+00:00,1312214340,Stumble Guys,116,2,58.0,58.0,107,0.922,0,0,0,1
2026-09-13T20:12:34+00:00,512980,Fall Guys,115,6,19.2,13.0,60,0.522,7,3,2.3,3
2026-09-13T20:12:34+00:00,538054672,TEKKEN 8,113,11,10.3,4,67,0.593,22,8,2.8,9
2026-09-13T20:12:34+00:00,1081998272,PEAK,113,19,5.9,3,30,0.265,52,16,3.2,16
2026-09-13T20:12:34+00:00,495811,SCUM,111,4,27.8,8.0,90,0.811,5,1,5.0,3
2026-09-13T20:12:34+00:00,852009328,Mistfall Hunter,109,3,36.3,9,97,0.89,0,0,0,2
2026-09-13T20:12:34+00:00,1780220882,Unreal Tournament,108,1,108.0,108,108,1.0,0,0,0,0
2026-09-13T20:12:34+00:00,492778073,Call of Duty: Vanguard,108,2,54.0,54.0,107,0.991,0,0,0,1
2026-09-13T20:12:34+00:00,509670,Science & Technology,107,5,21.4,1,97,0.907,2,2,1.0,4
2026-09-13T20:12:34+00:00,26559,Batman: Arkham City,106,3,35.3,4,99,0.934,0,0,0,2
2026-09-13T20:12:34+00:00,457551837,the cabin game,104,2,52.0,52.0,73,0.702,0,0,0,0
2026-09-13T20:12:34+00:00,772157971,Writing & Reading,103,3,34.3,34,60,0.583,0,0,0,1
2026-09-13T20:12:34+00:00,674491029,Star Wars Zero Company,102,8,12.8,8.5,45,0.441,22,5,4.4,4
2026-09-13T20:12:34+00:00,327598602,Onimusha: Way of the Sword,102,42,2.4,1.0,29,0.284,55,39,1.4,40
2026-09-13T20:12:34+00:00,491381,Golf With Your Friends,101,2,50.5,50.5,96,0.95,0,0,0,1
2026-09-13T20:12:34+00:00,2692,Super Mario 64,100,8,12.5,5.0,51,0.51,13,5,2.6,5
